{
    "account": "@50cent",
    "type": "Rap",
    "tweets": [
        {
            "date": "2022-01-16 03:24:03+00:00",
            "tweet_raw": "\ud83d\udd25 @Lilzanesworld2 back on his shit, check him out! @bransoncognac @lecheminduroi https://t.co/6dtiUOsMyx",
            "tweet": "\ud83d\udd25  back on his shit, check him out!   "
        },
        {
            "date": "2021-12-06 02:08:07+00:00",
            "tweet_raw": "I got some New heat coming, whether they like it or not The Under Dog On Top! GLG\ud83d\udea6GreenLightGang #bransoncognac #lecheminduroi https://t.co/vYJ3d6rzdC",
            "tweet": "i got some new heat coming, whether they like it or not the under dog on top! glg\ud83d\udea6greenlightgang   "
        },
        {
            "date": "2022-01-06 17:14:56+00:00",
            "tweet_raw": "Texas! It\u2019s going down Friday January 14th at the Harker Heights Event Center with @DCYOUNGFLY for the Pop Up Comedy Series! Get Your Tickets Now \u2022 https://t.co/F4rO7BVO5l\n\n#bransoncognac #lecheminduroi https://t.co/yWjsdWiCRa",
            "tweet": "texas! it\u2019s going down friday january 14th at the harker heights event center with  for the pop up comedy series! get your tickets now \u2022 \n\n  "
        },
        {
            "date": "2022-04-18 12:59:06+00:00",
            "tweet_raw": "Rest In Peace K slay God bless you . \ud83d\udd4a#bransoncognac #lecheminduroi https://t.co/PGAclHnYHc",
            "tweet": "rest in peace k slay god bless you . \ud83d\udd4a  "
        },
        {
            "date": "2021-12-04 14:08:17+00:00",
            "tweet_raw": "catch GHOST we lit \ud83d\udd25GLG \ud83d\udea6GreenLightGang if you already seen it tell me what your thinking? #bransoncognac #lecheminduroi https://t.co/BDNYigv72q",
            "tweet": "catch ghost we lit \ud83d\udd25glg \ud83d\udea6greenlightgang if you already seen it tell me what your thinking?   "
        },
        {
            "date": "2022-01-24 17:50:21+00:00",
            "tweet_raw": "FORCE FEB 6 it\u2019s lit @JosephSikora4 back on his bullshit. #bransoncognac #lecheminduroi https://t.co/haXQ0W0jnU",
            "tweet": "force feb 6 it\u2019s lit  back on his bullshit.   "
        },
        {
            "date": "2022-02-15 16:12:32+00:00",
            "tweet_raw": "Get your G-Unit Tanktops &amp; Headbands Now \u2022 https://t.co/XA6LsFIIF5\n\n#GUnit https://t.co/8HbrRG8kNH",
            "tweet": "get your g-unit tanktops &amp; headbands now \u2022 \n\n "
        },
        {
            "date": "2021-11-19 11:38:06+00:00",
            "tweet_raw": "\ud83d\udc40oh shit, \ud83d\ude33wait what did i miss. @bransoncognac @lecheminduroi https://t.co/BVsCEAiwvQ",
            "tweet": "\ud83d\udc40oh shit, \ud83d\ude33wait what did i miss.   "
        },
        {
            "date": "2022-04-26 00:51:08+00:00",
            "tweet_raw": "Tel Aviv, Israel!! Almost everything is sold out! Don\u2019t miss out on getting your tickets in Tel Aviv before it\u2019s too late \u2022 https://t.co/iXGw82Eqtl\n \n#GUnit https://t.co/6xpraEQ3v4",
            "tweet": "tel aviv, israel!! almost everything is sold out! don\u2019t miss out on getting your tickets in tel aviv before it\u2019s too late \u2022 \n \n "
        },
        {
            "date": "2021-11-28 14:09:48+00:00",
            "tweet_raw": "Get your POWER GHOST Hoodies today \u2022 https://t.co/09fdHDJJRS https://t.co/jlbVcvF78o",
            "tweet": "get your power ghost hoodies today \u2022  "
        },
        {
            "date": "2022-01-16 15:06:23+00:00",
            "tweet_raw": "We are trending #7  world wide check out GHOST then watch the new FORCE theme video.  #bransoncognac #lecheminduroi https://t.co/FmCbsUPpfJ",
            "tweet": "we are trending   world wide check out ghost then watch the new force theme video.    "
        },
        {
            "date": "2021-11-18 21:28:56+00:00",
            "tweet_raw": "Yeah and another one \ud83d\udea6Green Light Gang  \ud83d\udca3Boom\ud83d\udca8 #bransoncognac #lecheminduroi https://t.co/zgOvFrkAns",
            "tweet": "yeah and another one \ud83d\udea6green light gang  \ud83d\udca3boom\ud83d\udca8   "
        },
        {
            "date": "2021-10-24 12:10:43+00:00",
            "tweet_raw": "so what\u2019s up what do you think of BMF\ud83d\udd25 https://t.co/707n9Koc1t",
            "tweet": "so what\u2019s up what do you think of bmf\ud83d\udd25 "
        },
        {
            "date": "2021-11-17 03:36:06+00:00",
            "tweet_raw": "I\u2019m gonna turn it up too, @SnoopDogg wait till they see what I have coming this year \ud83e\udd26\u200d\u2642\ufe0f\ud83d\udea6Green Light Gang \ud83c\udfaf nothing but hits #bransoncognac #lecheminduroi https://t.co/doHsuSDK7d",
            "tweet": "i\u2019m gonna turn it up too,  wait till they see what i have coming this year \ud83e\udd26\u200d\u2642\ufe0f\ud83d\udea6green light gang \ud83c\udfaf nothing but hits   "
        },
        {
            "date": "2022-01-07 15:28:01+00:00",
            "tweet_raw": "If the women you are with Understands this you might catch a DV so run get a order of protection, \ud83e\udd28you know just in case. LOL #bransoncognac #lecheminduroi https://t.co/3oZZuZd9SQ",
            "tweet": "if the women you are with understands this you might catch a dv so run get a order of protection, \ud83e\udd28you know just in case. lol   "
        },
        {
            "date": "2022-01-10 15:17:28+00:00",
            "tweet_raw": "FORCE is gonna break all the records! Don\u2019t Miss it February 6th, 9pm on @STARZ . This show is outta here \ud83d\ude80 @JosephSikora4 \n\n#bransoncognac #lecheminduroi #powerneverends https://t.co/0bUpeRkMg2",
            "tweet": "force is gonna break all the records! don\u2019t miss it february 6th, 9pm on  . this show is outta here \ud83d\ude80  \n\n   "
        },
        {
            "date": "2022-03-18 18:29:08+00:00",
            "tweet_raw": "They was showing people on the jumbo screen and the girl just turned around and started twerking. that shit made my day \ud83d\ude06LOL \u2022 https://t.co/jnbpt4Vpb3 https://t.co/3PpZT3E9b4",
            "tweet": "they was showing people on the jumbo screen and the girl just turned around and started twerking. that shit made my day \ud83d\ude06lol \u2022  "
        },
        {
            "date": "2021-11-28 13:45:19+00:00",
            "tweet_raw": "if you saw Ghost episode 2 what do you think? \ud83d\udd25or \ud83c\udf27LOL \ud83d\udea6GreenLightGang #bransoncognac #lecheminduroi https://t.co/SwtNWmXu96",
            "tweet": "if you saw ghost episode 2 what do you think? \ud83d\udd25or \ud83c\udf27lol \ud83d\udea6greenlightgang   "
        },
        {
            "date": "2021-10-23 13:09:45+00:00",
            "tweet_raw": "BMF you already know why we gotta make the best out of whatever situation they put  us in.  #bransoncognac #lecheminduroi https://t.co/D6sbX3jhTF",
            "tweet": "bmf you already know why we gotta make the best out of whatever situation they put  us in.    "
        },
        {
            "date": "2022-03-14 16:17:44+00:00",
            "tweet_raw": "@lala it\u2019s lit\ud83d\udd25check the vibes https://t.co/S3ftt8IQpE",
            "tweet": " it\u2019s lit\ud83d\udd25check the vibes "
        },
        {
            "date": "2022-01-02 19:40:53+00:00",
            "tweet_raw": "Stepping into 2022 like \ud83d\udca3BOOM\ud83d\udca8\ud83d\udea6GreenLightGang https://t.co/0MAvXIrieG",
            "tweet": "stepping into 2022 like \ud83d\udca3boom\ud83d\udca8\ud83d\udea6greenlightgang "
        },
        {
            "date": "2021-11-25 02:17:05+00:00",
            "tweet_raw": "now @JosephSikora4 is laying low till FEB, but FORCE is in the Chi and he on Demon time. This one is gonna hit hard \ud83d\udea6Green Light Gang #bransoncognac #lecheminduroi https://t.co/4gXvGSMkiM",
            "tweet": "now  is laying low till feb, but force is in the chi and he on demon time. this one is gonna hit hard \ud83d\udea6green light gang   "
        },
        {
            "date": "2022-01-24 16:23:47+00:00",
            "tweet_raw": "Houston,Texas! Get Ready! The Green Light Gang Tour kicks off this Sunday January 30th! 3 of the Biggest Stars on TV invade The World Famous Address! Don\u2019t Miss It! @LilMeechBMF @JosephSikora4 @michaelraineyjr \n\n#bransoncognac #lecheminduroi https://t.co/iGLMqqg9rp",
            "tweet": "houston,texas! get ready! the green light gang tour kicks off this sunday january 30th! 3 of the biggest stars on tv invade the world famous address! don\u2019t miss it!    \n\n  "
        },
        {
            "date": "2021-12-22 02:33:03+00:00",
            "tweet_raw": "\ud83d\ude06This is me at 15, I thought that interstate 95 jacket was the flyest shit.  had to have it, had to hustle to get it, got it ! #bransoncognac #lecheminduroi https://t.co/Qkh5G9g217",
            "tweet": "\ud83d\ude06this is me at 15, i thought that interstate 95 jacket was the flyest shit.  had to have it, had to hustle to get it, got it !   "
        },
        {
            "date": "2022-01-02 19:40:53+00:00",
            "tweet_raw": "Stepping into 2022 like \ud83d\udca3BOOM\ud83d\udca8\ud83d\udea6GreenLightGang https://t.co/0MAvXIrieG",
            "tweet": "stepping into 2022 like \ud83d\udca3boom\ud83d\udca8\ud83d\udea6greenlightgang "
        },
        {
            "date": "2021-11-29 13:39:52+00:00",
            "tweet_raw": "Ok the FORCE theme song is done. Me @lildurk and #jeremih coming soon! \ud83d\udd25\ud83d\udd25\ud83d\udca3BOOM\ud83d\udca8\ud83d\udd25\ud83d\udd25\ud83d\udea6GreenLightGang #bransoncognac #lecheminduroi https://t.co/APIv9qJQIO",
            "tweet": "ok the force theme song is done. me  and  coming soon! \ud83d\udd25\ud83d\udd25\ud83d\udca3boom\ud83d\udca8\ud83d\udd25\ud83d\udd25\ud83d\udea6greenlightgang   "
        },
        {
            "date": "2021-11-24 22:59:56+00:00",
            "tweet_raw": "\ud83d\udc40oh shit ! this ni66a just tried to smoke lil kanan. i\u2019m out of all this shit, this gang shit gotta stop.\ud83d\ude06 lol  \ud83d\udea6Green Light Gang #bransoncognac #lecheminduroi https://t.co/droq6Df0es",
            "tweet": "\ud83d\udc40oh shit ! this ni66a just tried to smoke lil kanan. i\u2019m out of all this shit, this gang shit gotta stop.\ud83d\ude06 lol  \ud83d\udea6green light gang   "
        },
        {
            "date": "2021-12-02 15:56:40+00:00",
            "tweet_raw": "Phoenix, Arizona! I\u2019ll be signing bottles at Paradise Liquor on Friday December 10th from 3-5pm! Come hang out and pop a bottle! It\u2019s gonna be lit \ud83d\udd25\n\n#bransoncognac #lecheminduroi https://t.co/5t3y2RFEsw",
            "tweet": "phoenix, arizona! i\u2019ll be signing bottles at paradise liquor on friday december 10th from 3-5pm! come hang out and pop a bottle! it\u2019s gonna be lit \ud83d\udd25\n\n  "
        },
        {
            "date": "2022-03-28 15:02:16+00:00",
            "tweet_raw": "Oslo, Norway ! It\u2019s going down Tuesday June 21st at the Telenor Arena. We\u2019re going to have a good time! Don\u2019t Miss Out. Get your Tickets Today \u2022 https://t.co/RUbBYgFklG https://t.co/Y3kyWkk7Q4",
            "tweet": "oslo, norway ! it\u2019s going down tuesday june 21st at the telenor arena. we\u2019re going to have a good time! don\u2019t miss out. get your tickets today \u2022  "
        },
        {
            "date": "2021-11-07 17:41:54+00:00",
            "tweet_raw": "Episode 7 of BMF is the best work i have done directing to date.I\u2019m disappointed that STARZ handled this so poorly. I used my personal relationships to make things happen they couldn\u2019t have made happen. @eminem thank you for doing this for me. I love you bro. https://t.co/rxgCALkGuz",
            "tweet": "episode 7 of bmf is the best work i have done directing to date.i\u2019m disappointed that starz handled this so poorly. i used my personal relationships to make things happen they couldn\u2019t have made happen.  thank you for doing this for me. i love you bro. "
        },
        {
            "date": "2022-01-26 12:41:13+00:00",
            "tweet_raw": "Dublin, Ireland! It\u2019s going down Sunday June 12th at 3Arena! We\u2019re going to have a good time! Don\u2019t Miss Out \u2022 https://t.co/6zoKoANax4 https://t.co/J7pbfneWYr",
            "tweet": "dublin, ireland! it\u2019s going down sunday june 12th at 3arena! we\u2019re going to have a good time! don\u2019t miss out \u2022  "
        },
        {
            "date": "2021-12-17 16:19:19+00:00",
            "tweet_raw": "I got some heat \ud83d\udd25Nzinga\ud83d\udd25is no joke. you will see, i\u2019m focused GLG\ud83d\udea6GreenLightGang #bransoncognac #lecheminduroi https://t.co/Cif2XXurDa",
            "tweet": "i got some heat \ud83d\udd25nzinga\ud83d\udd25is no joke. you will see, i\u2019m focused glg\ud83d\udea6greenlightgang   "
        },
        {
            "date": "2022-01-05 23:31:37+00:00",
            "tweet_raw": "They can\u2019t fuck with me i\u2019m #1  #2 and #3 \ud83d\udca3BOOM\ud83d\udca8\ud83d\udea6GreenLightGang #bransoncognac #lecheminduroi https://t.co/O299unG7tZ",
            "tweet": "they can\u2019t fuck with me i\u2019m    and  \ud83d\udca3boom\ud83d\udca8\ud83d\udea6greenlightgang   "
        },
        {
            "date": "2021-12-02 15:56:40+00:00",
            "tweet_raw": "Phoenix, Arizona! I\u2019ll be signing bottles at Paradise Liquor on Friday December 10th from 3-5pm! Come hang out and pop a bottle! It\u2019s gonna be lit \ud83d\udd25\n\n#bransoncognac #lecheminduroi https://t.co/5t3y2RFEsw",
            "tweet": "phoenix, arizona! i\u2019ll be signing bottles at paradise liquor on friday december 10th from 3-5pm! come hang out and pop a bottle! it\u2019s gonna be lit \ud83d\udd25\n\n  "
        },
        {
            "date": "2021-12-29 13:59:30+00:00",
            "tweet_raw": "So proud to see G-Unity Business Lab making a difference for young entrepreneurs in Houston. \u00a0They\u2019ll all be more successful than me one day. \u00a0Join me in helping \u2022 https://t.co/AleRHDelPg https://t.co/EK0oUFl5nv",
            "tweet": "so proud to see g-unity business lab making a difference for young entrepreneurs in houston. \u00a0they\u2019ll all be more successful than me one day. \u00a0join me in helping \u2022  "
        },
        {
            "date": "2021-11-30 16:25:03+00:00",
            "tweet_raw": "Houston Texas! It\u2019s going down this Friday December 3rd with @garyowencomedy at The Address! It\u2019s gonna be lit! Don\u2019t Miss It! \n\n#bransoncognac #lecheminduroi https://t.co/zHbgP8jOXp",
            "tweet": "houston texas! it\u2019s going down this friday december 3rd with  at the address! it\u2019s gonna be lit! don\u2019t miss it! \n\n  "
        },
        {
            "date": "2021-11-17 22:32:58+00:00",
            "tweet_raw": "Expendables 4 coming right at ya \ud83d\udd25\ud83d\udea6Green Light Gang #bransoncognac #lecheminduroi https://t.co/jdfS7Q3v5i",
            "tweet": "expendables 4 coming right at ya \ud83d\udd25\ud83d\udea6green light gang   "
        },
        {
            "date": "2021-11-12 02:39:35+00:00",
            "tweet_raw": "\ud83d\ude06Hahaha they should have listened, it get hard to shine when i\u2019m around. #bransoncognac #lecheminduroi @bottlerover https://t.co/LuaaFaMioT",
            "tweet": "\ud83d\ude06hahaha they should have listened, it get hard to shine when i\u2019m around.    "
        },
        {
            "date": "2021-11-21 14:27:06+00:00",
            "tweet_raw": "if you caught the first episode of GHOST what did you think ? #bransoncognac #lecheminduroi https://t.co/luxDlTrk1E",
            "tweet": "if you caught the first episode of ghost what did you think ?   "
        },
        {
            "date": "2022-01-14 20:09:59+00:00",
            "tweet_raw": "Get Your BRANSON COGNAC today \ud83e\ude96 \u2022 https://t.co/JbnvRcbG8K\n\n#bransoncognac https://t.co/6IXT915odK",
            "tweet": "get your branson cognac today \ud83e\ude96 \u2022 \n\n "
        },
        {
            "date": "2022-01-24 20:13:30+00:00",
            "tweet_raw": "Boy O Boy it\u2019s almost show time ! FORCE Feb 6 \ud83d\udca3BOOM\ud83d\udca8\ud83d\udea6GreenLightGang @bransoncognac @lecheminduroi https://t.co/VJV1NKlqGI",
            "tweet": "boy o boy it\u2019s almost show time ! force feb 6 \ud83d\udca3boom\ud83d\udca8\ud83d\udea6greenlightgang   "
        },
        {
            "date": "2022-02-22 15:55:12+00:00",
            "tweet_raw": "Antwerp, Belgium! It\u2019s going down Thursday June 16th at Sportpaleis. We\u2019re going to have a good time! Don\u2019t Miss Out \u2022 https://t.co/jTLJUIkyj3\n \n#GUnit https://t.co/WVdGwemDs5",
            "tweet": "antwerp, belgium! it\u2019s going down thursday june 16th at sportpaleis. we\u2019re going to have a good time! don\u2019t miss out \u2022 \n \n "
        },
        {
            "date": "2022-01-03 19:31:09+00:00",
            "tweet_raw": "Get Your BRANSON COGNAC today \ud83e\ude96 \u2022 https://t.co/ECCXTTz9jZ\n\n#bransoncognac https://t.co/4mbhrlexRy",
            "tweet": "get your branson cognac today \ud83e\ude96 \u2022 \n\n "
        },
        {
            "date": "2021-12-31 22:46:47+00:00",
            "tweet_raw": "The Kings Path \ud83d\udc51 \u2022 https://t.co/MBy3Q1Vqqf \n\n#lecheminduroi\n\n@Specs1962 https://t.co/EV3bSqIfip",
            "tweet": "the kings path \ud83d\udc51 \u2022  \n\n\n\n "
        },
        {
            "date": "2022-01-30 18:17:06+00:00",
            "tweet_raw": "Ghost got it right now @michaelraineyjr but FORCE is coming Feb 6 GLG\ud83d\udea6GreenLightGang #bransoncognac #lecheminduroi https://t.co/qnSUOCs39U",
            "tweet": "ghost got it right now  but force is coming feb 6 glg\ud83d\udea6greenlightgang   "
        },
        {
            "date": "2021-11-12 02:38:22+00:00",
            "tweet_raw": "The France has to offer Branson cognac a grade above the rest, nothing but the best. #bransoncognac #lecheminduroi @BottleRover https://t.co/OW9lYHJtDK",
            "tweet": "the france has to offer branson cognac a grade above the rest, nothing but the best.    "
        },
        {
            "date": "2021-11-16 13:11:18+00:00",
            "tweet_raw": "\ud83d\udc40Y\u2019all ready for this \ud83d\udd25we gonna see if GHOST can nock BMF out the #1 slot, what yall think?  can @michaelraineyjr hold it down or \ud83d\ude06 #bransoncognac #lecheminduroi https://t.co/ZLyWLn2UQk",
            "tweet": "\ud83d\udc40y\u2019all ready for this \ud83d\udd25we gonna see if ghost can nock bmf out the  slot, what yall think?  can  hold it down or \ud83d\ude06   "
        },
        {
            "date": "2022-01-10 15:17:28+00:00",
            "tweet_raw": "FORCE is gonna break all the records! Don\u2019t Miss it February 6th, 9pm on @STARZ . This show is outta here \ud83d\ude80 @JosephSikora4 \n\n#bransoncognac #lecheminduroi #powerneverends https://t.co/0bUpeRkMg2",
            "tweet": "force is gonna break all the records! don\u2019t miss it february 6th, 9pm on  . this show is outta here \ud83d\ude80  \n\n   "
        },
        {
            "date": "2021-11-17 17:08:09+00:00",
            "tweet_raw": "\ud83d\udc40WTF is going on here, @wyclef \ud83d\ude06LOL dropped the CEO of Range-rover on his head. y\u2019all are too old to be doing dumb shit like this. \ud83d\ude06\ud83d\ude06\ud83d\ude06 @bransoncognac @lecheminduroi https://t.co/rt0PjxC8RV",
            "tweet": "\ud83d\udc40wtf is going on here,  \ud83d\ude06lol dropped the ceo of range-rover on his head. y\u2019all are too old to be doing dumb shit like this. \ud83d\ude06\ud83d\ude06\ud83d\ude06   "
        },
        {
            "date": "2022-01-18 21:44:20+00:00",
            "tweet_raw": "\ud83d\udd25 @methodman  not playing no games\ud83d\udea6GreenLightGang #bransoncognac #lecheminduroi https://t.co/MxWdKRJ8lj",
            "tweet": "\ud83d\udd25   not playing no games\ud83d\udea6greenlightgang   "
        },
        {
            "date": "2022-02-20 00:44:21+00:00",
            "tweet_raw": "This friendship is never gonna change @Eminem \u2022 https://t.co/jnbpt4Vpb3 https://t.co/AujRNX4BHf",
            "tweet": "this friendship is never gonna change  \u2022  "
        },
        {
            "date": "2021-11-13 19:42:10+00:00",
            "tweet_raw": "I was thinking i\u2019m ready to go ,what am i waiting for? I took care of some business in France \ud83e\udd43Branson cognac, now back to Greece The Expendables 4 #bransoncognac #lecheminduroi https://t.co/MBM8zuzQAD",
            "tweet": "i was thinking i\u2019m ready to go ,what am i waiting for? i took care of some business in france \ud83e\udd43branson cognac, now back to greece the expendables 4   "
        },
        {
            "date": "2022-02-15 19:16:41+00:00",
            "tweet_raw": "All i\u2019m saying is they will not be able to top this. LOL \u2022 https://t.co/jnbpt4Vpb3 https://t.co/rB2WNvFYku",
            "tweet": "all i\u2019m saying is they will not be able to top this. lol \u2022  "
        },
        {
            "date": "2022-01-22 15:42:03+00:00",
            "tweet_raw": "Force all i can say is i saved the best for last, and your gonna love this. @bransoncognac @lecheminduroi https://t.co/qDKQbC0npE",
            "tweet": "force all i can say is i saved the best for last, and your gonna love this.   "
        },
        {
            "date": "2021-10-26 16:46:31+00:00",
            "tweet_raw": "Buy 1, Get 1 FREE! Sale Ends 11/11 \ud83d\ude37 \u2022 https://t.co/5k1QUrYK2m https://t.co/RGlPOvE2dG",
            "tweet": "buy 1, get 1 free! sale ends 11/11 \ud83d\ude37 \u2022  "
        },
        {
            "date": "2022-01-24 20:48:41+00:00",
            "tweet_raw": "you already know this is gonna go ! @bransoncognac @lecheminduroi https://t.co/K3TNOtDCeo",
            "tweet": "you already know this is gonna go !   "
        },
        {
            "date": "2021-12-29 13:59:30+00:00",
            "tweet_raw": "So proud to see G-Unity Business Lab making a difference for young entrepreneurs in Houston. \u00a0They\u2019ll all be more successful than me one day. \u00a0Join me in helping \u2022 https://t.co/AleRHDelPg https://t.co/EK0oUFl5nv",
            "tweet": "so proud to see g-unity business lab making a difference for young entrepreneurs in houston. \u00a0they\u2019ll all be more successful than me one day. \u00a0join me in helping \u2022  "
        },
        {
            "date": "2021-11-12 02:38:22+00:00",
            "tweet_raw": "The France has to offer Branson cognac a grade above the rest, nothing but the best. #bransoncognac #lecheminduroi @BottleRover https://t.co/OW9lYHJtDK",
            "tweet": "the france has to offer branson cognac a grade above the rest, nothing but the best.    "
        },
        {
            "date": "2021-12-21 00:43:23+00:00",
            "tweet_raw": "\ud83d\udc4f\ud83d\udc4f\ud83d\udc4fYeah The under dog back on Top! GHOST GLG\ud83d\udea6GreenLightGang #bransoncognac #lecheminduroi https://t.co/bW3B68gC2O",
            "tweet": "\ud83d\udc4f\ud83d\udc4f\ud83d\udc4fyeah the under dog back on top! ghost glg\ud83d\udea6greenlightgang   "
        },
        {
            "date": "2021-12-22 02:33:03+00:00",
            "tweet_raw": "\ud83d\ude06This is me at 15, I thought that interstate 95 jacket was the flyest shit.  had to have it, had to hustle to get it, got it ! #bransoncognac #lecheminduroi https://t.co/Qkh5G9g217",
            "tweet": "\ud83d\ude06this is me at 15, i thought that interstate 95 jacket was the flyest shit.  had to have it, had to hustle to get it, got it !   "
        },
        {
            "date": "2022-01-10 20:43:44+00:00",
            "tweet_raw": "Greenlight Gang New Hoodies &amp; Snapbacks available Now \u2022 https://t.co/pS4Zt8WdTZ\n\n#GUnit \ud83d\udea6\ud83d\udea6 https://t.co/iMOwVoqFv7",
            "tweet": "greenlight gang new hoodies &amp; snapbacks available now \u2022 \n\n \ud83d\udea6\ud83d\udea6 "
        },
        {
            "date": "2021-11-12 19:36:04+00:00",
            "tweet_raw": "This happens when your show is connected to the culture. \ud83d\udca3@myfabolouslife @DaveEast You can\u2019t stop the rain #bransoncognac #lecheminduroi https://t.co/sn8P50C1MX",
            "tweet": "this happens when your show is connected to the culture. \ud83d\udca3  you can\u2019t stop the rain   "
        },
        {
            "date": "2021-11-29 13:39:52+00:00",
            "tweet_raw": "Ok the FORCE theme song is done. Me @lildurk and #jeremih coming soon! \ud83d\udd25\ud83d\udd25\ud83d\udca3BOOM\ud83d\udca8\ud83d\udd25\ud83d\udd25\ud83d\udea6GreenLightGang #bransoncognac #lecheminduroi https://t.co/APIv9qJQIO",
            "tweet": "ok the force theme song is done. me  and  coming soon! \ud83d\udd25\ud83d\udd25\ud83d\udca3boom\ud83d\udca8\ud83d\udd25\ud83d\udd25\ud83d\udea6greenlightgang   "
        },
        {
            "date": "2022-02-05 16:40:26+00:00",
            "tweet_raw": "I told SIRE I\u2019m working on making this Tv show, he said cool i can do that. \ud83d\udc40I said yeah already, you can do that? he said yeah it\u2019s not that hard all you gotta do is set up the cameras. \ud83c\udfa5 LOL #bransoncognac #lecheminduroi https://t.co/aL6yaXoD2t",
            "tweet": "i told sire i\u2019m working on making this tv show, he said cool i can do that. \ud83d\udc40i said yeah already, you can do that? he said yeah it\u2019s not that hard all you gotta do is set up the cameras. \ud83c\udfa5 lol   "
        },
        {
            "date": "2022-02-14 02:48:49+00:00",
            "tweet_raw": "\ud83d\udc40who the fvck did this? \ud83d\ude20catch FORCE episode 2 \u2022 https://t.co/jnbpt4Vpb3 https://t.co/85q3lHx6YS",
            "tweet": "\ud83d\udc40who the fvck did this? \ud83d\ude20catch force episode 2 \u2022  "
        },
        {
            "date": "2022-02-05 05:06:05+00:00",
            "tweet_raw": "Celebrate the 19th Anniversary of \u2018Get Rich or Die Tryin\u2019 \u2022 19% Off all Get Rich Merchandise \u2022 https://t.co/xkQn7udySS\n\n#GUnit https://t.co/sEaI5niGUD",
            "tweet": "celebrate the 19th anniversary of \u2018get rich or die tryin\u2019 \u2022 19% off all get rich merchandise \u2022 \n\n "
        },
        {
            "date": "2022-01-21 15:00:14+00:00",
            "tweet_raw": "I have the best people working on G-unity business Labs in Houston they made this project a huge success for me, 69 out of 75 kids are currently working. \ud83d\udca3Boom\ud83d\udca8#bransoncognac #lecheminduroi https://t.co/7P7UHXFcwx",
            "tweet": "i have the best people working on g-unity business labs in houston they made this project a huge success for me, 69 out of 75 kids are currently working. \ud83d\udca3boom\ud83d\udca8  "
        },
        {
            "date": "2021-11-12 19:36:04+00:00",
            "tweet_raw": "This happens when your show is connected to the culture. \ud83d\udca3@myfabolouslife @DaveEast You can\u2019t stop the rain #bransoncognac #lecheminduroi https://t.co/sn8P50C1MX",
            "tweet": "this happens when your show is connected to the culture. \ud83d\udca3  you can\u2019t stop the rain   "
        },
        {
            "date": "2022-02-04 13:36:43+00:00",
            "tweet_raw": "New Heat \ud83d\udd25do we have a problem. @NICKIMINAJ @lilbaby4PF @JosephSikora4  Video out now \ud83c\udfaf @bransoncognac @lecheminduroi https://t.co/xPqFjCH7O7",
            "tweet": "new heat \ud83d\udd25do we have a problem.     video out now \ud83c\udfaf   "
        },
        {
            "date": "2021-11-28 15:24:30+00:00",
            "tweet_raw": "Order your copy of \u2018Hustle Harder Hustle Smarter\u2019 just in time for the holidays \ud83c\udf84 \u2022 https://t.co/smLQhGUidH\n\n#GUnit https://t.co/L86E95QYFZ",
            "tweet": "order your copy of \u2018hustle harder hustle smarter\u2019 just in time for the holidays \ud83c\udf84 \u2022 \n\n "
        },
        {
            "date": "2021-11-12 13:25:51+00:00",
            "tweet_raw": "They said i\u2019m not in the Top 10 out of New York, \ud83d\ude06i\u2019m nobody\u2019s favorite, i\u2019m a nightmare for these fools when i focus. #bransoncognac #lecheminduroi https://t.co/bs4pvHDWYe",
            "tweet": "they said i\u2019m not in the top 10 out of new york, \ud83d\ude06i\u2019m nobody\u2019s favorite, i\u2019m a nightmare for these fools when i focus.   "
        },
        {
            "date": "2021-11-29 04:43:33+00:00",
            "tweet_raw": "They think this shit a game, Its UP you gotta do something. you at episode2 and some people still talking this BMF shit.If i was you i\u2019d have somebody take all them diamonds from @lilmeechbmf cause all the shiny shit is getting in the way\ud83d\ude20Feel me or go put some of that shit on https://t.co/Lu35Xyps1j",
            "tweet": "they think this shit a game, its up you gotta do something. you at episode2 and some people still talking this bmf shit.if i was you i\u2019d have somebody take all them diamonds from  cause all the shiny shit is getting in the way\ud83d\ude20feel me or go put some of that shit on "
        },
        {
            "date": "2021-12-18 04:16:45+00:00",
            "tweet_raw": "Damn @SnoopDogg shit closed before 8 pm must be some Covid shit going on.\ud83e\udd37\ud83c\udffd\u200d\u2642\ufe0f #bransoncognac #lecheminduroi https://t.co/iAM5Q1qoim",
            "tweet": "damn  shit closed before 8 pm must be some covid shit going on.\ud83e\udd37\ud83c\udffd\u200d\u2642\ufe0f   "
        },
        {
            "date": "2021-12-15 00:13:18+00:00",
            "tweet_raw": "POWER, POWDER, RESPECT  Theme song FORCE  @50cent @lildurk @jeremih \ud83d\udca3BOOM\ud83d\udca8 GLG\ud83d\udea6GreenLightGang  @josephsikora4 #bransoncognac #lecheminduroi https://t.co/aUf2EoGi1G",
            "tweet": "power, powder, respect  theme song force     \ud83d\udca3boom\ud83d\udca8 glg\ud83d\udea6greenlightgang     "
        },
        {
            "date": "2021-11-17 17:08:09+00:00",
            "tweet_raw": "\ud83d\udc40WTF is going on here, @wyclef \ud83d\ude06LOL dropped the CEO of Range-rover on his head. y\u2019all are too old to be doing dumb shit like this. \ud83d\ude06\ud83d\ude06\ud83d\ude06 @bransoncognac @lecheminduroi https://t.co/rt0PjxC8RV",
            "tweet": "\ud83d\udc40wtf is going on here,  \ud83d\ude06lol dropped the ceo of range-rover on his head. y\u2019all are too old to be doing dumb shit like this. \ud83d\ude06\ud83d\ude06\ud83d\ude06   "
        },
        {
            "date": "2021-11-24 22:10:37+00:00",
            "tweet_raw": "My young boy\u2019s on Top of the World right now !  THEY HAVE TO SHARE THE BIGGEST  NIGHT TILL THEY DO WITH OUT EACH OTHER \ud83e\udd37\ud83c\udffd\u200d\u2642\ufe0fGLG\ud83d\udea6GREEN LIGHT GANG WE OUT HERE \ud83c\udfafDirect hit.  @michaelraineyjr @LilMeechBMF #bransoncognac #lecheminduroi https://t.co/lEfzRcwjq7",
            "tweet": "my young boy\u2019s on top of the world right now !  they have to share the biggest  night till they do with out each other \ud83e\udd37\ud83c\udffd\u200d\u2642\ufe0fglg\ud83d\udea6green light gang we out here \ud83c\udfafdirect hit.      "
        },
        {
            "date": "2021-12-31 03:31:11+00:00",
            "tweet_raw": "you a LeBron fan 50, YEP \ud83d\ude06the only people who don\u2019t like him want to be him. #bransoncognac #lecheminduroi https://t.co/GE97hxkQBS",
            "tweet": "you a lebron fan 50, yep \ud83d\ude06the only people who don\u2019t like him want to be him.   "
        },
        {
            "date": "2022-01-14 20:03:29+00:00",
            "tweet_raw": "Get your Power: Force Hoodies Today \u2022 https://t.co/KlXHcjOK24\n\n#GUnit https://t.co/7O8rc2U1DH",
            "tweet": "get your power: force hoodies today \u2022 \n\n "
        },
        {
            "date": "2021-11-15 16:56:41+00:00",
            "tweet_raw": "A moment in time ( Murder Was The Case ) coming soon ! @snoopdogg \ud83d\udd25\ud83d\udea6Green Light Gang \ud83c\udfaf direct hit #bransoncognac #lecheminduroi https://t.co/dvzLoQipGu",
            "tweet": "a moment in time ( murder was the case ) coming soon !  \ud83d\udd25\ud83d\udea6green light gang \ud83c\udfaf direct hit   "
        },
        {
            "date": "2021-11-12 20:57:35+00:00",
            "tweet_raw": "Phoenix, Arizona ! Don\u2019t Miss the BMF Watch Party, hosted by @LilMeechBMF going down this Sunday November 14th at LOYALTY! It\u2019s gonna be lit \ud83d\udd25\ud83d\udd25 #bransoncognac #lecheminduroi #bmf https://t.co/IFmexZ6gor",
            "tweet": "phoenix, arizona ! don\u2019t miss the bmf watch party, hosted by  going down this sunday november 14th at loyalty! it\u2019s gonna be lit \ud83d\udd25\ud83d\udd25    "
        },
        {
            "date": "2021-12-05 21:07:23+00:00",
            "tweet_raw": "66 of my 75 kids have a job\u2019s now #GUnityBusinessLab \ud83d\udc4f\ud83d\udc4f\ud83d\udc4f\ud83d\ude0f Houston i\u2019m so proud of this program 3 ward, 5 ward let\u2019s get it \ud83d\udcb0 #bransoncognac #lecheminduroi https://t.co/xUSJi08Ua7",
            "tweet": "66 of my 75 kids have a job\u2019s now  \ud83d\udc4f\ud83d\udc4f\ud83d\udc4f\ud83d\ude0f houston i\u2019m so proud of this program 3 ward, 5 ward let\u2019s get it \ud83d\udcb0   "
        },
        {
            "date": "2021-12-22 20:29:42+00:00",
            "tweet_raw": "\ud83d\udc40This guy is no joke, he been doing the work come jan, he will be back with acting coach\u2019s getting ready for BMF season2 . #bransoncognac #lecheminduroi https://t.co/MeoIehtXul",
            "tweet": "\ud83d\udc40this guy is no joke, he been doing the work come jan, he will be back with acting coach\u2019s getting ready for bmf season2 .   "
        },
        {
            "date": "2021-11-13 11:48:00+00:00",
            "tweet_raw": "\ud83d\udc40oh shit, they making fake BMF chains. smh this shit is getting out of hand \ud83d\ude06\ud83d\ude06 hold up. This show is a different kinda hit. #bransoncognac #lecheminduroi https://t.co/bUmTfiB92x",
            "tweet": "\ud83d\udc40oh shit, they making fake bmf chains. smh this shit is getting out of hand \ud83d\ude06\ud83d\ude06 hold up. this show is a different kinda hit.   "
        },
        {
            "date": "2021-11-20 02:09:50+00:00",
            "tweet_raw": "yeah it\u2019s lit Sat 12AM BMF Finale \ud83d\udd25\ud83d\udea6Green Light Gang #bransoncognac #lecheminduroi https://t.co/2cpN4bfuZ1",
            "tweet": "yeah it\u2019s lit sat 12am bmf finale \ud83d\udd25\ud83d\udea6green light gang   "
        },
        {
            "date": "2021-12-12 00:59:42+00:00",
            "tweet_raw": "\ud83d\udc40well what a positive influence you are. LOL  #likeavirgin63  challenge. \ud83e\udd37\ud83c\udffd\u200d\u2642\ufe0f I\u2019m sorry, SORRY DIDN\u2019T WORK ! \ud83d\ude33 https://t.co/xxyEskXvyk",
            "tweet": "\ud83d\udc40well what a positive influence you are. lol    challenge. \ud83e\udd37\ud83c\udffd\u200d\u2642\ufe0f i\u2019m sorry, sorry didn\u2019t work ! \ud83d\ude33 "
        },
        {
            "date": "2022-02-03 23:32:41+00:00",
            "tweet_raw": "The kings Path, Le Chem in du Roi is the vibe i\u2019m on valentine\u2019s day. #bransoncognac #lecheminduroi https://t.co/VnYHKlhxWs",
            "tweet": "the kings path, le chem in du roi is the vibe i\u2019m on valentine\u2019s day.   "
        },
        {
            "date": "2022-01-12 16:05:02+00:00",
            "tweet_raw": "New \ud83d\udd25FORCE theme song, \ud83d\udca3Boom\ud83d\udca8 Chicago vibes \ud83d\udea6GreenLightGang \ud83c\udfafbullseye i don\u2019t miss \ud83d\udeab\ud83d\udd95\ud83c\udffeRemy Martin it\u2019s @bransoncognac @lecheminduroi https://t.co/YNEdKOrRb8",
            "tweet": "new \ud83d\udd25force theme song, \ud83d\udca3boom\ud83d\udca8 chicago vibes \ud83d\udea6greenlightgang \ud83c\udfafbullseye i don\u2019t miss \ud83d\udeab\ud83d\udd95\ud83c\udfferemy martin it\u2019s   "
        },
        {
            "date": "2021-11-11 13:04:20+00:00",
            "tweet_raw": "I\u2019m afraid this is going to be a problem for everything on Tv.  A moment in time ( MURDER WAS THE CASE ) when the dream you have been wishing for feels like a nightmare. You think you know \ud83e\udd26\u200d\u2642\ufe0fyou have no idea.  @snoopdogg  story is crazy \ud83d\udca3BOOM\ud83d\udca8 \ud83d\udea6Green Light Gang  \ud83c\udfafI DON\u2019T MISS https://t.co/6JG5aLBpyn",
            "tweet": "i\u2019m afraid this is going to be a problem for everything on tv.  a moment in time ( murder was the case ) when the dream you have been wishing for feels like a nightmare. you think you know \ud83e\udd26\u200d\u2642\ufe0fyou have no idea.    story is crazy \ud83d\udca3boom\ud83d\udca8 \ud83d\udea6green light gang  \ud83c\udfafi don\u2019t miss "
        },
        {
            "date": "2022-02-12 00:32:46+00:00",
            "tweet_raw": "I just gotta focus, I\u2019m getting better at this game \ud83c\udfa5\ud83d\udcfa\ud83d\udea6Green LightGang #bransoncognac #lecheminduroi https://t.co/GONVidzAZ1",
            "tweet": "i just gotta focus, i\u2019m getting better at this game \ud83c\udfa5\ud83d\udcfa\ud83d\udea6green lightgang   "
        },
        {
            "date": "2021-11-07 19:06:35+00:00",
            "tweet_raw": "They called me saying they wanted to hold episode7 back a week so we can roll right into GHOST.I said cool.Then these shithead people put the fucking episode out for 3hrs &amp; take it down\ud83e\udd26\u200d\u2642\ufe0fThis is not ok when I get uncomfortable i make everybody uncomfortable now who getting fired? https://t.co/GmJlagpCtd",
            "tweet": "they called me saying they wanted to hold episode7 back a week so we can roll right into ghost.i said cool.then these shithead people put the fucking episode out for 3hrs &amp; take it down\ud83e\udd26\u200d\u2642\ufe0fthis is not ok when i get uncomfortable i make everybody uncomfortable now who getting fired? "
        },
        {
            "date": "2021-12-20 14:52:25+00:00",
            "tweet_raw": "Smile my next album might be my last \ud83d\ude06. I terrorized hip hop for 14 years,don\u2019t believe me Nelson, the numbers will never lie but i\u2019m nobody\u2019s favorite Smh \ud83e\udd26\u200d\u2642\ufe0fNah  \ud83d\ude08I\u2019m Top 10 dead or alive and i\u2019m not done \ud83d\udcfa #bransoncognac #lecheminduroi https://t.co/v2JANiPPDl",
            "tweet": "smile my next album might be my last \ud83d\ude06. i terrorized hip hop for 14 years,don\u2019t believe me nelson, the numbers will never lie but i\u2019m nobody\u2019s favorite smh \ud83e\udd26\u200d\u2642\ufe0fnah  \ud83d\ude08i\u2019m top 10 dead or alive and i\u2019m not done \ud83d\udcfa   "
        },
        {
            "date": "2021-11-07 15:30:14+00:00",
            "tweet_raw": "Starz is a shit show, they better sell it fast. They put the fucking BMF show on, then took it down. what network does shit like that? They just ruined the anticipation of The episode i directed, I WORKED HARD ON THIS. I can\u2019t work with these people anymore. https://t.co/m8whw6ARBG",
            "tweet": "starz is a shit show, they better sell it fast. they put the fucking bmf show on, then took it down. what network does shit like that? they just ruined the anticipation of the episode i directed, i worked hard on this. i can\u2019t work with these people anymore. "
        },
        {
            "date": "2022-04-12 17:23:03+00:00",
            "tweet_raw": "Bad news travels faster than good news i guess, but we are getting there. Hollywood reporter ! GLG\ud83d\udea6GreenLightGang #bransoncognac #lecheminduroi https://t.co/t9bkJTGkPm",
            "tweet": "bad news travels faster than good news i guess, but we are getting there. hollywood reporter ! glg\ud83d\udea6greenlightgang   "
        },
        {
            "date": "2021-12-13 18:47:57+00:00",
            "tweet_raw": "This is going to be Bigger then OJ, \ud83d\udc40I mean @snoopdogg Bigger than Tropicana. I believe This will break all viewer ship records at STARZ \ud83d\ude80GLG\ud83d\udea6GreenLightGang \ud83d\udca3BOOM thought i was \ud83e\udde2#bransoncognac #lecheminduroi https://t.co/MnOTB3Vum8",
            "tweet": "this is going to be bigger then oj, \ud83d\udc40i mean  bigger than tropicana. i believe this will break all viewer ship records at starz \ud83d\ude80glg\ud83d\udea6greenlightgang \ud83d\udca3boom thought i was \ud83e\udde2  "
        },
        {
            "date": "2021-11-28 13:45:19+00:00",
            "tweet_raw": "if you saw Ghost episode 2 what do you think? \ud83d\udd25or \ud83c\udf27LOL \ud83d\udea6GreenLightGang #bransoncognac #lecheminduroi https://t.co/SwtNWmXu96",
            "tweet": "if you saw ghost episode 2 what do you think? \ud83d\udd25or \ud83c\udf27lol \ud83d\udea6greenlightgang   "
        },
        {
            "date": "2021-11-20 02:09:50+00:00",
            "tweet_raw": "yeah it\u2019s lit Sat 12AM BMF Finale \ud83d\udd25\ud83d\udea6Green Light Gang #bransoncognac #lecheminduroi https://t.co/2cpN4bfuZ1",
            "tweet": "yeah it\u2019s lit sat 12am bmf finale \ud83d\udd25\ud83d\udea6green light gang   "
        },
        {
            "date": "2021-12-13 04:58:50+00:00",
            "tweet_raw": "Happy Holidays! 25% Off Entire Store This Week Only, Shop Now \u2022 https://t.co/jnbpt4Vpb3 \n\ud83c\udf84\ud83c\udf84 #GUnit https://t.co/ejku1m7rcH",
            "tweet": "happy holidays! 25% off entire store this week only, shop now \u2022  \n\ud83c\udf84\ud83c\udf84  "
        },
        {
            "date": "2021-12-27 00:40:55+00:00",
            "tweet_raw": "Get ready, the Pop Up Comedy Series is back! Killeen, Texas and surrounding areas January 14th, MLK weekend, @DCYOUNGFLY and Friends live. Tickets go on sale 12/29 at 10am. Limited seating available so get your tickets while you can \u2022 https://t.co/0Vtz6KIFRO \n\n#bransoncognac https://t.co/iZpEFLPRCs",
            "tweet": "get ready, the pop up comedy series is back! killeen, texas and surrounding areas january 14th, mlk weekend,  and friends live. tickets go on sale 12/29 at 10am. limited seating available so get your tickets while you can \u2022  \n\n "
        },
        {
            "date": "2021-12-27 13:54:05+00:00",
            "tweet_raw": "This is me when my Ferrari won\u2019t start because you gotta plug the b!tch up. LOL #bransoncognac #lecheminduroi https://t.co/7gNFUPUUUv",
            "tweet": "this is me when my ferrari won\u2019t start because you gotta plug the b!tch up. lol   "
        },
        {
            "date": "2021-11-05 16:09:03+00:00",
            "tweet_raw": "BMF is the best show on TV! Get your gear now \u2022 https://t.co/2ONLeiFZ3x\n\n#GUnit #BMF https://t.co/9PNKRCkPHs",
            "tweet": "bmf is the best show on tv! get your gear now \u2022 \n\n  "
        }
    ],
    "len": 100
}