{
    "account": "@Adele",
    "type": "Pop",
    "tweets": [
        {
            "date": "2011-02-17 15:08:02+00:00",
            "tweet_raw": "You can now download Adele's performance of 'Someone Like You' at the Brit awards directly from iTunes. http://bit.ly/efUs6l",
            "tweet": "you can now download adele's performance of 'someone like you' at the brit awards directly from itunes. http://bit.ly/efus6l"
        },
        {
            "date": "2011-12-04 10:30:52+00:00",
            "tweet_raw": "Right! Its me! I will start tweeting if 10k of u start following @drop4drop &their trip to India this wk. Its a wonderful charity. Go! A xxx",
            "tweet": "right! its me! i will start tweeting if 10k of u start following  &their trip to india this wk. its a wonderful charity. go! a xxx"
        },
        {
            "date": "2011-02-09 17:02:41+00:00",
            "tweet_raw": "Pre-sale tickets for Adele's upcoming North American tour are on sale now! Click here to get your tickets:  http://bit.ly/dUm2Vp",
            "tweet": "pre-sale tickets for adele's upcoming north american tour are on sale now! click here to get your tickets:  http://bit.ly/dum2vp"
        },
        {
            "date": "2011-02-15 11:57:35+00:00",
            "tweet_raw": "September 2011 UK tour dates announced! Head over to Adele.tv for more details: http://bit.ly/adeleseptemberuktour",
            "tweet": "september 2011 uk tour dates announced! head over to adele.tv for more details: http://bit.ly/adeleseptemberuktour"
        },
        {
            "date": "2017-10-29 09:22:28+00:00",
            "tweet_raw": "Happy Early Halloween &amp; Happy Birthday Gorgeous \u2764\ufe0f https://t.co/k581SzuX6z",
            "tweet": "happy early halloween &amp; happy birthday gorgeous \u2764\ufe0f "
        },
        {
            "date": "2012-10-01 17:11:14+00:00",
            "tweet_raw": "Adele's new James Bond theme, Skyfall, will premiere at 0:07hr BST on Friday 5th October. Pre-order now at http://t.co/XWKFAFJS",
            "tweet": "adele's new james bond theme, skyfall, will premiere at 0:07hr bst on friday 5th october. pre-order now at http://t.co/xwkfafjs"
        },
        {
            "date": "2011-11-14 14:46:48+00:00",
            "tweet_raw": "Hello!... Read more from Adele on her new blog post here: http://t.co/pD6D54DN",
            "tweet": "hello!... read more from adele on her new blog post here: http://t.co/pd6d54dn"
        },
        {
            "date": "2011-09-29 15:57:18+00:00",
            "tweet_raw": "Visit @MTV (US) & @VEVO tonight at 7:56 PM ET for the official \"Someone Like You\" video premiere! Get a first look here http://t.co/Zouybtek",
            "tweet": "visit  (us) &  tonight at 7:56 pm et for the official \"someone like you\" video premiere! get a first look here http://t.co/zouybtek"
        },
        {
            "date": "2011-01-21 16:42:25+00:00",
            "tweet_raw": "To celebrate her new album '21', Adele is webcasting her show from London on Monday - visit http://bit.ly/adelewebcast for more info",
            "tweet": "to celebrate her new album '21', adele is webcasting her show from london on monday - visit http://bit.ly/adelewebcast for more info"
        },
        {
            "date": "2011-05-16 09:38:20+00:00",
            "tweet_raw": "THE CIVIL WARS... Read more from Adele on her new blog post here: http://bit.ly/iY0e4g",
            "tweet": "the civil wars... read more from adele on her new blog post here: http://bit.ly/iy0e4g"
        },
        {
            "date": "2011-02-23 15:22:52+00:00",
            "tweet_raw": "Watch the entire archived performance from Adele's Live on Letterman show here: http://bit.ly/dTSb7y",
            "tweet": "watch the entire archived performance from adele's live on letterman show here: http://bit.ly/dtsb7y"
        },
        {
            "date": "2012-07-13 16:57:08+00:00",
            "tweet_raw": "Frank Ocean your so so special. Congratulations on such a STUNNING album x",
            "tweet": "frank ocean your so so special. congratulations on such a stunning album x"
        },
        {
            "date": "2012-02-03 15:44:24+00:00",
            "tweet_raw": "Someone Like You is nominated for Best British Single at the @BRIT_Awards. If you like you can vote for it here: http://t.co/osc6rVCF",
            "tweet": "someone like you is nominated for best british single at the . if you like you can vote for it here: http://t.co/osc6rvcf"
        },
        {
            "date": "2012-01-12 19:48:04+00:00",
            "tweet_raw": "Looking forward to @theGRAMMYs on Feb 12! #WeAreMusic  http://t.co/pv9vvJ9F",
            "tweet": "looking forward to  on feb 12!   http://t.co/pv9vvj9f"
        },
        {
            "date": "2011-07-15 22:06:28+00:00",
            "tweet_raw": "In case you missed it, ADELE's #itunesfestival EP is available now on @iTunes http://t.co/jMiASdh",
            "tweet": "in case you missed it, adele's  ep is available now on  http://t.co/jmiasdh"
        },
        {
            "date": "2011-02-22 18:54:05+00:00",
            "tweet_raw": "Adele's new album 21 is out today in the US! Pick up a copy @iTunes (http://bit.ly/eWHef1) or @AmazonMP3 (http://amzn.to/hVF2gw). #Adele21",
            "tweet": "adele's new album 21 is out today in the us! pick up a copy  (http://bit.ly/ewhef1) or  (http://amzn.to/hvf2gw). "
        },
        {
            "date": "2012-06-04 21:11:22+00:00",
            "tweet_raw": "Coldplay are magical!! X http://t.co/Hc8cfSMX",
            "tweet": "coldplay are magical!! x http://t.co/hc8cfsmx"
        },
        {
            "date": "2011-01-31 22:51:43+00:00",
            "tweet_raw": "\"Rolling In The Deep\" (Jamie xx Shuffle). Stream the song on Ping now. Available on iTunes (U.S.) 2/1. http://t.co/Mv4nxhF #iTunes",
            "tweet": "\"rolling in the deep\" (jamie xx shuffle). stream the song on ping now. available on itunes (u.s.) 2/1. http://t.co/mv4nxhf "
        },
        {
            "date": "2011-12-05 16:01:01+00:00",
            "tweet_raw": "F*ck me that was quick!ThankU! I'm in bed,watchin Gladiator,eatin an apple. Heres a pic of me&Queen B last wk in NYC!X http://t.co/fw5NLzOE",
            "tweet": "f*ck me that was quick!thanku! i'm in bed,watchin gladiator,eatin an apple. heres a pic of me&queen b last wk in nyc!x http://t.co/fw5nlzoe"
        },
        {
            "date": "2014-06-09 22:41:17+00:00",
            "tweet_raw": "@OfficialAdele: I pretend I'm Drop Dead Fred every day. Thank you for all the laughter Rik Mayall x",
            "tweet": ": i pretend i'm drop dead fred every day. thank you for all the laughter rik mayall x"
        },
        {
            "date": "2011-06-27 09:59:16+00:00",
            "tweet_raw": "BON IVER... Read more from Adele on her new blog post here: http://t.co/J795S6q",
            "tweet": "bon iver... read more from adele on her new blog post here: http://t.co/j795s6q"
        },
        {
            "date": "2012-01-12 19:48:04+00:00",
            "tweet_raw": "Looking forward to @theGRAMMYs on Feb 12! #WeAreMusic  http://t.co/pv9vvJ9F",
            "tweet": "looking forward to  on feb 12!   http://t.co/pv9vvj9f"
        },
        {
            "date": "2011-08-31 10:50:45+00:00",
            "tweet_raw": "Send me some photos!... Read more from Adele on her new blog post here: http://t.co/0OaLIL1",
            "tweet": "send me some photos!... read more from adele on her new blog post here: http://t.co/0oalil1"
        },
        {
            "date": "2011-03-16 22:02:51+00:00",
            "tweet_raw": "Adele will perform at the Greek Theatre in Los Angeles on June 6th. Pre-sale tomorrow at 10am PT here: http://adeletickets.sandbag.uk.com/",
            "tweet": "adele will perform at the greek theatre in los angeles on june 6th. pre-sale tomorrow at 10am pt here: http://adeletickets.sandbag.uk.com/"
        },
        {
            "date": "2012-05-18 12:52:15+00:00",
            "tweet_raw": "Loving my Ivor! Thank you so much x",
            "tweet": "loving my ivor! thank you so much x"
        },
        {
            "date": "2011-02-23 15:22:52+00:00",
            "tweet_raw": "Watch the entire archived performance from Adele's Live on Letterman show here: http://bit.ly/dTSb7y",
            "tweet": "watch the entire archived performance from adele's live on letterman show here: http://bit.ly/dtsb7y"
        },
        {
            "date": "2012-03-22 10:56:23+00:00",
            "tweet_raw": "Get it trending you lot #cleanwaterforall",
            "tweet": "get it trending you lot "
        },
        {
            "date": "2013-10-23 10:37:44+00:00",
            "tweet_raw": "My gorgeous best friend is up for an award! All Darcy lovers please vote for her here http://t.co/G8WjTxBPrj",
            "tweet": "my gorgeous best friend is up for an award! all darcy lovers please vote for her here http://t.co/g8wjtxbprj"
        },
        {
            "date": "2010-12-07 21:30:41+00:00",
            "tweet_raw": "Watch Adele's @VEVO ASK:REPLY feature where she answers questions direct from the fans! See if she answered yours here: http://bit.ly/f3A52u",
            "tweet": "watch adele's  ask:reply feature where she answers questions direct from the fans! see if she answered yours here: http://bit.ly/f3a52u"
        },
        {
            "date": "2014-02-27 15:12:14+00:00",
            "tweet_raw": "It's charming, devastating, gives you butterflies, totally amazingly fairy tale like but living in South London grimey but glitzy",
            "tweet": "it's charming, devastating, gives you butterflies, totally amazingly fairy tale like but living in south london grimey but glitzy"
        },
        {
            "date": "2011-07-15 22:06:28+00:00",
            "tweet_raw": "In case you missed it, ADELE's #itunesfestival EP is available now on @iTunes http://t.co/jMiASdh",
            "tweet": "in case you missed it, adele's  ep is available now on  http://t.co/jmiasdh"
        },
        {
            "date": "2010-12-02 22:32:38+00:00",
            "tweet_raw": "Tune in to @FollowCMT 'Artists of the Year' tomorrow 12/3 at 8pm ET to see @OfficialAdele perform a special tribute. http://bit.ly/adelecmt",
            "tweet": "tune in to  'artists of the year' tomorrow 12/3 at 8pm et to see  perform a special tribute. http://bit.ly/adelecmt"
        },
        {
            "date": "2010-11-30 15:40:37+00:00",
            "tweet_raw": "Adele's '21' is now available for pre-order in the US! Get it @iTunesMusic or @Amazon here: http://www.adele.tv/21/",
            "tweet": "adele's '21' is now available for pre-order in the us! get it  or  here: http://www.adele.tv/21/"
        },
        {
            "date": "2021-10-14 19:02:15+00:00",
            "tweet_raw": "Easy On Me - Midnight UK\n\nhttps://t.co/arMo74yjek https://t.co/kqKcjH6cqk",
            "tweet": "easy on me - midnight uk\n\n "
        },
        {
            "date": "2010-12-09 15:15:41+00:00",
            "tweet_raw": "Watch the official video for \u201cRolling in the Deep\u201d at @VEVO now! http://www.youtube.com/watch?v=rYEDA3JcQqw",
            "tweet": "watch the official video for \u201crolling in the deep\u201d at  now! http://www.youtube.com/watch?v=ryeda3jcqqw"
        },
        {
            "date": "2011-09-27 17:30:24+00:00",
            "tweet_raw": "Thrilled to announce that the new video for \"Someone Like You\" will premiere on @MTV & @VEVO Thurs 9/29 at 7:56 EDT http://t.co/VZYb38uk",
            "tweet": "thrilled to announce that the new video for \"someone like you\" will premiere on  &  thurs 9/29 at 7:56 edt http://t.co/vzyb38uk"
        },
        {
            "date": "2011-06-27 09:59:16+00:00",
            "tweet_raw": "BON IVER... Read more from Adele on her new blog post here: http://t.co/J795S6q",
            "tweet": "bon iver... read more from adele on her new blog post here: http://t.co/j795s6q"
        },
        {
            "date": "2011-12-05 16:01:01+00:00",
            "tweet_raw": "F*ck me that was quick!ThankU! I'm in bed,watchin Gladiator,eatin an apple. Heres a pic of me&Queen B last wk in NYC!X http://t.co/fw5NLzOE",
            "tweet": "f*ck me that was quick!thanku! i'm in bed,watchin gladiator,eatin an apple. heres a pic of me&queen b last wk in nyc!x http://t.co/fw5nlzoe"
        },
        {
            "date": "2011-01-16 11:55:47+00:00",
            "tweet_raw": "If you're in the UK, Rolling In The Deep is OUT NOW on iTunes: http://bit.ly/rollinginthedeepitunes",
            "tweet": "if you're in the uk, rolling in the deep is out now on itunes: http://bit.ly/rollinginthedeepitunes"
        },
        {
            "date": "2011-07-08 14:23:48+00:00",
            "tweet_raw": "Last night, ADELE played the #itunesfestival in London. You can watch the whole show here: http://t.co/49aYist",
            "tweet": "last night, adele played the  in london. you can watch the whole show here: http://t.co/49ayist"
        },
        {
            "date": "2010-12-14 22:13:27+00:00",
            "tweet_raw": "Check out Adele's interview with @PerezHilton here: http://bit.ly/i2KM8l",
            "tweet": "check out adele's interview with  here: http://bit.ly/i2km8l"
        },
        {
            "date": "2022-02-09 20:22:40+00:00",
            "tweet_raw": "What a night! Thank you @BRITs, thank you Sally and Tom for being so accommodating. Thank you to everyone who was there in the crowd, you were so loud and loving! Congratulations to all the other winners and nominees, keep on smashing it! \ud83c\uddec\ud83c\udde7 \u2728 https://t.co/8jDoF0DJ6E",
            "tweet": "what a night! thank you , thank you sally and tom for being so accommodating. thank you to everyone who was there in the crowd, you were so loud and loving! congratulations to all the other winners and nominees, keep on smashing it! \ud83c\uddec\ud83c\udde7 \u2728 "
        },
        {
            "date": "2011-02-24 23:13:19+00:00",
            "tweet_raw": "Tune in to the CBS Early Show tomorrow morning 2/25 to see Adele perform live! 7-9am on CBS.",
            "tweet": "tune in to the cbs early show tomorrow morning 2/25 to see adele perform live! 7-9am on cbs."
        },
        {
            "date": "2011-01-16 11:55:47+00:00",
            "tweet_raw": "If you're in the UK, Rolling In The Deep is OUT NOW on iTunes: http://bit.ly/rollinginthedeepitunes",
            "tweet": "if you're in the uk, rolling in the deep is out now on itunes: http://bit.ly/rollinginthedeepitunes"
        },
        {
            "date": "2011-02-10 22:33:57+00:00",
            "tweet_raw": "Tickets for Adele's North American Tour go on sale Friday, 2/11. Check local markets for specific on-sale times. http://bit.ly/fhArdp",
            "tweet": "tickets for adele's north american tour go on sale friday, 2/11. check local markets for specific on-sale times. http://bit.ly/fhardp"
        },
        {
            "date": "2011-12-05 16:01:01+00:00",
            "tweet_raw": "F*ck me that was quick!ThankU! I'm in bed,watchin Gladiator,eatin an apple. Heres a pic of me&Queen B last wk in NYC!X http://t.co/fw5NLzOE",
            "tweet": "f*ck me that was quick!thanku! i'm in bed,watchin gladiator,eatin an apple. heres a pic of me&queen b last wk in nyc!x http://t.co/fw5nlzoe"
        },
        {
            "date": "2012-05-21 16:21:59+00:00",
            "tweet_raw": "Wow! Thank you @Billboard You've been amazing all year, thanks so much for the support. Yours always x",
            "tweet": "wow! thank you  you've been amazing all year, thanks so much for the support. yours always x"
        },
        {
            "date": "2021-12-02 19:53:12+00:00",
            "tweet_raw": "Finally got to get my face done by Ms Nikkie! https://t.co/23q51RRXYD",
            "tweet": "finally got to get my face done by ms nikkie! "
        },
        {
            "date": "2012-01-18 13:35:14+00:00",
            "tweet_raw": "A short blog... http://t.co/rA3Matf4",
            "tweet": "a short blog... http://t.co/ra3matf4"
        },
        {
            "date": "2011-04-06 15:15:10+00:00",
            "tweet_raw": "Adele celebrates @RecordStoreDay on April 16 in the U.S. with a Limited-Edition 10\u201d Vinyl! More info here: http://bit.ly/gLcr7F",
            "tweet": "adele celebrates  on april 16 in the u.s. with a limited-edition 10\u201d vinyl! more info here: http://bit.ly/glcr7f"
        },
        {
            "date": "2012-10-01 13:30:09+00:00",
            "tweet_raw": "http://t.co/LXzCxAev",
            "tweet": "http://t.co/lxzcxaev"
        },
        {
            "date": "2011-06-23 14:26:44+00:00",
            "tweet_raw": "Adele\u2019s North American tour rescheduled with some newly added shows - Read more here: http://t.co/fl0fq9N",
            "tweet": "adele\u2019s north american tour rescheduled with some newly added shows - read more here: http://t.co/fl0fq9n"
        },
        {
            "date": "2010-12-10 18:19:26+00:00",
            "tweet_raw": "Have you read Adele's latest blog yet? Check it out over at Adele.tv here: http://bit.ly/hQWTgJ",
            "tweet": "have you read adele's latest blog yet? check it out over at adele.tv here: http://bit.ly/hqwtgj"
        },
        {
            "date": "2011-04-13 11:06:20+00:00",
            "tweet_raw": "YESSSSSS!... Read more from Adele on her new blog post here: http://bit.ly/elmq8D",
            "tweet": "yessssss!... read more from adele on her new blog post here: http://bit.ly/elmq8d"
        },
        {
            "date": "2011-10-28 16:03:31+00:00",
            "tweet_raw": "With deep regret, Adele has been forced to cancel her remaining live dates and promotional appearances in 2011. http://t.co/aUYdbNXe",
            "tweet": "with deep regret, adele has been forced to cancel her remaining live dates and promotional appearances in 2011. http://t.co/auydbnxe"
        },
        {
            "date": "2021-10-07 16:02:38+00:00",
            "tweet_raw": "British Vogue \ud83c\uddec\ud83c\udde7\nhttps://t.co/UgGgfbF6lZ https://t.co/V3p8UcZ7mk",
            "tweet": "british vogue \ud83c\uddec\ud83c\udde7\n "
        },
        {
            "date": "2011-10-04 21:51:51+00:00",
            "tweet_raw": "Adele forced to cancel US tour dates http://t.co/Rrcpd8gk",
            "tweet": "adele forced to cancel us tour dates http://t.co/rrcpd8gk"
        },
        {
            "date": "2012-01-06 23:24:28+00:00",
            "tweet_raw": "Just met a baby white tiger!! Happy new year y'all xx http://t.co/rovMNmLd",
            "tweet": "just met a baby white tiger!! happy new year y'all xx http://t.co/rovmnmld"
        },
        {
            "date": "2011-01-25 16:06:35+00:00",
            "tweet_raw": "Thanks so much to everyone who came down last night... Read more from @OfficialAdele on her new blog post here: http://bit.ly/adelethankyou",
            "tweet": "thanks so much to everyone who came down last night... read more from  on her new blog post here: http://bit.ly/adelethankyou"
        },
        {
            "date": "2021-10-13 14:00:15+00:00",
            "tweet_raw": "30 - November 19 https://t.co/vp6ornlda2",
            "tweet": "30 - november 19 "
        },
        {
            "date": "2011-01-16 11:55:47+00:00",
            "tweet_raw": "If you're in the UK, Rolling In The Deep is OUT NOW on iTunes: http://bit.ly/rollinginthedeepitunes",
            "tweet": "if you're in the uk, rolling in the deep is out now on itunes: http://bit.ly/rollinginthedeepitunes"
        },
        {
            "date": "2011-11-10 16:49:53+00:00",
            "tweet_raw": "RT @GleeTheMusic : Check out Glee's video for @OfficialAdele's \"Rumour Has It/Someone Like You.\" http://t.co/EwWfuUYP",
            "tweet": "rt  : check out glee's video for 's \"rumour has it/someone like you.\" http://t.co/ewwfuuyp"
        },
        {
            "date": "2010-12-07 21:30:41+00:00",
            "tweet_raw": "Watch Adele's @VEVO ASK:REPLY feature where she answers questions direct from the fans! See if she answered yours here: http://bit.ly/f3A52u",
            "tweet": "watch adele's  ask:reply feature where she answers questions direct from the fans! see if she answered yours here: http://bit.ly/f3a52u"
        },
        {
            "date": "2011-01-18 16:35:21+00:00",
            "tweet_raw": "Happy New Year To You And Yours! Read more from @OfficialAdele on her new blog post here: http://bit.ly/hu4MOT",
            "tweet": "happy new year to you and yours! read more from  on her new blog post here: http://bit.ly/hu4mot"
        },
        {
            "date": "2017-10-04 18:56:41+00:00",
            "tweet_raw": "This is a STUNNING album! @IbeyiOfficial https://t.co/wUpEmHzekX",
            "tweet": "this is a stunning album!  "
        },
        {
            "date": "2012-06-04 21:11:22+00:00",
            "tweet_raw": "Coldplay are magical!! X http://t.co/Hc8cfSMX",
            "tweet": "coldplay are magical!! x http://t.co/hc8cfsmx"
        },
        {
            "date": "2021-11-23 15:02:42+00:00",
            "tweet_raw": "NRJ Awards 2021 \ud83c\uddeb\ud83c\uddf7\nhttps://t.co/BuNAkNrWcx https://t.co/PEvYJdEO27",
            "tweet": "nrj awards 2021 \ud83c\uddeb\ud83c\uddf7\n "
        },
        {
            "date": "2016-08-01 21:14:11+00:00",
            "tweet_raw": "Saw this in Golden Gate Park this morning \u2764\ufe0f https://t.co/jm3xfVAFU0",
            "tweet": "saw this in golden gate park this morning \u2764\ufe0f "
        },
        {
            "date": "2012-08-30 16:15:58+00:00",
            "tweet_raw": "I'm not married...Zzzzzzz",
            "tweet": "i'm not married...zzzzzzz"
        },
        {
            "date": "2015-06-04 21:28:09+00:00",
            "tweet_raw": "My bestest friend has her 4th Darcy Burdock book out NOW! Oh Obviously!! Get it here - http://t.co/PR6biyHW66",
            "tweet": "my bestest friend has her 4th darcy burdock book out now! oh obviously!! get it here - http://t.co/pr6biyhw66"
        },
        {
            "date": "2011-07-08 14:23:48+00:00",
            "tweet_raw": "Last night, ADELE played the #itunesfestival in London. You can watch the whole show here: http://t.co/49aYist",
            "tweet": "last night, adele played the  in london. you can watch the whole show here: http://t.co/49ayist"
        },
        {
            "date": "2011-10-04 21:51:51+00:00",
            "tweet_raw": "Adele forced to cancel US tour dates http://t.co/Rrcpd8gk",
            "tweet": "adele forced to cancel us tour dates http://t.co/rrcpd8gk"
        },
        {
            "date": "2011-04-12 21:15:05+00:00",
            "tweet_raw": "Check out the latest episode of \"Tea Time\" & find out some of my favorite music moments http://bit.ly/fzArwL",
            "tweet": "check out the latest episode of \"tea time\" & find out some of my favorite music moments http://bit.ly/fzarwl"
        },
        {
            "date": "2011-01-25 16:06:35+00:00",
            "tweet_raw": "Thanks so much to everyone who came down last night... Read more from @OfficialAdele on her new blog post here: http://bit.ly/adelethankyou",
            "tweet": "thanks so much to everyone who came down last night... read more from  on her new blog post here: http://bit.ly/adelethankyou"
        },
        {
            "date": "2011-10-26 11:04:15+00:00",
            "tweet_raw": "Adele 'Live At The Royal Albert Hall' - Blu-Ray/DVD and CD - Pre-Order Now: http://t.co/x95Gjg3p",
            "tweet": "adele 'live at the royal albert hall' - blu-ray/dvd and cd - pre-order now: http://t.co/x95gjg3p"
        },
        {
            "date": "2010-11-15 20:01:11+00:00",
            "tweet_raw": "Listen to a new song \"Rolling In The Deep\" from Adele's forthcoming album '21'! http://bit.ly/adeleritd",
            "tweet": "listen to a new song \"rolling in the deep\" from adele's forthcoming album '21'! http://bit.ly/adeleritd"
        },
        {
            "date": "2021-10-05 14:00:32+00:00",
            "tweet_raw": "Easy On Me - October 15 https://t.co/7HRvxAfEqy",
            "tweet": "easy on me - october 15 "
        },
        {
            "date": "2012-05-10 16:57:52+00:00",
            "tweet_raw": "Get a sneak peek of \u201cAdele Live in London with Matt Lauer\u201d now on @todayshow  http://t.co/0WYHL9YC",
            "tweet": "get a sneak peek of \u201cadele live in london with matt lauer\u201d now on   http://t.co/0wyhl9yc"
        },
        {
            "date": "2012-03-22 11:35:05+00:00",
            "tweet_raw": "Even Louie wants you to get involved! #cleanwaterforall http://t.co/C3qizBCH",
            "tweet": "even louie wants you to get involved!  http://t.co/c3qizbch"
        },
        {
            "date": "2011-01-13 22:23:10+00:00",
            "tweet_raw": "Check out Adele's interview with MSN UK where she talks about the making of 21. Part 1: http://bit.ly/fVmeeN & Part 2: http://bit.ly/fgPPoG",
            "tweet": "check out adele's interview with msn uk where she talks about the making of 21. part 1: http://bit.ly/fvmeen & part 2: http://bit.ly/fgppog"
        },
        {
            "date": "2011-09-02 14:44:17+00:00",
            "tweet_raw": "Adele will be a guest on The Jonathan Ross Show this Saturday. Tune into ITV1 at 9:45pm for chat with @wossy and more...",
            "tweet": "adele will be a guest on the jonathan ross show this saturday. tune into itv1 at 9:45pm for chat with  and more..."
        },
        {
            "date": "2010-12-15 19:36:13+00:00",
            "tweet_raw": "Watch Adele perform \"Rolling In The Deep\" acoustic on a rooftop in Hollywood here: http://bit.ly/fV05Kh",
            "tweet": "watch adele perform \"rolling in the deep\" acoustic on a rooftop in hollywood here: http://bit.ly/fv05kh"
        },
        {
            "date": "2011-12-21 13:23:48+00:00",
            "tweet_raw": "Back on the grind. Hair and make up did. Merry Christmas! Axx http://t.co/kbBE0A1e",
            "tweet": "back on the grind. hair and make up did. merry christmas! axx http://t.co/kbbe0a1e"
        },
        {
            "date": "2013-02-13 00:46:38+00:00",
            "tweet_raw": "Chris Brown and I were complimenting each other in that photo actually!",
            "tweet": "chris brown and i were complimenting each other in that photo actually!"
        },
        {
            "date": "2010-12-07 22:53:21+00:00",
            "tweet_raw": "Check out a new blog from Adele over at her website! http://bit.ly/hQWTgJ",
            "tweet": "check out a new blog from adele over at her website! http://bit.ly/hqwtgj"
        },
        {
            "date": "2015-03-22 09:31:53+00:00",
            "tweet_raw": "It's World Water Day! For every RT this gets, @LifeWaterUK will give 100 gallons of clean water to someone in need. #cleanwaterforall xx",
            "tweet": "it's world water day! for every rt this gets,  will give 100 gallons of clean water to someone in need.  xx"
        },
        {
            "date": "2011-07-25 14:23:16+00:00",
            "tweet_raw": "AMY FLIES IN PARADISE X... Read more from Adele on her new blog post here:  http://t.co/faTtomY",
            "tweet": "amy flies in paradise x... read more from adele on her new blog post here:  http://t.co/fattomy"
        },
        {
            "date": "2013-10-07 16:14:27+00:00",
            "tweet_raw": "This Sam Smith song is so so good http://t.co/5BpkPUTzyt xx",
            "tweet": "this sam smith song is so so good http://t.co/5bpkputzyt xx"
        },
        {
            "date": "2010-11-30 15:40:37+00:00",
            "tweet_raw": "Adele's '21' is now available for pre-order in the US! Get it @iTunesMusic or @Amazon here: http://www.adele.tv/21/",
            "tweet": "adele's '21' is now available for pre-order in the us! get it  or  here: http://www.adele.tv/21/"
        },
        {
            "date": "2011-11-21 10:19:47+00:00",
            "tweet_raw": "I Love This... Read more from Adele on her new blog post here: http://t.co/sYRdgj2y",
            "tweet": "i love this... read more from adele on her new blog post here: http://t.co/syrdgj2y"
        },
        {
            "date": "2011-08-29 17:48:24+00:00",
            "tweet_raw": "Watch \"Someone Like You\" performed live at the @MTV #VMA http://t.co/UPUqBUD",
            "tweet": "watch \"someone like you\" performed live at the   http://t.co/upuqbud"
        },
        {
            "date": "2011-07-08 14:23:48+00:00",
            "tweet_raw": "Last night, ADELE played the #itunesfestival in London. You can watch the whole show here: http://t.co/49aYist",
            "tweet": "last night, adele played the  in london. you can watch the whole show here: http://t.co/49ayist"
        },
        {
            "date": "2021-10-21 16:09:44+00:00",
            "tweet_raw": "73 Questions... or something, I've lost count! \nhttps://t.co/RSmWpXGDym https://t.co/kVbrwfVDyJ",
            "tweet": "73 questions... or something, i've lost count! \n "
        },
        {
            "date": "2011-04-13 11:06:20+00:00",
            "tweet_raw": "YESSSSSS!... Read more from Adele on her new blog post here: http://bit.ly/elmq8D",
            "tweet": "yessssss!... read more from adele on her new blog post here: http://bit.ly/elmq8d"
        },
        {
            "date": "2012-08-30 16:15:58+00:00",
            "tweet_raw": "I'm not married...Zzzzzzz",
            "tweet": "i'm not married...zzzzzzz"
        },
        {
            "date": "2011-11-29 15:34:05+00:00",
            "tweet_raw": "Adele's \"Live At The Royal Albert Hall\" concert film is out now on DVD/Blu-ray http://t.co/JhXwRBO9",
            "tweet": "adele's \"live at the royal albert hall\" concert film is out now on dvd/blu-ray http://t.co/jhxwrbo9"
        },
        {
            "date": "2015-05-27 22:53:15+00:00",
            "tweet_raw": "So...tonight was THE best night of my life. I love you Stevie Nicks!! The queen of melodies! Thanks for everything x http://t.co/OKukHIpiV4",
            "tweet": "so...tonight was the best night of my life. i love you stevie nicks!! the queen of melodies! thanks for everything x http://t.co/okukhipiv4"
        },
        {
            "date": "2011-02-27 20:17:33+00:00",
            "tweet_raw": "Pick up Adele's new album '21' at @iTunesMusic in the U.S. and get the bonus track \"I Found A Boy\" http://bit.ly/eWHef1",
            "tweet": "pick up adele's new album '21' at  in the u.s. and get the bonus track \"i found a boy\" http://bit.ly/ewhef1"
        },
        {
            "date": "2014-07-08 07:57:28+00:00",
            "tweet_raw": "My good friend Example has a new album out and you can get it here x\nhttp://t.co/pPNXIoCVBS",
            "tweet": "my good friend example has a new album out and you can get it here x\nhttp://t.co/ppnxiocvbs"
        },
        {
            "date": "2012-05-18 12:52:15+00:00",
            "tweet_raw": "Loving my Ivor! Thank you so much x",
            "tweet": "loving my ivor! thank you so much x"
        }
    ],
    "len": 100
}