{
    "account": "@axlrose",
    "type": "Rock",
    "tweets": [
        {
            "date": "2014-11-22 13:32:25+00:00",
            "tweet_raw": "Nothing says \"Refreshment\" like a good stiff \"Cosby!\"",
            "tweet": "nothing says \"refreshment\" like a good stiff \"cosby!\""
        },
        {
            "date": "2010-03-20 08:16:40+00:00",
            "tweet_raw": "Attention!! Important Notice!! \n\nWe can now say officially we will be coming to Panama, Costa Rica, El Salvador, (cont) http://tl.gd/ifqus",
            "tweet": "attention!! important notice!! \n\nwe can now say officially we will be coming to panama, costa rica, el salvador, (cont) http://tl.gd/ifqus"
        },
        {
            "date": "2013-06-07 06:10:07+00:00",
            "tweet_raw": "Hope I wasn't 2 disappointing. Already home in before (so rock! ha!] Crowd and venue were great! Lookin' 4ward 2 the GBall Peace!",
            "tweet": "hope i wasn't 2 disappointing. already home in before (so rock! ha!] crowd and venue were great! lookin' 4ward 2 the gball peace!"
        },
        {
            "date": "2014-06-30 01:12:13+00:00",
            "tweet_raw": "Jesus Geist! Utah cops can enter ur fenced in yard w/0 evidence of anything against u n shoot ur \"aggressive\" dog rather than exit the area?",
            "tweet": "jesus geist! utah cops can enter ur fenced in yard w/0 evidence of anything against u n shoot ur \"aggressive\" dog rather than exit the area?"
        },
        {
            "date": "2022-03-31 21:12:12+00:00",
            "tweet_raw": "Happy Birthday boss. https://t.co/Ww4hMIfqtG",
            "tweet": "happy birthday boss. "
        },
        {
            "date": "2016-08-24 20:32:44+00:00",
            "tweet_raw": "Special heartfelt Thanks to Alice in Chains, Tyler Bryant &amp; the Shakedown, Chris Stapleton, Wolfmother, Billy Talent, Lenny Kravitz (cont.)",
            "tweet": "special heartfelt thanks to alice in chains, tyler bryant &amp; the shakedown, chris stapleton, wolfmother, billy talent, lenny kravitz (cont.)"
        },
        {
            "date": "2014-02-13 18:28:52+00:00",
            "tweet_raw": "Giraffica franchises r blowin' up like dandelions! I'll take a dbl Marius Happy Meal n' a McGrib 2 go! Det h\u00e6nger mig langt ud af halsen!!",
            "tweet": "giraffica franchises r blowin' up like dandelions! i'll take a dbl marius happy meal n' a mcgrib 2 go! det h\u00e6nger mig langt ud af halsen!!"
        },
        {
            "date": "2010-02-02 01:44:55+00:00",
            "tweet_raw": "8:51am Mission Quebec City: Slept a couple hrs. Stuck in Montreal traffic. Everyone's asleep. Bubbles is on (cont) http://tl.gd/6gtrc",
            "tweet": "8:51am mission quebec city: slept a couple hrs. stuck in montreal traffic. everyone's asleep. bubbles is on (cont) http://tl.gd/6gtrc"
        },
        {
            "date": "2010-03-15 00:05:11+00:00",
            "tweet_raw": "RIO UPDATE: All injuries appear to be minor. There were originally radio reports of a fatality which has (cont) http://tl.gd/gl1ud",
            "tweet": "rio update: all injuries appear to be minor. there were originally radio reports of a fatality which has (cont) http://tl.gd/gl1ud"
        },
        {
            "date": "2014-02-05 05:19:53+00:00",
            "tweet_raw": "Oh well, so much for science! But hey, they still got that karaoke thing going for 'em! Awesome! They're (cont) http://t.co/sH544GkCgY",
            "tweet": "oh well, so much for science! but hey, they still got that karaoke thing going for 'em! awesome! they're (cont) http://t.co/sh544gkcgy"
        },
        {
            "date": "2012-04-17 20:48:30+00:00",
            "tweet_raw": "To: Cleveland, Ohio, Guns N' Roses Fans and everyone who's shown support for my decision regarding the Rock And (cont) http://t.co/0xJTAgpb",
            "tweet": "to: cleveland, ohio, guns n' roses fans and everyone who's shown support for my decision regarding the rock and (cont) http://t.co/0xjtagpb"
        },
        {
            "date": "2014-04-16 03:14:55+00:00",
            "tweet_raw": "Sea Level!!!",
            "tweet": "sea level!!!"
        },
        {
            "date": "2015-05-04 21:04:49+00:00",
            "tweet_raw": "7. May Pac II 4 Free\nNo Injury\u2022No Holding\u2022No Fee",
            "tweet": "7. may pac ii 4 free\nno injury\u2022no holding\u2022no fee"
        },
        {
            "date": "2010-01-25 05:53:41+00:00",
            "tweet_raw": "http://yfrog.com/4fny9yj",
            "tweet": "http://yfrog.com/4fny9yj"
        },
        {
            "date": "2010-01-01 04:00:38+00:00",
            "tweet_raw": "Fuck Alberto Menacho!!",
            "tweet": "fuck alberto menacho!!"
        },
        {
            "date": "2010-08-27 19:15:16+00:00",
            "tweet_raw": "Bkstage at Reading. Tour's ON! Our apologies 4 any inconvenience. Peace!",
            "tweet": "bkstage at reading. tour's on! our apologies 4 any inconvenience. peace!"
        },
        {
            "date": "2014-04-16 03:14:55+00:00",
            "tweet_raw": "Sea Level!!!",
            "tweet": "sea level!!!"
        },
        {
            "date": "2017-02-14 23:50:12+00:00",
            "tweet_raw": "Thank U Osaka, Kobe, Yokohama n' Saitama Japan!\ud83c\uddef\ud83c\uddf5 #rockshow",
            "tweet": "thank u osaka, kobe, yokohama n' saitama japan!\ud83c\uddef\ud83c\uddf5 "
        },
        {
            "date": "2014-09-11 19:44:27+00:00",
            "tweet_raw": "Breakfast. .. http://t.co/NpsPUSygpA",
            "tweet": "breakfast. .. http://t.co/npspusygpa"
        },
        {
            "date": "2014-12-20 00:14:46+00:00",
            "tweet_raw": "I said \n\"The 'No Swimsuit' Competition Round\" \nNot \"No Swimsuit Competition Round!!\"",
            "tweet": "i said \n\"the 'no swimsuit' competition round\" \nnot \"no swimsuit competition round!!\""
        },
        {
            "date": "2014-09-11 19:33:04+00:00",
            "tweet_raw": "http://t.co/qmP64Zt0zN",
            "tweet": "http://t.co/qmp64zt0zn"
        },
        {
            "date": "2015-04-03 22:09:04+00:00",
            "tweet_raw": "http://t.co/lbQ75kR6fh",
            "tweet": "http://t.co/lbq75kr6fh"
        },
        {
            "date": "2012-02-19 04:45:01+00:00",
            "tweet_raw": "Wanna thank everyone who made NY such a success!! Fans, Friends, Family, the Venues n' Staffs, n' New York City!!! UR AMAZING!!",
            "tweet": "wanna thank everyone who made ny such a success!! fans, friends, family, the venues n' staffs, n' new york city!!! ur amazing!!"
        },
        {
            "date": "2014-04-11 23:06:23+00:00",
            "tweet_raw": "In La Paz Bolivia! 13.5k above sea level! Looking 4ward to the show! Paraguay last nite after a crazy storm. Fans were hardcore!!",
            "tweet": "in la paz bolivia! 13.5k above sea level! looking 4ward to the show! paraguay last nite after a crazy storm. fans were hardcore!!"
        },
        {
            "date": "2013-12-26 08:57:08+00:00",
            "tweet_raw": "Big Thanx 2 all r fans, r crew, the band, r friends, families n' all r supporters this last yr n' over the yrs! Happy Holidays! Merry Xmas!",
            "tweet": "big thanx 2 all r fans, r crew, the band, r friends, families n' all r supporters this last yr n' over the yrs! happy holidays! merry xmas!"
        },
        {
            "date": "2011-02-05 03:20:28+00:00",
            "tweet_raw": "N' b4 it's twisted \"prior involvements\" has nothing to do with old GN\"R.",
            "tweet": "n' b4 it's twisted \"prior involvements\" has nothing to do with old gn\"r."
        },
        {
            "date": "2014-04-11 23:06:23+00:00",
            "tweet_raw": "In La Paz Bolivia! 13.5k above sea level! Looking 4ward to the show! Paraguay last nite after a crazy storm. Fans were hardcore!!",
            "tweet": "in la paz bolivia! 13.5k above sea level! looking 4ward to the show! paraguay last nite after a crazy storm. fans were hardcore!!"
        },
        {
            "date": "2010-02-17 02:31:40+00:00",
            "tweet_raw": "Fuck!! The NY shows were insane!! Love the free form laid back vibe n' both were completely different from r (cont) http://tl.gd/9jp8d",
            "tweet": "fuck!! the ny shows were insane!! love the free form laid back vibe n' both were completely different from r (cont) http://tl.gd/9jp8d"
        },
        {
            "date": "2010-01-14 03:09:53+00:00",
            "tweet_raw": "http://yfrog.com/4ildilj",
            "tweet": "http://yfrog.com/4ildilj"
        },
        {
            "date": "2019-01-07 19:59:13+00:00",
            "tweet_raw": "\u201cThe fools are they who enable this constitutional immorality. Those fools are the Senate Republicans, who have placed party over country, and President Trump over the Republican Party.\u201d\nHarvard Law Professor Lawrence Lessig  (Huffpo)",
            "tweet": "\u201cthe fools are they who enable this constitutional immorality. those fools are the senate republicans, who have placed party over country, and president trump over the republican party.\u201d\nharvard law professor lawrence lessig  (huffpo)"
        },
        {
            "date": "2020-07-03 23:00:58+00:00",
            "tweet_raw": "Jerome Adams is \na: A coward\nb: A POS\nc: Both\nResign. U don\u2019t deserve the job or title. America deserves better.",
            "tweet": "jerome adams is \na: a coward\nb: a pos\nc: both\nresign. u don\u2019t deserve the job or title. america deserves better."
        },
        {
            "date": "2012-02-08 23:50:37+00:00",
            "tweet_raw": "THANKS! for the time and dedication for the bday videos / wishes.  Hope to see you all soon.",
            "tweet": "thanks! for the time and dedication for the bday videos / wishes.  hope to see you all soon."
        },
        {
            "date": "2015-04-04 20:47:48+00:00",
            "tweet_raw": "Thx to the 1000s that have supported @msmithbubbles and @trailerparkboys. Sign the petitiion here: https://t.co/VK4phQlnND",
            "tweet": "thx to the 1000s that have supported  and . sign the petitiion here: "
        },
        {
            "date": "2011-11-24 19:17:28+00:00",
            "tweet_raw": "Happy Thanksgiving to all americans",
            "tweet": "happy thanksgiving to all americans"
        },
        {
            "date": "2022-02-05 22:25:59+00:00",
            "tweet_raw": "Happy birthday Duff n\u2019 Del!!!\n\n\ud83c\udf89\ud83c\udf81\ud83c\udf8a\ud83d\udc83\ud83c\udffb\ud83c\udf82",
            "tweet": "happy birthday duff n\u2019 del!!!\n\n\ud83c\udf89\ud83c\udf81\ud83c\udf8a\ud83d\udc83\ud83c\udffb\ud83c\udf82"
        },
        {
            "date": "2011-02-05 03:08:28+00:00",
            "tweet_raw": "Contrary to anyone's claims there are no concrete plans nor were there ever for a tour, a relaunch or sponsors (cont) http://tl.gd/8k2fug",
            "tweet": "contrary to anyone's claims there are no concrete plans nor were there ever for a tour, a relaunch or sponsors (cont) http://tl.gd/8k2fug"
        },
        {
            "date": "2012-06-07 17:11:27+00:00",
            "tweet_raw": "Got my things back (really just an excited fan.) Thank you to the person for returning them n' big thanks 2 the Paris police",
            "tweet": "got my things back (really just an excited fan.) thank you to the person for returning them n' big thanks 2 the paris police"
        },
        {
            "date": "2020-11-03 03:13:11+00:00",
            "tweet_raw": "VOTE\nFor The Future\nOf Our Country\nOur Planet\nYour Planet\nThis Planet\nThe Only Planet We Have\nVOTE\nFor Those Who Fought,\nSuffered And Died\nTo Create And Protect\nYour Right To Vote",
            "tweet": "vote\nfor the future\nof our country\nour planet\nyour planet\nthis planet\nthe only planet we have\nvote\nfor those who fought,\nsuffered and died\nto create and protect\nyour right to vote"
        },
        {
            "date": "2015-04-04 20:47:48+00:00",
            "tweet_raw": "Thx to the 1000s that have supported @msmithbubbles and @trailerparkboys. Sign the petitiion here: https://t.co/VK4phQlnND",
            "tweet": "thx to the 1000s that have supported  and . sign the petitiion here: "
        },
        {
            "date": "2014-10-19 22:01:30+00:00",
            "tweet_raw": "RIP Jasper http://t.co/9078fmdI3i",
            "tweet": "rip jasper http://t.co/9078fmdi3i"
        },
        {
            "date": "2018-10-18 16:41:39+00:00",
            "tweet_raw": "Come do that to me u fuckin\u2019 pussy. I\u2019ll b waitin\u2019. https://t.co/GZF8MP67jz",
            "tweet": "come do that to me u fuckin\u2019 pussy. i\u2019ll b waitin\u2019. "
        },
        {
            "date": "2010-08-30 14:43:46+00:00",
            "tweet_raw": "Don't know what it is w/us or these last 2 shows. Takes the fun out it 4 everyone fans, band n' crew alike but (cont) http://tl.gd/3dfll0",
            "tweet": "don't know what it is w/us or these last 2 shows. takes the fun out it 4 everyone fans, band n' crew alike but (cont) http://tl.gd/3dfll0"
        },
        {
            "date": "2013-12-26 08:57:22+00:00",
            "tweet_raw": "Hope every1 had a good yr! Wish every1 a Happy New Year n' a better next yr! Peace!! Axl",
            "tweet": "hope every1 had a good yr! wish every1 a happy new year n' a better next yr! peace!! axl"
        },
        {
            "date": "2020-07-05 03:52:40+00:00",
            "tweet_raw": "My disdain 4 r current administration n\u2019 what I perceive as it\u2019s threat to r democracy is no secret. I\u2019m not (cont) https://t.co/vXSKO5lVBt",
            "tweet": "my disdain 4 r current administration n\u2019 what i perceive as it\u2019s threat to r democracy is no secret. i\u2019m not (cont) "
        },
        {
            "date": "2011-11-24 19:17:28+00:00",
            "tweet_raw": "Happy Thanksgiving to all americans",
            "tweet": "happy thanksgiving to all americans"
        },
        {
            "date": "2010-03-01 00:09:55+00:00",
            "tweet_raw": "IMPORTANT NOTICE!!!\n\nThere are NO new Guns N' Roses shows added to our current onsale itinerary dated as of (cont) http://tl.gd/cl5tn",
            "tweet": "important notice!!!\n\nthere are no new guns n' roses shows added to our current onsale itinerary dated as of (cont) http://tl.gd/cl5tn"
        },
        {
            "date": "2010-08-29 12:37:34+00:00",
            "tweet_raw": "In regard to Reading we feel at the very least the fans deserve an apology from those responsible for the (cont) http://tl.gd/3ctr0s",
            "tweet": "in regard to reading we feel at the very least the fans deserve an apology from those responsible for the (cont) http://tl.gd/3ctr0s"
        },
        {
            "date": "2014-02-13 22:07:28+00:00",
            "tweet_raw": "Dear Director, No more Giraffables please, thank you! Ur borderless buddy, Axl.",
            "tweet": "dear director, no more giraffables please, thank you! ur borderless buddy, axl."
        },
        {
            "date": "2010-03-26 05:04:14+00:00",
            "tweet_raw": "Headed 4 Lima! Was great gettin' back 2 Buenos Aires!! The crowds everywhere on this tour r unique un2 (cont) http://tl.gd/khqgq",
            "tweet": "headed 4 lima! was great gettin' back 2 buenos aires!! the crowds everywhere on this tour r unique un2 (cont) http://tl.gd/khqgq"
        },
        {
            "date": "2015-02-15 01:40:07+00:00",
            "tweet_raw": "HAPPY VALENTINES DAY",
            "tweet": "happy valentines day"
        },
        {
            "date": "2011-12-08 07:14:03+00:00",
            "tweet_raw": "I'd like to thank the Rock N' Roll Hall of Fame and our fans. This is your victory.",
            "tweet": "i'd like to thank the rock n' roll hall of fame and our fans. this is your victory."
        },
        {
            "date": "2013-12-26 08:57:08+00:00",
            "tweet_raw": "Big Thanx 2 all r fans, r crew, the band, r friends, families n' all r supporters this last yr n' over the yrs! Happy Holidays! Merry Xmas!",
            "tweet": "big thanx 2 all r fans, r crew, the band, r friends, families n' all r supporters this last yr n' over the yrs! happy holidays! merry xmas!"
        },
        {
            "date": "2014-12-04 04:16:25+00:00",
            "tweet_raw": "http://t.co/FoUSkevfwR",
            "tweet": "http://t.co/fouskevfwr"
        },
        {
            "date": "2010-03-20 08:16:40+00:00",
            "tweet_raw": "Attention!! Important Notice!! \n\nWe can now say officially we will be coming to Panama, Costa Rica, El Salvador, (cont) http://tl.gd/ifqus",
            "tweet": "attention!! important notice!! \n\nwe can now say officially we will be coming to panama, costa rica, el salvador, (cont) http://tl.gd/ifqus"
        },
        {
            "date": "2020-07-04 23:28:12+00:00",
            "tweet_raw": "Dijon doesn\u2019t dig peeps spreadin\u2019 fear n\u2019 division on his bday!! Happy 4th everyone!!\u00a0\u00a0\ud83c\uddfa\ud83c\uddf8\ud83c\uddfa\ud83c\uddf8\ud83c\udf89\ud83c\udf89\ud83d\udca5\ud83d\udca5\ud83d\udca5\ud83c\udf89\ud83c\udf89\ud83c\uddfa\ud83c\uddf8\ud83c\uddfa\ud83c\uddf8 https://t.co/YqBlARSraY",
            "tweet": "dijon doesn\u2019t dig peeps spreadin\u2019 fear n\u2019 division on his bday!! happy 4th everyone!!\u00a0\u00a0\ud83c\uddfa\ud83c\uddf8\ud83c\uddfa\ud83c\uddf8\ud83c\udf89\ud83c\udf89\ud83d\udca5\ud83d\udca5\ud83d\udca5\ud83c\udf89\ud83c\udf89\ud83c\uddfa\ud83c\uddf8\ud83c\uddfa\ud83c\uddf8 "
        },
        {
            "date": "2014-06-05 02:26:33+00:00",
            "tweet_raw": "\"In Tianamen Square... I lost my baby there...\" Roger Waters",
            "tweet": "\"in tianamen square... i lost my baby there...\" roger waters"
        },
        {
            "date": "2016-08-24 18:29:34+00:00",
            "tweet_raw": "Thank U San Diego!! Thank U USA!! Every show, every audience was pretty overwhelming! Let's get together again some time!!\ud83c\udf89\ud83d\udca5\ud83c\udf7e\ud83c\udf9f\ud83c\udfa4\ud83c\udfb8\ud83d\udd0a\ud83d\udd0a\ud83d\udd0a",
            "tweet": "thank u san diego!! thank u usa!! every show, every audience was pretty overwhelming! let's get together again some time!!\ud83c\udf89\ud83d\udca5\ud83c\udf7e\ud83c\udf9f\ud83c\udfa4\ud83c\udfb8\ud83d\udd0a\ud83d\udd0a\ud83d\udd0a"
        },
        {
            "date": "2010-01-01 04:00:38+00:00",
            "tweet_raw": "Fuck Alberto Menacho!!",
            "tweet": "fuck alberto menacho!!"
        },
        {
            "date": "2009-12-12 18:51:21+00:00",
            "tweet_raw": "What a way to kick things off!! What an amazing time!! Thank U Taipei!! Thank U Taiwan!! Thanks 2 everyone 4 all t (cont) http://tl.gd/181q6",
            "tweet": "what a way to kick things off!! what an amazing time!! thank u taipei!! thank u taiwan!! thanks 2 everyone 4 all t (cont) http://tl.gd/181q6"
        },
        {
            "date": "2012-11-09 08:18:13+00:00",
            "tweet_raw": "Good times in Vega$$! Enter here http://t.co/kehBDWfJ for a chance to see us play &amp; catch tomorrow's show on Ozzy's Boneyard @SiriusXM #38",
            "tweet": "good times in vega$$! enter here http://t.co/kehbdwfj for a chance to see us play &amp; catch tomorrow's show on ozzy's boneyard  "
        },
        {
            "date": "2011-12-25 20:38:04+00:00",
            "tweet_raw": "Merry X-Mas",
            "tweet": "merry x-mas"
        },
        {
            "date": "2014-01-02 00:04:29+00:00",
            "tweet_raw": "Happy New Year's Bitches!!",
            "tweet": "happy new year's bitches!!"
        },
        {
            "date": "2017-05-14 22:47:00+00:00",
            "tweet_raw": "Crazy Night @billyjoel https://t.co/D56UITAPgC",
            "tweet": "crazy night  "
        },
        {
            "date": "2015-04-29 02:25:34+00:00",
            "tweet_raw": "1. It's deeply troubling President Widodo ignoring International outcry went thru w/8 of the executions.",
            "tweet": "1. it's deeply troubling president widodo ignoring international outcry went thru w/8 of the executions."
        },
        {
            "date": "2010-03-20 08:16:40+00:00",
            "tweet_raw": "Attention!! Important Notice!! \n\nWe can now say officially we will be coming to Panama, Costa Rica, El Salvador, (cont) http://tl.gd/ifqus",
            "tweet": "attention!! important notice!! \n\nwe can now say officially we will be coming to panama, costa rica, el salvador, (cont) http://tl.gd/ifqus"
        },
        {
            "date": "2014-10-31 22:49:27+00:00",
            "tweet_raw": "Happy Halloween! Anyone going as Kaci Hickox? Or dat just a Maine thang? http://t.co/zDlBLrdsyq",
            "tweet": "happy halloween! anyone going as kaci hickox? or dat just a maine thang? http://t.co/zdlblrdsyq"
        },
        {
            "date": "2010-04-10 13:20:58+00:00",
            "tweet_raw": "3 shows 2 go!! No word on if there'll b a makeup 4 Costa Rica. Though we'd obviously rather have a had a fun show (cont) http://tl.gd/qff8q",
            "tweet": "3 shows 2 go!! no word on if there'll b a makeup 4 costa rica. though we'd obviously rather have a had a fun show (cont) http://tl.gd/qff8q"
        },
        {
            "date": "2012-12-13 05:30:31+00:00",
            "tweet_raw": "This guy's a party animal! RT @gunsnroses: After the show in #Delhi @axlrose took some time and said hello to some fans http://t.co/eUi3AIqo",
            "tweet": "this guy's a party animal! rt : after the show in   took some time and said hello to some fans http://t.co/eui3aiqo"
        },
        {
            "date": "2010-01-02 01:41:20+00:00",
            "tweet_raw": "Happy New Year!! All the best to every1 (even u Menacho!)",
            "tweet": "happy new year!! all the best to every1 (even u menacho!)"
        },
        {
            "date": "2014-11-21 22:38:44+00:00",
            "tweet_raw": "New drink called the \"Cosby.\" One glass n' u wake up w/out ur panties! \"It's good for u in so many ways!\"",
            "tweet": "new drink called the \"cosby.\" one glass n' u wake up w/out ur panties! \"it's good for u in so many ways!\""
        },
        {
            "date": "2012-02-14 15:14:53+00:00",
            "tweet_raw": "Happy Valentine's Day!!!",
            "tweet": "happy valentine's day!!!"
        },
        {
            "date": "2012-03-20 03:44:55+00:00",
            "tweet_raw": "@URNER1 Happy Birthday n' thanx 4 the shot girlz!!",
            "tweet": " happy birthday n' thanx 4 the shot girlz!!"
        },
        {
            "date": "2014-04-13 17:23:08+00:00",
            "tweet_raw": "Altitude! We're at some fuckin' Altitude! Thanx La Paz! Who's friggin' idea was it to open w/YCBM?! Someone shoot that guy! Ha!  Thanks.",
            "tweet": "altitude! we're at some fuckin' altitude! thanx la paz! who's friggin' idea was it to open w/ycbm?! someone shoot that guy! ha!  thanks."
        },
        {
            "date": "2014-10-19 22:01:30+00:00",
            "tweet_raw": "RIP Jasper http://t.co/9078fmdI3i",
            "tweet": "rip jasper http://t.co/9078fmdi3i"
        },
        {
            "date": "2012-05-16 13:27:07+00:00",
            "tweet_raw": "Can u say HemaToma?!!  http://t.co/AgggjrjK",
            "tweet": "can u say hematoma?!!  http://t.co/agggjrjk"
        },
        {
            "date": "2021-06-18 20:44:25+00:00",
            "tweet_raw": "Happy Birthday to Sir Paul McCartney.",
            "tweet": "happy birthday to sir paul mccartney."
        },
        {
            "date": "2014-02-17 10:26:27+00:00",
            "tweet_raw": "Over the past week I've put out a few intentionally sarcastic tweets in response and calling attention to (cont) http://t.co/4AxIFpdbGR",
            "tweet": "over the past week i've put out a few intentionally sarcastic tweets in response and calling attention to (cont) http://t.co/4axifpdbgr"
        },
        {
            "date": "2015-04-29 02:26:45+00:00",
            "tweet_raw": "4. 4 Widodo 2 b out of the country during his big statement refusing 2 take calls or read any last minute pleas 4 the condemned is cowardice",
            "tweet": "4. 4 widodo 2 b out of the country during his big statement refusing 2 take calls or read any last minute pleas 4 the condemned is cowardice"
        },
        {
            "date": "2014-09-11 19:20:32+00:00",
            "tweet_raw": "http://t.co/QYfYnvRlY9",
            "tweet": "http://t.co/qyfynvrly9"
        },
        {
            "date": "2012-10-03 22:15:39+00:00",
            "tweet_raw": "Vroom vroom... http://t.co/Td0neTA7",
            "tweet": "vroom vroom... http://t.co/td0neta7"
        },
        {
            "date": "2012-05-19 19:57:40+00:00",
            "tweet_raw": "50 Shades Of... Purple!! http://t.co/oa6R2vdp",
            "tweet": "50 shades of... purple!! http://t.co/oa6r2vdp"
        },
        {
            "date": "2012-03-12 17:21:58+00:00",
            "tweet_raw": "Ok folks-the Birthday prank is over-whoever has Beta's phone kindly return it to her OR if you fear the wrath of Beta get it to Fernando Thx",
            "tweet": "ok folks-the birthday prank is over-whoever has beta's phone kindly return it to her or if you fear the wrath of beta get it to fernando thx"
        },
        {
            "date": "2014-02-10 21:13:23+00:00",
            "tweet_raw": "Just enjoying the lion's share of some tasty baby Giraffica sliders! Mmmmm! What'll them crazy Danes think of next!",
            "tweet": "just enjoying the lion's share of some tasty baby giraffica sliders! mmmmm! what'll them crazy danes think of next!"
        },
        {
            "date": "2018-06-15 21:07:02+00:00",
            "tweet_raw": "Wow Italy... What a passionate crowd... Thank you Firenze Rocks \ud83c\uddee\ud83c\uddf9 https://t.co/peMKtfJbew",
            "tweet": "wow italy... what a passionate crowd... thank you firenze rocks \ud83c\uddee\ud83c\uddf9 "
        },
        {
            "date": "2012-05-19 19:57:40+00:00",
            "tweet_raw": "50 Shades Of... Purple!! http://t.co/oa6R2vdp",
            "tweet": "50 shades of... purple!! http://t.co/oa6r2vdp"
        },
        {
            "date": "2014-11-21 22:39:30+00:00",
            "tweet_raw": "Next time ur stressed Keep Calm! Don't get ur panties in a wad n' have a Cosby!",
            "tweet": "next time ur stressed keep calm! don't get ur panties in a wad n' have a cosby!"
        },
        {
            "date": "2014-02-11 17:30:09+00:00",
            "tweet_raw": "Lemme get a Giraffica, a homemade cherry Danish, some o' them pre-fried Pepper's... Oh! n' a liter of cola!",
            "tweet": "lemme get a giraffica, a homemade cherry danish, some o' them pre-fried pepper's... oh! n' a liter of cola!"
        },
        {
            "date": "2012-08-22 21:48:04+00:00",
            "tweet_raw": "1.) It's good 2 b bk!! Wanna thank the fans, band n' crew, the openers n' local crews 4 the great times in Europe n' Moscow!! C U in Vegas!!",
            "tweet": "1.) it's good 2 b bk!! wanna thank the fans, band n' crew, the openers n' local crews 4 the great times in europe n' moscow!! c u in vegas!!"
        },
        {
            "date": "2010-01-01 04:00:38+00:00",
            "tweet_raw": "Fuck Alberto Menacho!!",
            "tweet": "fuck alberto menacho!!"
        },
        {
            "date": "2014-11-21 22:39:30+00:00",
            "tweet_raw": "Next time ur stressed Keep Calm! Don't get ur panties in a wad n' have a Cosby!",
            "tweet": "next time ur stressed keep calm! don't get ur panties in a wad n' have a cosby!"
        },
        {
            "date": "2010-04-16 06:20:02+00:00",
            "tweet_raw": "We do hope to be able to play both Costa Rica n' Guatemala at a later date. Management n' promoters r in talks. (cont) http://tl.gd/ss1ck",
            "tweet": "we do hope to be able to play both costa rica n' guatemala at a later date. management n' promoters r in talks. (cont) http://tl.gd/ss1ck"
        },
        {
            "date": "2012-11-03 04:20:25+00:00",
            "tweet_raw": "Unbelievable! 3 days in Vegas &amp; still alive. The Bel-Air is on the Hard Rock floor and next month we go to India and Indonesia",
            "tweet": "unbelievable! 3 days in vegas &amp; still alive. the bel-air is on the hard rock floor and next month we go to india and indonesia"
        },
        {
            "date": "2013-02-08 00:37:22+00:00",
            "tweet_raw": "a belated \"Thank You\" for the birthday wishes, except @RJVEGAS!!! Looking see lots of you soon http://t.co/ZMyUMvot",
            "tweet": "a belated \"thank you\" for the birthday wishes, except !!! looking see lots of you soon http://t.co/zmyumvot"
        },
        {
            "date": "2013-01-28 01:35:30+00:00",
            "tweet_raw": "Terribly sorry for the families and friends who lost their loved ones at the club fire in Brazil and praying for those who are hurt",
            "tweet": "terribly sorry for the families and friends who lost their loved ones at the club fire in brazil and praying for those who are hurt"
        },
        {
            "date": "2012-05-19 19:57:40+00:00",
            "tweet_raw": "50 Shades Of... Purple!! http://t.co/oa6R2vdp",
            "tweet": "50 shades of... purple!! http://t.co/oa6r2vdp"
        },
        {
            "date": "2017-05-17 22:20:50+00:00",
            "tweet_raw": "Hope Mueller does better than he did with Interscope.",
            "tweet": "hope mueller does better than he did with interscope."
        },
        {
            "date": "2010-02-17 16:18:19+00:00",
            "tweet_raw": "Correction: In rereading I realized I addressed the clothing nonsense as soon as I was made aware not when it 1st (cont) http://tl.gd/9ot4u",
            "tweet": "correction: in rereading i realized i addressed the clothing nonsense as soon as i was made aware not when it 1st (cont) http://tl.gd/9ot4u"
        },
        {
            "date": "2011-07-05 00:00:31+00:00",
            "tweet_raw": "HAPPY 4TH OF JULY AND HAPPY BIRTHDAY DIJON",
            "tweet": "happy 4th of july and happy birthday dijon"
        },
        {
            "date": "2010-08-29 12:35:45+00:00",
            "tweet_raw": "We r in constant talks to ensure the fans attending Leeds get what they paid for w/out undue bureaucratic (cont) http://tl.gd/3ctq73",
            "tweet": "we r in constant talks to ensure the fans attending leeds get what they paid for w/out undue bureaucratic (cont) http://tl.gd/3ctq73"
        },
        {
            "date": "2015-04-03 22:09:04+00:00",
            "tweet_raw": "http://t.co/lbQ75kR6fh",
            "tweet": "http://t.co/lbq75kr6fh"
        }
    ],
    "len": 100
}