{
    "account": "@britneyspears",
    "type": "Pop",
    "tweets": [
        {
            "date": "2018-01-18 18:04:38+00:00",
            "tweet_raw": "My son is fantastic! \ud83c\udf89\ud83c\udf89 https://t.co/6V7a61X8PF",
            "tweet": "my son is fantastic! \ud83c\udf89\ud83c\udf89 "
        },
        {
            "date": "2018-08-08 19:33:49+00:00",
            "tweet_raw": "It\u2019s been a while since I\u2019ve shown full leg on stage... actually freaked me out how light I felt not wearing spats... I almost didn\u2019t know who I was \ud83d\ude02 https://t.co/5Ef5ktuo4m",
            "tweet": "it\u2019s been a while since i\u2019ve shown full leg on stage... actually freaked me out how light i felt not wearing spats... i almost didn\u2019t know who i was \ud83d\ude02 "
        },
        {
            "date": "2018-08-21 13:03:42+00:00",
            "tweet_raw": "Touch. Spray. Play. #MyPrerogative https://t.co/qpQgVKOJUM",
            "tweet": "touch. spray. play.  "
        },
        {
            "date": "2018-08-08 17:44:51+00:00",
            "tweet_raw": "My crew was on fire in Berlin!! It\u2019s so much fun performing new songs on this tour! Can\u2019t wait for Smukfest tonight!! \ud83e\udd81\ud83e\udd81\ud83e\udd81 #PieceOfMe #Smuk18 https://t.co/ufT17CWXqP",
            "tweet": "my crew was on fire in berlin!! it\u2019s so much fun performing new songs on this tour! can\u2019t wait for smukfest tonight!! \ud83e\udd81\ud83e\udd81\ud83e\udd81   "
        },
        {
            "date": "2020-06-26 19:53:42+00:00",
            "tweet_raw": "Happy Pride Month \u2764\ufe0f\ud83d\udc9b\ud83d\udc9a\ud83d\udc99\ud83d\udc9c !!!!! Put on your dancing shoes and listen to my exclusive \u201cMood Ring\u201d playlist on @Deezer \u2026. sending love to you all \ud83d\udc8b\ud83d\udc8b\ud83d\udc8b !!!!!!  https://t.co/gDmY7t6TWI https://t.co/mX4HozAQ6e",
            "tweet": "happy pride month \u2764\ufe0f\ud83d\udc9b\ud83d\udc9a\ud83d\udc99\ud83d\udc9c !!!!! put on your dancing shoes and listen to my exclusive \u201cmood ring\u201d playlist on  \u2026. sending love to you all \ud83d\udc8b\ud83d\udc8b\ud83d\udc8b !!!!!!   "
        },
        {
            "date": "2018-04-19 01:44:24+00:00",
            "tweet_raw": "I think it's impossible for me to go a day without dancing \ud83d\ude1c\ud83c\udf39 https://t.co/TQnNSZWdIU",
            "tweet": "i think it's impossible for me to go a day without dancing \ud83d\ude1c\ud83c\udf39 "
        },
        {
            "date": "2018-09-20 20:31:05+00:00",
            "tweet_raw": "\u201c...when you see only one set of footprints, it was then that I carried you.\" -Footprints In The Sand https://t.co/rtswIuq74R",
            "tweet": "\u201c...when you see only one set of footprints, it was then that i carried you.\" -footprints in the sand "
        },
        {
            "date": "2018-02-05 21:37:52+00:00",
            "tweet_raw": "I\u2019ve been with this man for over a year... everyday he inspires me to be a better person and that makes me feel like the luckiest girl in the world!! \ud83c\udf08\ud83c\udf38\u2764\ufe0f https://t.co/LRpaF2LFyI",
            "tweet": "i\u2019ve been with this man for over a year... everyday he inspires me to be a better person and that makes me feel like the luckiest girl in the world!! \ud83c\udf08\ud83c\udf38\u2764\ufe0f "
        },
        {
            "date": "2018-09-11 18:11:16+00:00",
            "tweet_raw": "#NeverForget \u2764\ufe0f https://t.co/8NxzhyTKBP",
            "tweet": " \u2764\ufe0f "
        },
        {
            "date": "2018-03-19 18:29:51+00:00",
            "tweet_raw": "\u2615\ufe0f\u2615\ufe0f\u2615\ufe0f\n\ud83c\udfa8: Make and Tell https://t.co/AVU0YEcdr3",
            "tweet": "\u2615\ufe0f\u2615\ufe0f\u2615\ufe0f\n\ud83c\udfa8: make and tell "
        },
        {
            "date": "2018-03-30 02:03:30+00:00",
            "tweet_raw": "\ud83c\udf4e\ud83c\udf4e\ud83c\udf4e https://t.co/73RuOK6HXc",
            "tweet": "\ud83c\udf4e\ud83c\udf4e\ud83c\udf4e "
        },
        {
            "date": "2018-10-12 16:01:05+00:00",
            "tweet_raw": "Excited to be on @TheEllenShow today!! \ud83c\udf80\ud83c\udf80\ud83c\udf80 https://t.co/ylnpYuUDv4",
            "tweet": "excited to be on  today!! \ud83c\udf80\ud83c\udf80\ud83c\udf80 "
        },
        {
            "date": "2018-05-30 00:52:01+00:00",
            "tweet_raw": "\ud83c\udf4f\ud83c\udf4e\ud83c\udf4f https://t.co/TVh2P3h40I",
            "tweet": "\ud83c\udf4f\ud83c\udf4e\ud83c\udf4f "
        },
        {
            "date": "2018-08-30 22:00:12+00:00",
            "tweet_raw": "\ud83d\udc60\ud83d\udc60\ud83d\udc60 https://t.co/hGct3kyUAO",
            "tweet": "\ud83d\udc60\ud83d\udc60\ud83d\udc60 "
        },
        {
            "date": "2018-04-13 03:42:54+00:00",
            "tweet_raw": "\u2728@glaad awards tonight \u2728 #GLAADawards https://t.co/dO5CBc1Txx",
            "tweet": "\u2728 awards tonight \u2728  "
        },
        {
            "date": "2018-02-06 19:55:31+00:00",
            "tweet_raw": "\ud83d\udcf7: Thierry Le Gou\u00e8s https://t.co/2kxtfz5DNQ",
            "tweet": "\ud83d\udcf7: thierry le gou\u00e8s "
        },
        {
            "date": "2018-06-19 19:07:05+00:00",
            "tweet_raw": "Happy, happy birthday to my beautiful niece, Maddie!! Can\u2019t believe this sweet girl is 10 years old \ud83d\udc95 https://t.co/zNchaLjgeG",
            "tweet": "happy, happy birthday to my beautiful niece, maddie!! can\u2019t believe this sweet girl is 10 years old \ud83d\udc95 "
        },
        {
            "date": "2018-04-27 01:30:47+00:00",
            "tweet_raw": "\ud83c\udfa9 #tbt\n\ud83d\udcf7: @EllenVUnwerth https://t.co/UPsSl2wv42",
            "tweet": "\ud83c\udfa9 \n\ud83d\udcf7:  "
        },
        {
            "date": "2018-04-21 17:30:14+00:00",
            "tweet_raw": "This video shoot was incredible!!! What dreams are made of... #Slave4U https://t.co/XIvSzazUwH",
            "tweet": "this video shoot was incredible!!! what dreams are made of...  "
        },
        {
            "date": "2018-08-10 15:30:16+00:00",
            "tweet_raw": "Last chance to submit your fan art for a chance to win a signed poster and #PieceOfMe merch bundle! Can't believe how many amazing entries there have been so far!! Enter now on @tumblr \u2728 https://t.co/F9f2l2XgMy https://t.co/DShvJRbu3P",
            "tweet": "last chance to submit your fan art for a chance to win a signed poster and  merch bundle! can't believe how many amazing entries there have been so far!! enter now on  \u2728  "
        },
        {
            "date": "2018-11-23 20:26:21+00:00",
            "tweet_raw": "Celebrate your individuality with the ones you love #MyPrerogative https://t.co/xuG6JlgvgQ",
            "tweet": "celebrate your individuality with the ones you love  "
        },
        {
            "date": "2018-06-01 17:06:20+00:00",
            "tweet_raw": "Don\u2019t you just love Pretty Woman!!\n\ud83c\udf40\ud83c\udf4f\ud83c\udf40\ud83c\udf4e\ud83d\udc60\ud83c\udf4e https://t.co/LYc4JdBzLL",
            "tweet": "don\u2019t you just love pretty woman!!\n\ud83c\udf40\ud83c\udf4f\ud83c\udf40\ud83c\udf4e\ud83d\udc60\ud83c\udf4e "
        },
        {
            "date": "2018-01-25 07:03:13+00:00",
            "tweet_raw": "UK + Europe... in case you missed this while you were sleeping\u2764\ufe0f\u2728 https://t.co/EXaohqPzMo",
            "tweet": "uk + europe... in case you missed this while you were sleeping\u2764\ufe0f\u2728 "
        },
        {
            "date": "2018-07-10 23:58:57+00:00",
            "tweet_raw": "Sometimes my son expresses himself through art! He\u2019s really into the Ultra Instinct look \ud83c\udfa8 https://t.co/wI4gLzdBoe",
            "tweet": "sometimes my son expresses himself through art! he\u2019s really into the ultra instinct look \ud83c\udfa8 "
        },
        {
            "date": "2018-05-29 17:24:54+00:00",
            "tweet_raw": "This is great!\n \n\ud83c\udfa5: @aaroncmusic_ https://t.co/d7jUontjc6",
            "tweet": "this is great!\n \n\ud83c\udfa5:  "
        },
        {
            "date": "2018-06-12 21:30:14+00:00",
            "tweet_raw": "Love &gt; Hate \ud83c\udf08 We will not forget those we lost 2 years ago in Orlando \ud83d\udc9b #OrlandoUnited https://t.co/aah5fCRrXp",
            "tweet": "love &gt; hate \ud83c\udf08 we will not forget those we lost 2 years ago in orlando \ud83d\udc9b  "
        },
        {
            "date": "2020-11-18 20:19:20+00:00",
            "tweet_raw": "Only magic here \ud83c\udf0a\ud83c\udf34 !!!! https://t.co/QksXgDkAR3",
            "tweet": "only magic here \ud83c\udf0a\ud83c\udf34 !!!! "
        },
        {
            "date": "2018-10-19 17:49:10+00:00",
            "tweet_raw": "Absolutely!!! It\u2019s been a minute since we\u2019ve been on the same stage \ud83d\ude09 Can\u2019t wait to see what you guys have in store for Vegas \ud83d\udc50 https://t.co/nrQqklLhnz",
            "tweet": "absolutely!!! it\u2019s been a minute since we\u2019ve been on the same stage \ud83d\ude09 can\u2019t wait to see what you guys have in store for vegas \ud83d\udc50 "
        },
        {
            "date": "2018-08-21 16:58:13+00:00",
            "tweet_raw": "Thank you \u2764\ufe0f\u2764\ufe0f\u2764\ufe0f https://t.co/WMXyFZYn09",
            "tweet": "thank you \u2764\ufe0f\u2764\ufe0f\u2764\ufe0f "
        },
        {
            "date": "2018-10-23 19:59:56+00:00",
            "tweet_raw": "@claire_wrightxx Thank you so much!! \u2764\ufe0f",
            "tweet": " thank you so much!! \u2764\ufe0f"
        },
        {
            "date": "2018-07-06 19:53:32+00:00",
            "tweet_raw": "\ud83c\udf4e\ud83c\udf38\ud83c\udf4e https://t.co/4BFNY9T5zg",
            "tweet": "\ud83c\udf4e\ud83c\udf38\ud83c\udf4e "
        },
        {
            "date": "2018-07-30 14:43:54+00:00",
            "tweet_raw": "Me and the boys enjoying a fruit plate before last night's show \ud83d\ude02 Thanks for the hospitality and perfect end to our US run, Florida!! Now off to the UK and Europe!!!! #PieceOfMe \ud83d\udc6f\u200d\u2640\ufe0f\ud83d\udc6f\u200d\u2640\ufe0f\ud83d\udc6f\u200d\u2640\ufe0f\ud83c\udf37\ud83c\udf38\ud83c\udf40 https://t.co/3yrQ91KNoN",
            "tweet": "me and the boys enjoying a fruit plate before last night's show \ud83d\ude02 thanks for the hospitality and perfect end to our us run, florida!! now off to the uk and europe!!!!  \ud83d\udc6f\u200d\u2640\ufe0f\ud83d\udc6f\u200d\u2640\ufe0f\ud83d\udc6f\u200d\u2640\ufe0f\ud83c\udf37\ud83c\udf38\ud83c\udf40 "
        },
        {
            "date": "2018-08-08 19:33:49+00:00",
            "tweet_raw": "It\u2019s been a while since I\u2019ve shown full leg on stage... actually freaked me out how light I felt not wearing spats... I almost didn\u2019t know who I was \ud83d\ude02 https://t.co/5Ef5ktuo4m",
            "tweet": "it\u2019s been a while since i\u2019ve shown full leg on stage... actually freaked me out how light i felt not wearing spats... i almost didn\u2019t know who i was \ud83d\ude02 "
        },
        {
            "date": "2018-06-06 23:06:18+00:00",
            "tweet_raw": "Me and Pres having a chill day at our favorite spot in Miami! \ud83c\udfa8\ud83c\udf52\ud83c\udf47\ud83c\udf4e\ud83c\udf38\ud83c\udf3c\u2618\ufe0f\ud83c\udf40\ud83d\udc20\ud83d\udc2f\ud83d\udc2d\ud83d\udc59\ud83d\udc57\ud83d\udc61 https://t.co/TeMmTLnBwD",
            "tweet": "me and pres having a chill day at our favorite spot in miami! \ud83c\udfa8\ud83c\udf52\ud83c\udf47\ud83c\udf4e\ud83c\udf38\ud83c\udf3c\u2618\ufe0f\ud83c\udf40\ud83d\udc20\ud83d\udc2f\ud83d\udc2d\ud83d\udc59\ud83d\udc57\ud83d\udc61 "
        },
        {
            "date": "2018-11-05 18:09:56+00:00",
            "tweet_raw": "Took a nice hike over the weekend \ud83c\udf3f\ud83c\udf43\ud83c\udf3f https://t.co/oovv63PSea",
            "tweet": "took a nice hike over the weekend \ud83c\udf3f\ud83c\udf43\ud83c\udf3f "
        },
        {
            "date": "2018-09-12 21:42:44+00:00",
            "tweet_raw": "I'm so grateful for my wonderful boys!!! I couldn't be more proud of them!! Happy birthday, Jayden and Preston!!!! Love you! \u2764\ufe0f\u2764\ufe0f\u2764\ufe0f https://t.co/2P38fi5CxU",
            "tweet": "i'm so grateful for my wonderful boys!!! i couldn't be more proud of them!! happy birthday, jayden and preston!!!! love you! \u2764\ufe0f\u2764\ufe0f\u2764\ufe0f "
        },
        {
            "date": "2020-12-17 22:58:29+00:00",
            "tweet_raw": "Just because we aren\u2019t going to any holiday parties this year \u2026.. doesn\u2019t mean we can\u2019t dress up and fantasize like we are \ud83c\udf38\ud83c\udf38\ud83c\udf38\ud83c\udf38\ud83c\udf38\u2728\ud83d\ude09\ud83d\udc95 !!!!!! #Fantasy \nhttps://t.co/pelerXIDqg https://t.co/tQeMa7PRvw",
            "tweet": "just because we aren\u2019t going to any holiday parties this year \u2026.. doesn\u2019t mean we can\u2019t dress up and fantasize like we are \ud83c\udf38\ud83c\udf38\ud83c\udf38\ud83c\udf38\ud83c\udf38\u2728\ud83d\ude09\ud83d\udc95 !!!!!!  \n "
        },
        {
            "date": "2018-09-06 17:39:56+00:00",
            "tweet_raw": "My favorite city in the world \ud83d\udc60\ud83d\udc60\ud83d\udc5b\ud83d\udc5b #tbt https://t.co/eus7uFpXHw",
            "tweet": "my favorite city in the world \ud83d\udc60\ud83d\udc60\ud83d\udc5b\ud83d\udc5b  "
        },
        {
            "date": "2018-02-05 21:37:52+00:00",
            "tweet_raw": "I\u2019ve been with this man for over a year... everyday he inspires me to be a better person and that makes me feel like the luckiest girl in the world!! \ud83c\udf08\ud83c\udf38\u2764\ufe0f https://t.co/LRpaF2LFyI",
            "tweet": "i\u2019ve been with this man for over a year... everyday he inspires me to be a better person and that makes me feel like the luckiest girl in the world!! \ud83c\udf08\ud83c\udf38\u2764\ufe0f "
        },
        {
            "date": "2018-12-19 01:18:00+00:00",
            "tweet_raw": "Love wearing my favorite 3D @SOPHIAWEBSTER shoes during the holidays! \ud83c\udf84\ud83d\udc60\ud83c\udf84 https://t.co/K5AJXT0yg5",
            "tweet": "love wearing my favorite 3d  shoes during the holidays! \ud83c\udf84\ud83d\udc60\ud83c\udf84 "
        },
        {
            "date": "2018-05-29 20:01:15+00:00",
            "tweet_raw": "Love when we go to our favorite spot on Sundays \ud83d\udc95\ud83e\udd5e The boys are bigger than me now!!!!! \ud83d\ude1c https://t.co/p2EGNVFZrj",
            "tweet": "love when we go to our favorite spot on sundays \ud83d\udc95\ud83e\udd5e the boys are bigger than me now!!!!! \ud83d\ude1c "
        },
        {
            "date": "2018-08-30 19:41:48+00:00",
            "tweet_raw": "These are my favorite songs to perform!!!! Thank you Paris for 2 amazing nights! \ud83d\ude09\ud83d\ude09\ud83d\udc60\ud83d\udc60\ud83d\udc60 #PieceOfMe https://t.co/SW03JbIFVx",
            "tweet": "these are my favorite songs to perform!!!! thank you paris for 2 amazing nights! \ud83d\ude09\ud83d\ude09\ud83d\udc60\ud83d\udc60\ud83d\udc60  "
        },
        {
            "date": "2018-04-27 01:30:47+00:00",
            "tweet_raw": "\ud83c\udfa9 #tbt\n\ud83d\udcf7: @EllenVUnwerth https://t.co/UPsSl2wv42",
            "tweet": "\ud83c\udfa9 \n\ud83d\udcf7:  "
        },
        {
            "date": "2018-08-29 17:09:04+00:00",
            "tweet_raw": "Can't believe there's only a few dates left on the #PieceOfMe tour!! Paris, you are magical!! Can't wait for show #2 tonight! \u2728 https://t.co/QuYOikucZ4",
            "tweet": "can't believe there's only a few dates left on the  tour!! paris, you are magical!! can't wait for show  tonight! \u2728 "
        },
        {
            "date": "2018-10-19 01:37:05+00:00",
            "tweet_raw": "Don\u2019t forget to watch tonight\u2019s announcement on @TheEllenShow\u2019s @YouTube! Things will be kicking off from Vegas shortly! Can\u2019t wait!! https://t.co/LskA8K9ZNS",
            "tweet": "don\u2019t forget to watch tonight\u2019s announcement on \u2019s ! things will be kicking off from vegas shortly! can\u2019t wait!! "
        },
        {
            "date": "2018-05-30 00:52:01+00:00",
            "tweet_raw": "\ud83c\udf4f\ud83c\udf4e\ud83c\udf4f https://t.co/TVh2P3h40I",
            "tweet": "\ud83c\udf4f\ud83c\udf4e\ud83c\udf4f "
        },
        {
            "date": "2018-08-06 13:04:18+00:00",
            "tweet_raw": "I\u2019ve always loved the UK and this night just made me love it even more \ud83c\udf08\ud83c\udf08\ud83c\udf08 #BrightonPride https://t.co/4LU0FRLXs4",
            "tweet": "i\u2019ve always loved the uk and this night just made me love it even more \ud83c\udf08\ud83c\udf08\ud83c\udf08  "
        },
        {
            "date": "2018-06-25 18:57:00+00:00",
            "tweet_raw": "\ud83d\udc20\ud83d\udc20\ud83d\udc20 https://t.co/CAq44sJYWh",
            "tweet": "\ud83d\udc20\ud83d\udc20\ud83d\udc20 "
        },
        {
            "date": "2018-01-18 18:04:38+00:00",
            "tweet_raw": "My son is fantastic! \ud83c\udf89\ud83c\udf89 https://t.co/6V7a61X8PF",
            "tweet": "my son is fantastic! \ud83c\udf89\ud83c\udf89 "
        },
        {
            "date": "2020-02-01 01:28:26+00:00",
            "tweet_raw": "Listen to the new @y2k2y and @_AlexanderLewis remix of #Toxic, released today in celebration of the opening of @BritneyTheZone! https://t.co/ixyUFYauFL @RCARecords https://t.co/eV48edkPxb",
            "tweet": "listen to the new  and  remix of , released today in celebration of the opening of !   "
        },
        {
            "date": "2021-04-28 00:21:04+00:00",
            "tweet_raw": "We all have our own ways to work on our bodies and I respect that cause we all should ... I just hope I don't see an In-N-Out Burger any time soon \ud83c\udf54\ud83c\udf54\ud83c\udf54\ud83d\ude02\ud83d\ude02\ud83d\ude02 !!!!",
            "tweet": "we all have our own ways to work on our bodies and i respect that cause we all should ... i just hope i don't see an in-n-out burger any time soon \ud83c\udf54\ud83c\udf54\ud83c\udf54\ud83d\ude02\ud83d\ude02\ud83d\ude02 !!!!"
        },
        {
            "date": "2021-04-07 22:19:36+00:00",
            "tweet_raw": "I found my cat suit \ud83d\udc3e \u2026 No luck finding my mask but at least I found my body \ud83d\ude40\ud83d\ude02\ud83d\udc8b!!!! Stay joyful my friends and do what makes you happy by darn it \u2600\ufe0f\u2600\ufe0f\u2600\ufe0f!!!! God bless \ud83d\udc8b\ud83d\udc8b\ud83d\udc8b https://t.co/5fiBC5AdHr",
            "tweet": "i found my cat suit \ud83d\udc3e \u2026 no luck finding my mask but at least i found my body \ud83d\ude40\ud83d\ude02\ud83d\udc8b!!!! stay joyful my friends and do what makes you happy by darn it \u2600\ufe0f\u2600\ufe0f\u2600\ufe0f!!!! god bless \ud83d\udc8b\ud83d\udc8b\ud83d\udc8b "
        },
        {
            "date": "2021-09-14 21:49:17+00:00",
            "tweet_raw": "Don\u2019t worry folks \u2026 just taking a little break from social media to celebrate my engagement \ud83d\udc8d\ud83d\ude09 !!!!  I\u2019ll be back soon \ud83d\udc8b\ud83c\udf39\u2728",
            "tweet": "don\u2019t worry folks \u2026 just taking a little break from social media to celebrate my engagement \ud83d\udc8d\ud83d\ude09 !!!!  i\u2019ll be back soon \ud83d\udc8b\ud83c\udf39\u2728"
        },
        {
            "date": "2018-03-05 18:36:18+00:00",
            "tweet_raw": "Sometimes you\u2019re just trying to get out the door and go to your favorite restaurant when your girlfriend pulls out her phone... so naturally you got to strut like it\u2019s a runway show!!! \ud83c\udf3c\ud83c\udf3c\ud83c\udf3c Bahaha \ud83d\ude02\ud83d\ude02\ud83d\ude02 https://t.co/pQGjEDZGeG",
            "tweet": "sometimes you\u2019re just trying to get out the door and go to your favorite restaurant when your girlfriend pulls out her phone... so naturally you got to strut like it\u2019s a runway show!!! \ud83c\udf3c\ud83c\udf3c\ud83c\udf3c bahaha \ud83d\ude02\ud83d\ude02\ud83d\ude02 "
        },
        {
            "date": "2018-02-27 02:03:31+00:00",
            "tweet_raw": "Who doesn\u2019t love Sinatra?? https://t.co/kZBXPzEA67",
            "tweet": "who doesn\u2019t love sinatra?? "
        },
        {
            "date": "2018-07-10 23:58:57+00:00",
            "tweet_raw": "Sometimes my son expresses himself through art! He\u2019s really into the Ultra Instinct look \ud83c\udfa8 https://t.co/wI4gLzdBoe",
            "tweet": "sometimes my son expresses himself through art! he\u2019s really into the ultra instinct look \ud83c\udfa8 "
        },
        {
            "date": "2021-04-28 00:21:04+00:00",
            "tweet_raw": "like last night when I ate a container of peanuts \ud83e\udd5c\ud83e\udd5c\ud83e\udd5c\ud83c\udfc3\ud83c\udffc\u200d\u2640\ufe0f\ud83c\udfc3\ud83c\udffc\u200d\u2640\ufe0f\ud83c\udfc3\ud83c\udffc\u200d\u2640\ufe0f !!!! And then it hit me ... I might look better but I felt too vulnerable in my skin being this small !!!! I didn't like it so I started boxing so now I feel stronger too \ud83e\udd4a\ud83e\udd4a\ud83e\udd4a !!!!",
            "tweet": "like last night when i ate a container of peanuts \ud83e\udd5c\ud83e\udd5c\ud83e\udd5c\ud83c\udfc3\ud83c\udffc\u200d\u2640\ufe0f\ud83c\udfc3\ud83c\udffc\u200d\u2640\ufe0f\ud83c\udfc3\ud83c\udffc\u200d\u2640\ufe0f !!!! and then it hit me ... i might look better but i felt too vulnerable in my skin being this small !!!! i didn't like it so i started boxing so now i feel stronger too \ud83e\udd4a\ud83e\udd4a\ud83e\udd4a !!!!"
        },
        {
            "date": "2018-01-14 01:47:08+00:00",
            "tweet_raw": "Seriously though... what more could you ask for?\u00a0\ud83d\udd25\ud83d\udc52\ud83d\ude1c Nachos all the way!! https://t.co/EmUOf51FBl",
            "tweet": "seriously though... what more could you ask for?\u00a0\ud83d\udd25\ud83d\udc52\ud83d\ude1c nachos all the way!! "
        },
        {
            "date": "2018-02-08 23:39:59+00:00",
            "tweet_raw": "Gearing up for summer!!! \u2b50\ufe0f\ud83c\udf80\u2b50\ufe0f https://t.co/91pzIh1phC",
            "tweet": "gearing up for summer!!! \u2b50\ufe0f\ud83c\udf80\u2b50\ufe0f "
        },
        {
            "date": "2019-01-12 18:17:31+00:00",
            "tweet_raw": "Can you believe that this album was released 20 years ago today?! I can\u2019t. It\u2019s been the journey of a lifetime, but I\u2019m grateful for every moment. Getting to know you all over the years has been such an incredible experience. Thank you for all your support \u2764\ufe0f #BabyOneMoreTime20 https://t.co/vbj10cDn2C",
            "tweet": "can you believe that this album was released 20 years ago today?! i can\u2019t. it\u2019s been the journey of a lifetime, but i\u2019m grateful for every moment. getting to know you all over the years has been such an incredible experience. thank you for all your support \u2764\ufe0f  "
        },
        {
            "date": "2018-08-23 12:43:05+00:00",
            "tweet_raw": "See you soon!! \ud83d\ude1c https://t.co/kPSlFIImEX",
            "tweet": "see you soon!! \ud83d\ude1c "
        },
        {
            "date": "2018-12-20 01:54:02+00:00",
            "tweet_raw": "Excited to get back on stage in Vegas \u2728 #BritneyDomination https://t.co/Cv729NvOeg",
            "tweet": "excited to get back on stage in vegas \u2728  "
        },
        {
            "date": "2018-10-09 21:24:46+00:00",
            "tweet_raw": "@Loopy_louuu \u2764\ufe0f",
            "tweet": " \u2764\ufe0f"
        },
        {
            "date": "2018-09-10 20:01:50+00:00",
            "tweet_raw": "Couldn't make up mind... hair up or down??? \ud83d\udc60\ud83d\udc60\ud83d\udc60\ud83d\udc60\ud83d\udc60\ud83d\udc60 \ud83d\udcf7: @francesiacuzzi https://t.co/dAfAmDoo4K",
            "tweet": "couldn't make up mind... hair up or down??? \ud83d\udc60\ud83d\udc60\ud83d\udc60\ud83d\udc60\ud83d\udc60\ud83d\udc60 \ud83d\udcf7:  "
        },
        {
            "date": "2018-06-26 01:02:07+00:00",
            "tweet_raw": "\ud83d\ude34\ud83e\uddda\u200d\u2640\ufe0f\u2728\ud83c\udf38 \ud83c\udf80 https://t.co/ZEWlkEZkW0",
            "tweet": "\ud83d\ude34\ud83e\uddda\u200d\u2640\ufe0f\u2728\ud83c\udf38 \ud83c\udf80 "
        },
        {
            "date": "2018-08-14 20:04:19+00:00",
            "tweet_raw": "Tea time! How cute is this tea pot? https://t.co/TNqZGUo2tE",
            "tweet": "tea time! how cute is this tea pot? "
        },
        {
            "date": "2018-05-04 21:23:04+00:00",
            "tweet_raw": "I\u2019m so grateful for the guidance my mother has given me throughout my life! My intuition, will to be stronger and love for making each day count comes from her!!! Hope you have an amazing b-day!!! Love you!! \ud83c\udf38\ud83c\udf38\ud83c\udf38",
            "tweet": "i\u2019m so grateful for the guidance my mother has given me throughout my life! my intuition, will to be stronger and love for making each day count comes from her!!! hope you have an amazing b-day!!! love you!! \ud83c\udf38\ud83c\udf38\ud83c\udf38"
        },
        {
            "date": "2018-09-27 17:59:17+00:00",
            "tweet_raw": "\ud83c\udfa9\ud83c\udfa9\ud83c\udfa9\n#tbt \ud83d\udcf7: Herb Ritts https://t.co/6yaGsIrkSi",
            "tweet": "\ud83c\udfa9\ud83c\udfa9\ud83c\udfa9\n \ud83d\udcf7: herb ritts "
        },
        {
            "date": "2018-01-11 21:25:32+00:00",
            "tweet_raw": "\ud83e\udd13\ud83d\udc60\ud83d\udcda https://t.co/kDXpNqtq8f",
            "tweet": "\ud83e\udd13\ud83d\udc60\ud83d\udcda "
        },
        {
            "date": "2018-08-07 17:59:20+00:00",
            "tweet_raw": "Real talk... \ud83c\udf54\ud83c\udf54\ud83c\udf54 https://t.co/jjsWFaKr8c",
            "tweet": "real talk... \ud83c\udf54\ud83c\udf54\ud83c\udf54 "
        },
        {
            "date": "2018-04-13 03:42:54+00:00",
            "tweet_raw": "\u2728@glaad awards tonight \u2728 #GLAADawards https://t.co/dO5CBc1Txx",
            "tweet": "\u2728 awards tonight \u2728  "
        },
        {
            "date": "2018-03-24 00:27:16+00:00",
            "tweet_raw": "Found my white booty shorts \ud83d\ude09\ud83d\ude09\ud83d\ude09\ud83d\ude09 https://t.co/CLcSChcVsm",
            "tweet": "found my white booty shorts \ud83d\ude09\ud83d\ude09\ud83d\ude09\ud83d\ude09 "
        },
        {
            "date": "2018-09-10 20:01:50+00:00",
            "tweet_raw": "Couldn't make up mind... hair up or down??? \ud83d\udc60\ud83d\udc60\ud83d\udc60\ud83d\udc60\ud83d\udc60\ud83d\udc60 \ud83d\udcf7: @francesiacuzzi https://t.co/dAfAmDoo4K",
            "tweet": "couldn't make up mind... hair up or down??? \ud83d\udc60\ud83d\udc60\ud83d\udc60\ud83d\udc60\ud83d\udc60\ud83d\udc60 \ud83d\udcf7:  "
        },
        {
            "date": "2018-07-03 22:37:30+00:00",
            "tweet_raw": "Sunsets are always such a delight https://t.co/NHqmirj7ER",
            "tweet": "sunsets are always such a delight "
        },
        {
            "date": "2018-01-07 01:50:29+00:00",
            "tweet_raw": "\ud83c\udfd6\ud83c\udfd6 https://t.co/aSEh0URVfA",
            "tweet": "\ud83c\udfd6\ud83c\udfd6 "
        },
        {
            "date": "2018-07-27 22:59:02+00:00",
            "tweet_raw": "One of my favorite stage outfits \ud83d\udda4 Hollywood, FL are you ready for #PieceOfMe tonight?? #FBF \ud83d\udc07\ud83d\udc60\ud83c\udf40\ud83c\udf4e\ud83c\udf38\ud83c\udf3a\ud83d\udc52\ud83d\udddd\ud83c\udf37 https://t.co/sAbEEIjgqe",
            "tweet": "one of my favorite stage outfits \ud83d\udda4 hollywood, fl are you ready for  tonight??  \ud83d\udc07\ud83d\udc60\ud83c\udf40\ud83c\udf4e\ud83c\udf38\ud83c\udf3a\ud83d\udc52\ud83d\udddd\ud83c\udf37 "
        },
        {
            "date": "2018-08-16 21:55:51+00:00",
            "tweet_raw": "Throwback to exploring London with the boys! Can't wait to be back for #PieceOfMe next week! \ud83c\udf4e\ud83c\udf4e\ud83c\udf4e #TBT https://t.co/Qi82wvdl0E",
            "tweet": "throwback to exploring london with the boys! can't wait to be back for  next week! \ud83c\udf4e\ud83c\udf4e\ud83c\udf4e  "
        },
        {
            "date": "2018-07-14 03:58:12+00:00",
            "tweet_raw": "Feels so good to be back on stage!!!! Thank you DC for an amazing start to the #PieceOfMe tour! \u2764\ufe0f https://t.co/YRGULMvSUq",
            "tweet": "feels so good to be back on stage!!!! thank you dc for an amazing start to the  tour! \u2764\ufe0f "
        },
        {
            "date": "2018-09-10 20:01:50+00:00",
            "tweet_raw": "Couldn't make up mind... hair up or down??? \ud83d\udc60\ud83d\udc60\ud83d\udc60\ud83d\udc60\ud83d\udc60\ud83d\udc60 \ud83d\udcf7: @francesiacuzzi https://t.co/dAfAmDoo4K",
            "tweet": "couldn't make up mind... hair up or down??? \ud83d\udc60\ud83d\udc60\ud83d\udc60\ud83d\udc60\ud83d\udc60\ud83d\udc60 \ud83d\udcf7:  "
        },
        {
            "date": "2018-08-06 13:04:18+00:00",
            "tweet_raw": "I\u2019ve always loved the UK and this night just made me love it even more \ud83c\udf08\ud83c\udf08\ud83c\udf08 #BrightonPride https://t.co/4LU0FRLXs4",
            "tweet": "i\u2019ve always loved the uk and this night just made me love it even more \ud83c\udf08\ud83c\udf08\ud83c\udf08  "
        },
        {
            "date": "2018-01-25 07:03:13+00:00",
            "tweet_raw": "UK + Europe... in case you missed this while you were sleeping\u2764\ufe0f\u2728 https://t.co/EXaohqPzMo",
            "tweet": "uk + europe... in case you missed this while you were sleeping\u2764\ufe0f\u2728 "
        },
        {
            "date": "2018-05-04 21:23:04+00:00",
            "tweet_raw": "I\u2019m so grateful for the guidance my mother has given me throughout my life! My intuition, will to be stronger and love for making each day count comes from her!!! Hope you have an amazing b-day!!! Love you!! \ud83c\udf38\ud83c\udf38\ud83c\udf38",
            "tweet": "i\u2019m so grateful for the guidance my mother has given me throughout my life! my intuition, will to be stronger and love for making each day count comes from her!!! hope you have an amazing b-day!!! love you!! \ud83c\udf38\ud83c\udf38\ud83c\udf38"
        },
        {
            "date": "2018-09-10 20:01:50+00:00",
            "tweet_raw": "Couldn't make up mind... hair up or down??? \ud83d\udc60\ud83d\udc60\ud83d\udc60\ud83d\udc60\ud83d\udc60\ud83d\udc60 \ud83d\udcf7: @francesiacuzzi https://t.co/dAfAmDoo4K",
            "tweet": "couldn't make up mind... hair up or down??? \ud83d\udc60\ud83d\udc60\ud83d\udc60\ud83d\udc60\ud83d\udc60\ud83d\udc60 \ud83d\udcf7:  "
        },
        {
            "date": "2018-03-30 02:03:30+00:00",
            "tweet_raw": "\ud83c\udf4e\ud83c\udf4e\ud83c\udf4e https://t.co/73RuOK6HXc",
            "tweet": "\ud83c\udf4e\ud83c\udf4e\ud83c\udf4e "
        },
        {
            "date": "2018-07-21 17:15:42+00:00",
            "tweet_raw": "Beach, ice cream and go karts!!! What more could we ask for? Having so much fun here! Atlantic City night 3 tonight! \ud83d\udc20\ud83d\udc22\ud83e\udd81\ud83d\udc52\ud83d\udc60 #PieceOfMe https://t.co/w3e6W29PVn",
            "tweet": "beach, ice cream and go karts!!! what more could we ask for? having so much fun here! atlantic city night 3 tonight! \ud83d\udc20\ud83d\udc22\ud83e\udd81\ud83d\udc52\ud83d\udc60  "
        },
        {
            "date": "2018-04-30 20:21:58+00:00",
            "tweet_raw": "\ud83d\udc83\ud83c\udffc\ud83d\udc83\ud83c\udffc\ud83d\udc83\ud83c\udffc https://t.co/SR82xbZVi8",
            "tweet": "\ud83d\udc83\ud83c\udffc\ud83d\udc83\ud83c\udffc\ud83d\udc83\ud83c\udffc "
        },
        {
            "date": "2018-05-25 18:05:32+00:00",
            "tweet_raw": "Don\u2019t you just love jokes \n\ud83d\ude43\ud83e\udddd\u200d\u2640\ufe0f\ud83d\ude02 https://t.co/RY0dhejFZP",
            "tweet": "don\u2019t you just love jokes \n\ud83d\ude43\ud83e\udddd\u200d\u2640\ufe0f\ud83d\ude02 "
        },
        {
            "date": "2018-08-13 18:01:02+00:00",
            "tweet_raw": "Traveling from hotel to hotel can make you a little stir crazy, so I decided to start doing 2 hours of yoga in each room! The bare floors gave me a pretty solid grip on the ground without a mat. I was very sore the next day, but at least I got to use my time wisely \ud83d\ude1c\ud83d\ude1c\ud83d\ude1c\ud83d\ude1c\ud83d\ude1c https://t.co/XXv11gcyx1",
            "tweet": "traveling from hotel to hotel can make you a little stir crazy, so i decided to start doing 2 hours of yoga in each room! the bare floors gave me a pretty solid grip on the ground without a mat. i was very sore the next day, but at least i got to use my time wisely \ud83d\ude1c\ud83d\ude1c\ud83d\ude1c\ud83d\ude1c\ud83d\ude1c "
        },
        {
            "date": "2018-05-05 16:58:06+00:00",
            "tweet_raw": "Perfect start to the weekend!! \ud83c\udf73\ud83e\udd53\ud83c\udf7d https://t.co/VphyJ91gcn",
            "tweet": "perfect start to the weekend!! \ud83c\udf73\ud83e\udd53\ud83c\udf7d "
        },
        {
            "date": "2020-06-02 00:49:33+00:00",
            "tweet_raw": "To start I will be participating in #BlackoutTuesday tomorrow \u2026.. I won\u2019t be posting on social media and I ask you all to do the same. We should use the time away from our devices to focus on what we can do to make the world a better place \u2026. for ALL of us !!!!!",
            "tweet": "to start i will be participating in  tomorrow \u2026.. i won\u2019t be posting on social media and i ask you all to do the same. we should use the time away from our devices to focus on what we can do to make the world a better place \u2026. for all of us !!!!!"
        },
        {
            "date": "2018-03-15 20:06:00+00:00",
            "tweet_raw": "\ud83d\udc52\ud83d\udc6f\u200d\u2640\ufe0f\u2618\ufe0f\ud83d\udd4a\u2618\ufe0f\ud83d\udc6f\u200d\u2640\ufe0f\ud83d\udc52 https://t.co/440RgEvlQh",
            "tweet": "\ud83d\udc52\ud83d\udc6f\u200d\u2640\ufe0f\u2618\ufe0f\ud83d\udd4a\u2618\ufe0f\ud83d\udc6f\u200d\u2640\ufe0f\ud83d\udc52 "
        },
        {
            "date": "2018-08-24 16:47:50+00:00",
            "tweet_raw": "@Rylan So excited you\u2019re coming to see #PieceOfMe, @Rylan!",
            "tweet": " so excited you\u2019re coming to see , !"
        },
        {
            "date": "2018-06-10 17:01:08+00:00",
            "tweet_raw": "Sending all my love to everyone at #LAPride today!! And wishing a very happy Pride Month to the brave, strong, and beautiful LGBTQ+ community \ud83d\udc97 #Pride2018",
            "tweet": "sending all my love to everyone at  today!! and wishing a very happy pride month to the brave, strong, and beautiful lgbtq+ community \ud83d\udc97 "
        },
        {
            "date": "2018-08-22 21:14:15+00:00",
            "tweet_raw": "@SimonsZack Can\u2019t wait to see you in London!",
            "tweet": " can\u2019t wait to see you in london!"
        },
        {
            "date": "2018-01-18 21:02:04+00:00",
            "tweet_raw": "\ud83c\udf0a\ud83c\udf0a\ud83c\udf0a #tbt https://t.co/wCppFRkDnO",
            "tweet": "\ud83c\udf0a\ud83c\udf0a\ud83c\udf0a  "
        },
        {
            "date": "2018-08-22 21:14:15+00:00",
            "tweet_raw": "@SimonsZack Can\u2019t wait to see you in London!",
            "tweet": " can\u2019t wait to see you in london!"
        },
        {
            "date": "2018-06-09 01:30:29+00:00",
            "tweet_raw": "Look who I found in Miami \ud83c\udf4e\ud83d\ude3b https://t.co/XvVE5z4xnq",
            "tweet": "look who i found in miami \ud83c\udf4e\ud83d\ude3b "
        },
        {
            "date": "2018-01-01 19:55:09+00:00",
            "tweet_raw": "2018 shenanigans with Sam \ud83e\udd37\u200d\u2640\ufe0f\ud83d\udc52\ud83e\udd37\u200d\u2640\ufe0f https://t.co/1zGePhJoyM",
            "tweet": "2018 shenanigans with sam \ud83e\udd37\u200d\u2640\ufe0f\ud83d\udc52\ud83e\udd37\u200d\u2640\ufe0f "
        },
        {
            "date": "2018-08-19 19:29:06+00:00",
            "tweet_raw": "So excited to share with my UK fans that Prerogative is available exclusively at @BootsUK \u2764\ufe0f\u2728 #MyPrerogative https://t.co/uWZ7GYmoml",
            "tweet": "so excited to share with my uk fans that prerogative is available exclusively at  \u2764\ufe0f\u2728  "
        },
        {
            "date": "2018-10-08 18:48:07+00:00",
            "tweet_raw": "@miguelvigil @TheBritneyArmy @peopleschoice \ud83d\udc95",
            "tweet": "   \ud83d\udc95"
        }
    ],
    "len": 100
}