{
    "account": "@BrunoMars",
    "type": "Pop",
    "tweets": [
        {
            "date": "2020-05-10 21:57:09+00:00",
            "tweet_raw": "Look at moms!! I remember when she bought this wig and swore she was Tina Turner\ud83d\ude02. Happy Mothers Day to all the hard workin mamas out there. I hope you all feel the love today, tomorrow and forever. \ud83c\udf39 https://t.co/fV4L3shroa",
            "tweet": "look at moms!! i remember when she bought this wig and swore she was tina turner\ud83d\ude02. happy mothers day to all the hard workin mamas out there. i hope you all feel the love today, tomorrow and forever. \ud83c\udf39 "
        },
        {
            "date": "2019-07-19 19:22:32+00:00",
            "tweet_raw": "I wish I released \u201cChunky\u201d as a single \ud83d\ude14 and \u201cCalling all my lovelies\u201d and  \u201ctoo good to say goodbye\u201d \ud83d\ude14and \u201cperm\u201d and \u201cstraight up &amp; down\u201d \ud83d\ude14",
            "tweet": "i wish i released \u201cchunky\u201d as a single \ud83d\ude14 and \u201ccalling all my lovelies\u201d and  \u201ctoo good to say goodbye\u201d \ud83d\ude14and \u201cperm\u201d and \u201cstraight up &amp; down\u201d \ud83d\ude14"
        },
        {
            "date": "2020-03-11 06:53:17+00:00",
            "tweet_raw": "@DwayneDuggerII Oh yeah Dwayne? That\u2019s what you do? \ud83d\ude12",
            "tweet": " oh yeah dwayne? that\u2019s what you do? \ud83d\ude12"
        },
        {
            "date": "2020-01-16 23:31:23+00:00",
            "tweet_raw": "The world could use a little love right about now and who better to bring it to you than one of the greatest of all time. Uncle charliewilson. I had the Honor to produce and sing a little background for him with my\u2026 https://t.co/Xnh0TwSb9x",
            "tweet": "the world could use a little love right about now and who better to bring it to you than one of the greatest of all time. uncle charliewilson. i had the honor to produce and sing a little background for him with my\u2026 "
        },
        {
            "date": "2021-04-27 10:41:31+00:00",
            "tweet_raw": "\u2728To the countries that didn\u2019t get to see it. This is Silk Sonic https://t.co/sJAsEeH8MR \u2728 https://t.co/URt3sW1tiQ",
            "tweet": "\u2728to the countries that didn\u2019t get to see it. this is silk sonic  \u2728 "
        },
        {
            "date": "2020-06-03 18:08:51+00:00",
            "tweet_raw": "~Muhammad Ali https://t.co/TubTtSmdFL",
            "tweet": "~muhammad ali "
        },
        {
            "date": "2021-10-08 18:26:46+00:00",
            "tweet_raw": "fierce, Thanks https://t.co/VXlOGHIKni",
            "tweet": "fierce, thanks "
        },
        {
            "date": "2022-01-21 18:44:51+00:00",
            "tweet_raw": "We\u2019re going to vegas! Added a few more dates due to overwhelmingly insane rabid demand. I\u2019m talkin foaming at the mouth type style demand!  Tickets on sale now! \ud83c\udfb0 Link in bio #AnEveningWithSilkSonic https://t.co/AfoufVD3en",
            "tweet": "we\u2019re going to vegas! added a few more dates due to overwhelmingly insane rabid demand. i\u2019m talkin foaming at the mouth type style demand!  tickets on sale now! \ud83c\udfb0 link in bio  "
        },
        {
            "date": "2021-11-18 20:27:32+00:00",
            "tweet_raw": "\ud83d\ude02 wait\u2026 what\u2019s the bass doing? https://t.co/GN59NkqUqb",
            "tweet": "\ud83d\ude02 wait\u2026 what\u2019s the bass doing? "
        },
        {
            "date": "2021-01-15 15:37:38+00:00",
            "tweet_raw": "Why buy rum from a pirate when you can buy it from a player? \ud83d\ude0e @selvareyrum #TropicalLuxury https://t.co/lP1pn0gDPe",
            "tweet": "why buy rum from a pirate when you can buy it from a player? \ud83d\ude0e   "
        },
        {
            "date": "2022-04-04 03:32:47+00:00",
            "tweet_raw": "THESE FUCKIN GUYS!! \u2728 https://t.co/Dla4YQl7JI",
            "tweet": "these fuckin guys!! \u2728 "
        },
        {
            "date": "2021-05-09 20:41:33+00:00",
            "tweet_raw": "Just posted a video https://t.co/LQ0Liqeveu",
            "tweet": "just posted a video "
        },
        {
            "date": "2019-12-12 11:23:25+00:00",
            "tweet_raw": "\ud83d\ude02 just dramatic https://t.co/qn1ci4spGH",
            "tweet": "\ud83d\ude02 just dramatic "
        },
        {
            "date": "2021-01-15 15:37:38+00:00",
            "tweet_raw": "Why buy rum from a pirate when you can buy it from a player? \ud83d\ude0e @selvareyrum #TropicalLuxury https://t.co/lP1pn0gDPe",
            "tweet": "why buy rum from a pirate when you can buy it from a player? \ud83d\ude0e   "
        },
        {
            "date": "2022-01-29 18:33:08+00:00",
            "tweet_raw": "\u2665\ufe0f\u2665\ufe0f\u2665\ufe0f https://t.co/FkfZuLRzsD",
            "tweet": "\u2665\ufe0f\u2665\ufe0f\u2665\ufe0f "
        },
        {
            "date": "2019-10-22 21:04:29+00:00",
            "tweet_raw": "@DwayneDuggerII Don\u2019t ever put your toes in another mans bath water Dwayne \ud83d\ude12 Now Baackk Baackk.",
            "tweet": " don\u2019t ever put your toes in another mans bath water dwayne \ud83d\ude12 now baackk baackk."
        },
        {
            "date": "2019-07-08 15:59:00+00:00",
            "tweet_raw": "Y\u2019all wanna see 6 girls whoopin ass? Go check out the official video to BLOW. When you\u2019re done let these rockstars know they Killed it! Thank you @CherishWaters\u2026 https://t.co/Mn6JSPHp63",
            "tweet": "y\u2019all wanna see 6 girls whoopin ass? go check out the official video to blow. when you\u2019re done let these rockstars know they killed it! thank you \u2026 "
        },
        {
            "date": "2019-09-23 17:41:39+00:00",
            "tweet_raw": "I thought it was October \ud83d\ude14 https://t.co/UZPN2z7BBZ",
            "tweet": "i thought it was october \ud83d\ude14 "
        },
        {
            "date": "2020-01-05 10:12:35+00:00",
            "tweet_raw": "Sending love to Australia.",
            "tweet": "sending love to australia."
        },
        {
            "date": "2019-09-08 22:42:36+00:00",
            "tweet_raw": "What\u2019s Happening? https://t.co/hAntsKmIwv",
            "tweet": "what\u2019s happening? "
        },
        {
            "date": "2019-09-14 01:55:15+00:00",
            "tweet_raw": "Awwwww\ud83d\ude02Get better Maggie!!! https://t.co/lZDpliQ4kI",
            "tweet": "awwwww\ud83d\ude02get better maggie!!! "
        },
        {
            "date": "2019-10-08 18:41:34+00:00",
            "tweet_raw": "Sending all of you love on this INTERNATIONAL HOLIDAY!\ud83e\udd42 Thank you for changing my life and giving me the opportunity to sing for y\u2019all.\u2764\ufe0f",
            "tweet": "sending all of you love on this international holiday!\ud83e\udd42 thank you for changing my life and giving me the opportunity to sing for y\u2019all.\u2764\ufe0f"
        },
        {
            "date": "2021-02-28 00:23:14+00:00",
            "tweet_raw": "\ud83c\udfb2 @ricky_regal @LACOSTE \ud83d\udc0a I\u2019m a gott damn fashion designer now! Catch me at a fabric store near you \ud83e\uddf5 \ud83e\udea1 https://t.co/SC7SjDOQ4h",
            "tweet": "\ud83c\udfb2   \ud83d\udc0a i\u2019m a gott damn fashion designer now! catch me at a fabric store near you \ud83e\uddf5 \ud83e\udea1 "
        },
        {
            "date": "2020-08-03 17:37:58+00:00",
            "tweet_raw": "Sometimes I get so frustrated writing music I look in the mirror and say to myself \u201cI should\u2019ve been a model\u201d \ud83d\ude14",
            "tweet": "sometimes i get so frustrated writing music i look in the mirror and say to myself \u201ci should\u2019ve been a model\u201d \ud83d\ude14"
        },
        {
            "date": "2020-01-15 21:32:46+00:00",
            "tweet_raw": "\ud83d\udc3e https://t.co/4bnk0kygA1",
            "tweet": "\ud83d\udc3e "
        },
        {
            "date": "2019-07-04 19:19:33+00:00",
            "tweet_raw": "It was a privilege to work with Ed \"The Song Writing Machine\" Sheeran and Chris \"Sing Ya Face Off\" Stapleton for Ed's new project. You never know what you\u2019re gonna land on when you collaborate with other musicians\u2026 https://t.co/lXcfYqzB3x",
            "tweet": "it was a privilege to work with ed \"the song writing machine\" sheeran and chris \"sing ya face off\" stapleton for ed's new project. you never know what you\u2019re gonna land on when you collaborate with other musicians\u2026 "
        },
        {
            "date": "2019-08-16 11:30:35+00:00",
            "tweet_raw": "\u2728\u2728\u2728",
            "tweet": "\u2728\u2728\u2728"
        },
        {
            "date": "2021-03-06 23:34:52+00:00",
            "tweet_raw": "Woke up to this! Thank y\u2019all so much for supporting this song. Love y\u2019all\u2665\ufe0f #SilkSonic #LeaveTheDoorOpen\u2728 https://t.co/ZiWKN60UUT",
            "tweet": "woke up to this! thank y\u2019all so much for supporting this song. love y\u2019all\u2665\ufe0f  \u2728 "
        },
        {
            "date": "2020-01-10 01:35:52+00:00",
            "tweet_raw": "\u2764\ufe0f Thank you @naacpimageaward congrats fellas! \ud83e\udd42 https://t.co/CXCjiLZsnz",
            "tweet": "\u2764\ufe0f thank you  congrats fellas! \ud83e\udd42 "
        },
        {
            "date": "2019-08-30 19:39:52+00:00",
            "tweet_raw": "@JoJoWright Ayyyyee!",
            "tweet": " ayyyyee!"
        },
        {
            "date": "2021-03-02 01:11:38+00:00",
            "tweet_raw": "\u2728 @1929galore got these diamonds DANCIN for our big week! let the countdown begin \u23f0 \u2728 Thanks T! #SilkSonic https://t.co/1BIOLzjtXG",
            "tweet": "\u2728  got these diamonds dancin for our big week! let the countdown begin \u23f0 \u2728 thanks t!  "
        },
        {
            "date": "2021-03-06 04:39:46+00:00",
            "tweet_raw": "\u2728\u2728\u2728\u2728\u2728\u2728\u2728\u2728\u2728\u2728\u2728\u2728\u2728 https://t.co/ElGgeZ7B9c",
            "tweet": "\u2728\u2728\u2728\u2728\u2728\u2728\u2728\u2728\u2728\u2728\u2728\u2728\u2728 "
        },
        {
            "date": "2019-07-22 18:52:50+00:00",
            "tweet_raw": "When being petty pays off. Thank you Hooligans. \ud83e\udd17 https://t.co/gpAtF4S25I",
            "tweet": "when being petty pays off. thank you hooligans. \ud83e\udd17 "
        },
        {
            "date": "2021-03-05 21:13:37+00:00",
            "tweet_raw": "@IAMANITABAKER I love you Anita. Thank you so much.",
            "tweet": " i love you anita. thank you so much."
        },
        {
            "date": "2020-06-19 05:52:26+00:00",
            "tweet_raw": "\u2728\u2728\u2728 https://t.co/Ly3JfvwKmw",
            "tweet": "\u2728\u2728\u2728 "
        },
        {
            "date": "2019-09-23 17:43:47+00:00",
            "tweet_raw": "BOOM!!! \ud83d\udd25 https://t.co/Uzr6zo2ajX",
            "tweet": "boom!!! \ud83d\udd25 "
        },
        {
            "date": "2021-08-02 19:36:05+00:00",
            "tweet_raw": "Give it up for the true stars of our video, The Silk Sonic High Rollers! These ladies were killin it all day in the sun and bringing nothing but good vibes! #Skate out now. \ud83d\udefc\u2728 https://t.co/Rofie55wZ7",
            "tweet": "give it up for the true stars of our video, the silk sonic high rollers! these ladies were killin it all day in the sun and bringing nothing but good vibes!  out now. \ud83d\udefc\u2728 "
        },
        {
            "date": "2019-07-19 19:22:32+00:00",
            "tweet_raw": "I wish I released \u201cChunky\u201d as a single \ud83d\ude14 and \u201cCalling all my lovelies\u201d and  \u201ctoo good to say goodbye\u201d \ud83d\ude14and \u201cperm\u201d and \u201cstraight up &amp; down\u201d \ud83d\ude14",
            "tweet": "i wish i released \u201cchunky\u201d as a single \ud83d\ude14 and \u201ccalling all my lovelies\u201d and  \u201ctoo good to say goodbye\u201d \ud83d\ude14and \u201cperm\u201d and \u201cstraight up &amp; down\u201d \ud83d\ude14"
        },
        {
            "date": "2019-07-21 19:23:35+00:00",
            "tweet_raw": "\ud83d\udc4fNah https://t.co/myDiqAC7aL",
            "tweet": "\ud83d\udc4fnah "
        },
        {
            "date": "2022-05-17 03:01:31+00:00",
            "tweet_raw": "HAPPY BIRTHDAY @janetjackson \ud83d\udc51 Love you! https://t.co/DSkHogV0NI",
            "tweet": "happy birthday  \ud83d\udc51 love you! "
        },
        {
            "date": "2021-06-28 00:54:46+00:00",
            "tweet_raw": "Thank you @betawards !!! \u2728 https://t.co/jo3hHubHhp",
            "tweet": "thank you  !!! \u2728 "
        },
        {
            "date": "2021-06-03 17:44:49+00:00",
            "tweet_raw": "Good Vibes only! All summer long!\ud83c\udf79 @SelvaReyRum https://t.co/f2L1eUnOYv",
            "tweet": "good vibes only! all summer long!\ud83c\udf79  "
        },
        {
            "date": "2021-10-30 21:28:07+00:00",
            "tweet_raw": "\ud83e\udd7a https://t.co/XIocEWZqbi",
            "tweet": "\ud83e\udd7a "
        },
        {
            "date": "2021-03-15 22:26:15+00:00",
            "tweet_raw": "Just posted a photo https://t.co/EiWSLV6oqy",
            "tweet": "just posted a photo "
        },
        {
            "date": "2021-04-03 20:31:56+00:00",
            "tweet_raw": "8 bit Remix \u2728 https://t.co/rYbxurI0FV",
            "tweet": "8 bit remix \u2728 "
        },
        {
            "date": "2020-01-10 01:35:52+00:00",
            "tweet_raw": "\u2764\ufe0f Thank you @naacpimageaward congrats fellas! \ud83e\udd42 https://t.co/CXCjiLZsnz",
            "tweet": "\u2764\ufe0f thank you  congrats fellas! \ud83e\udd42 "
        },
        {
            "date": "2020-01-05 10:15:32+00:00",
            "tweet_raw": "@revolttv \u201cOur generation gotta tighten up\u201d",
            "tweet": " \u201cour generation gotta tighten up\u201d"
        },
        {
            "date": "2021-10-19 16:08:39+00:00",
            "tweet_raw": "\ud83c\udfb0 https://t.co/w72Bv0o2EX",
            "tweet": "\ud83c\udfb0 "
        },
        {
            "date": "2020-12-25 19:42:59+00:00",
            "tweet_raw": "MERRY CHRISTMAS TO MY HOOLIGANS! \u2665\ufe0f",
            "tweet": "merry christmas to my hooligans! \u2665\ufe0f"
        },
        {
            "date": "2021-11-04 23:18:09+00:00",
            "tweet_raw": "we\u2019re going live tonight! #SmokinOutTheWindow #LetSilkSonicThrive #SilkSonic https://t.co/S4G3oLFf9Q https://t.co/t5tEVrPkHs",
            "tweet": "we\u2019re going live tonight!     "
        },
        {
            "date": "2021-10-08 19:03:42+00:00",
            "tweet_raw": "\u2728\u2728#SilkSonic ALBUM OUT NOVEMBER 12!!!! \ud83d\ude80\ud83d\ude80  @AndersonPaak @Bootsy_Collins https://t.co/g7loYmV3yI",
            "tweet": "\u2728\u2728 album out november 12!!!! \ud83d\ude80\ud83d\ude80    "
        },
        {
            "date": "2020-04-21 02:42:12+00:00",
            "tweet_raw": "We all won tonight witnessing @KennyEdmonds and @TeddyRiley1  go back and forth with pure greatness.",
            "tweet": "we all won tonight witnessing  and   go back and forth with pure greatness."
        },
        {
            "date": "2019-12-24 22:41:10+00:00",
            "tweet_raw": "Merry Christmas Hooligans. \nSincerely, The Brunz \ud83c\udf84",
            "tweet": "merry christmas hooligans. \nsincerely, the brunz \ud83c\udf84"
        },
        {
            "date": "2019-07-08 15:59:00+00:00",
            "tweet_raw": "Y\u2019all wanna see 6 girls whoopin ass? Go check out the official video to BLOW. When you\u2019re done let these rockstars know they Killed it! Thank you @CherishWaters\u2026 https://t.co/Mn6JSPHp63",
            "tweet": "y\u2019all wanna see 6 girls whoopin ass? go check out the official video to blow. when you\u2019re done let these rockstars know they killed it! thank you \u2026 "
        },
        {
            "date": "2020-01-16 23:31:23+00:00",
            "tweet_raw": "The world could use a little love right about now and who better to bring it to you than one of the greatest of all time. Uncle charliewilson. I had the Honor to produce and sing a little background for him with my\u2026 https://t.co/Xnh0TwSb9x",
            "tweet": "the world could use a little love right about now and who better to bring it to you than one of the greatest of all time. uncle charliewilson. i had the honor to produce and sing a little background for him with my\u2026 "
        },
        {
            "date": "2021-10-11 23:05:47+00:00",
            "tweet_raw": "Happy Birthday @iamcardib !!!",
            "tweet": "happy birthday  !!!"
        },
        {
            "date": "2021-03-10 03:51:39+00:00",
            "tweet_raw": "@AndersonPaak @TreasureU2 wait what?",
            "tweet": "  wait what?"
        },
        {
            "date": "2020-08-03 18:18:04+00:00",
            "tweet_raw": "Yo @rihanna I\u2019d like to submit some of my headshots for your Fenty Skin Campaign. I just took some new ones that I\u2019m really proud of. \ud83e\udd1e",
            "tweet": "yo  i\u2019d like to submit some of my headshots for your fenty skin campaign. i just took some new ones that i\u2019m really proud of. \ud83e\udd1e"
        },
        {
            "date": "2019-10-31 20:55:29+00:00",
            "tweet_raw": "HAPPY HALLOWEEN \ud83d\udc7b https://t.co/i4N8bMoHnH",
            "tweet": "happy halloween \ud83d\udc7b "
        },
        {
            "date": "2021-03-03 20:48:20+00:00",
            "tweet_raw": "Just posted a photo https://t.co/wPsxKeCAWH",
            "tweet": "just posted a photo "
        },
        {
            "date": "2019-07-21 19:23:35+00:00",
            "tweet_raw": "\ud83d\udc4fNah https://t.co/myDiqAC7aL",
            "tweet": "\ud83d\udc4fnah "
        },
        {
            "date": "2021-03-07 22:04:35+00:00",
            "tweet_raw": "Are you sure these are performers and not just presenters? https://t.co/4eWnSatkzj",
            "tweet": "are you sure these are performers and not just presenters? "
        },
        {
            "date": "2022-04-01 23:19:43+00:00",
            "tweet_raw": "Thank you @bts.bighitofficial for coming down to last nights gig in Las Vegas.  Hope y\u2019all enjoyed yourselves! \u2728Sincerely @silksonic https://t.co/yR1qbCWdzF",
            "tweet": "thank you .bighitofficial for coming down to last nights gig in las vegas.  hope y\u2019all enjoyed yourselves! \u2728sincerely  "
        },
        {
            "date": "2019-09-23 17:41:39+00:00",
            "tweet_raw": "I thought it was October \ud83d\ude14 https://t.co/UZPN2z7BBZ",
            "tweet": "i thought it was october \ud83d\ude14 "
        },
        {
            "date": "2021-03-07 02:14:31+00:00",
            "tweet_raw": "Thank you Brandon! get out there and shine! \u2728 https://t.co/fKTjsg5peb",
            "tweet": "thank you brandon! get out there and shine! \u2728 "
        },
        {
            "date": "2020-02-14 00:15:31+00:00",
            "tweet_raw": "LOOK AT EM! @CharlieWilson  #ForeverValentine https://t.co/hRxKSnbjFe",
            "tweet": "look at em!    "
        },
        {
            "date": "2020-03-08 11:16:58+00:00",
            "tweet_raw": "\ud83c\udfb2 \u2665\ufe0f \u2663\ufe0f\u2666\ufe0f\u2660\ufe0f \ud83c\udfb2 https://t.co/XHYm7gLSDJ",
            "tweet": "\ud83c\udfb2 \u2665\ufe0f \u2663\ufe0f\u2666\ufe0f\u2660\ufe0f \ud83c\udfb2 "
        },
        {
            "date": "2020-05-31 18:49:27+00:00",
            "tweet_raw": "Thank you to all the protesters around the world fighting for whats right.  Protect Black lives #BlackLivesMatter.",
            "tweet": "thank you to all the protesters around the world fighting for whats right.  protect black lives ."
        },
        {
            "date": "2020-03-08 11:10:08+00:00",
            "tweet_raw": "Swipe to see all the vibes. https://t.co/Zexr37Swnc",
            "tweet": "swipe to see all the vibes. "
        },
        {
            "date": "2019-06-08 18:59:16+00:00",
            "tweet_raw": "It sure did didn\u2019t  it? Well... let us pray. https://t.co/gshtf2Nvc7",
            "tweet": "it sure did didn\u2019t  it? well... let us pray. "
        },
        {
            "date": "2021-11-18 19:31:38+00:00",
            "tweet_raw": "\ud83d\udc51 @Bootsy_Collins \n\ud83d\udcf8 Bruce Talamon https://t.co/x09gvVOD6C",
            "tweet": "\ud83d\udc51  \n\ud83d\udcf8 bruce talamon "
        },
        {
            "date": "2019-09-15 23:30:48+00:00",
            "tweet_raw": "And we out!!!! Thank you Vegas !!!!!\ud83c\udfb2 \ud83c\udfb2 https://t.co/OysaW7cs3r",
            "tweet": "and we out!!!! thank you vegas !!!!!\ud83c\udfb2 \ud83c\udfb2 "
        },
        {
            "date": "2020-10-04 20:45:05+00:00",
            "tweet_raw": "Just posted a video https://t.co/F58INiVB0N",
            "tweet": "just posted a video "
        },
        {
            "date": "2020-06-14 18:58:52+00:00",
            "tweet_raw": "They could\u2019ve easily called someone  to take him home and protect his life instead of shooting him in the back like some chumps. I\u2019m sick. https://t.co/uALcvoXSeg",
            "tweet": "they could\u2019ve easily called someone  to take him home and protect his life instead of shooting him in the back like some chumps. i\u2019m sick. "
        },
        {
            "date": "2021-03-02 15:50:59+00:00",
            "tweet_raw": "a what? i can\u2019t even change my layout and you want a virtual what? https://t.co/RFHHtwQPhh",
            "tweet": "a what? i can\u2019t even change my layout and you want a virtual what? "
        },
        {
            "date": "2019-12-24 22:41:10+00:00",
            "tweet_raw": "Merry Christmas Hooligans. \nSincerely, The Brunz \ud83c\udf84",
            "tweet": "merry christmas hooligans. \nsincerely, the brunz \ud83c\udf84"
        },
        {
            "date": "2020-01-15 22:35:29+00:00",
            "tweet_raw": "Look at @fauntleroy! You jus a lil baby angel James.  Happy 1500 Day in LA! \ud83c\udf34 \ud83e\udd42 https://t.co/warRpLLLYn",
            "tweet": "look at ! you jus a lil baby angel james.  happy 1500 day in la! \ud83c\udf34 \ud83e\udd42 "
        },
        {
            "date": "2019-07-22 18:56:56+00:00",
            "tweet_raw": "\ud83d\ude1c",
            "tweet": "\ud83d\ude1c"
        },
        {
            "date": "2021-05-24 19:52:09+00:00",
            "tweet_raw": "Them boys from Silk Sonic! \u2728 https://t.co/czBE6H7FSs",
            "tweet": "them boys from silk sonic! \u2728 "
        },
        {
            "date": "2020-12-17 06:29:57+00:00",
            "tweet_raw": "@kameronwhalum @jamareoartis Let\u2019s go!",
            "tweet": "  let\u2019s go!"
        },
        {
            "date": "2019-09-11 01:55:04+00:00",
            "tweet_raw": "ITS ON NOW!!!! https://t.co/Y5LWYk0M8m",
            "tweet": "its on now!!!! "
        },
        {
            "date": "2021-01-15 15:37:38+00:00",
            "tweet_raw": "Why buy rum from a pirate when you can buy it from a player? \ud83d\ude0e @selvareyrum #TropicalLuxury https://t.co/lP1pn0gDPe",
            "tweet": "why buy rum from a pirate when you can buy it from a player? \ud83d\ude0e   "
        },
        {
            "date": "2021-02-28 00:27:01+00:00",
            "tweet_raw": "\ud83d\udc0a @LACOSTE messed up and gave the boy the KEYS!!! Imma seriously need you to F*#K wit me on a real BUSINESS type level! @ricky_regal \ud83c\udfb2 https://t.co/y5CEiOISEW",
            "tweet": "\ud83d\udc0a  messed up and gave the boy the keys!!! imma seriously need you to f* wit me on a real business type level!  \ud83c\udfb2 "
        },
        {
            "date": "2021-03-07 02:14:31+00:00",
            "tweet_raw": "Thank you Brandon! get out there and shine! \u2728 https://t.co/fKTjsg5peb",
            "tweet": "thank you brandon! get out there and shine! \u2728 "
        },
        {
            "date": "2019-06-09 21:19:35+00:00",
            "tweet_raw": "@kwhalum Thanks uncle",
            "tweet": " thanks uncle"
        },
        {
            "date": "2019-07-20 07:06:49+00:00",
            "tweet_raw": "@jamareoartis Go to sleep!",
            "tweet": " go to sleep!"
        },
        {
            "date": "2019-10-14 20:54:36+00:00",
            "tweet_raw": "\ufffc\ud83d\ude0e https://t.co/m5OIh0pZT4",
            "tweet": "\ufffc\ud83d\ude0e "
        },
        {
            "date": "2021-02-18 18:35:34+00:00",
            "tweet_raw": "@MissyElliott Hope we get to have drink  together soon \u2764\ufe0f",
            "tweet": " hope we get to have drink  together soon \u2764\ufe0f"
        },
        {
            "date": "2021-09-13 16:53:02+00:00",
            "tweet_raw": "\ud83d\udc38\ud83c\udf79 https://t.co/yL6UQ56sj9",
            "tweet": "\ud83d\udc38\ud83c\udf79 "
        },
        {
            "date": "2019-08-19 17:35:37+00:00",
            "tweet_raw": "#MondayMotivaton \u2728\u2728\u2728 https://t.co/sI6Rk3ECdQ",
            "tweet": " \u2728\u2728\u2728 "
        },
        {
            "date": "2021-05-25 00:12:46+00:00",
            "tweet_raw": "\ud83c\udfb6 https://t.co/IlIITEiH5i",
            "tweet": "\ud83c\udfb6 "
        },
        {
            "date": "2021-11-20 03:04:32+00:00",
            "tweet_raw": "Tight! https://t.co/H1eCVpKdbj",
            "tweet": "tight! "
        },
        {
            "date": "2021-10-08 18:30:07+00:00",
            "tweet_raw": "flattered, thanks https://t.co/TUYdiW3PBm",
            "tweet": "flattered, thanks "
        },
        {
            "date": "2020-01-19 20:38:39+00:00",
            "tweet_raw": "\ud83d\ude22 I miss this. https://t.co/3mKj6wVsTl",
            "tweet": "\ud83d\ude22 i miss this. "
        },
        {
            "date": "2020-01-16 23:31:23+00:00",
            "tweet_raw": "The world could use a little love right about now and who better to bring it to you than one of the greatest of all time. Uncle charliewilson. I had the Honor to produce and sing a little background for him with my\u2026 https://t.co/Xnh0TwSb9x",
            "tweet": "the world could use a little love right about now and who better to bring it to you than one of the greatest of all time. uncle charliewilson. i had the honor to produce and sing a little background for him with my\u2026 "
        },
        {
            "date": "2019-08-26 20:03:17+00:00",
            "tweet_raw": "When someone tells me they actually like The Lazy Song. \ud83e\udd7a https://t.co/5jQDM8l72X",
            "tweet": "when someone tells me they actually like the lazy song. \ud83e\udd7a "
        },
        {
            "date": "2020-07-20 19:56:02+00:00",
            "tweet_raw": "I\u2019ll never get tired of singing this song. I dedicate it to all of you today. \u2764\ufe0f  Happy B-Day Just The Way You Are. #10YearsYoung https://t.co/lsvQpD1zz5",
            "tweet": "i\u2019ll never get tired of singing this song. i dedicate it to all of you today. \u2764\ufe0f  happy b-day just the way you are.  "
        },
        {
            "date": "2020-01-05 10:15:32+00:00",
            "tweet_raw": "@revolttv \u201cOur generation gotta tighten up\u201d",
            "tweet": " \u201cour generation gotta tighten up\u201d"
        },
        {
            "date": "2020-01-19 19:55:48+00:00",
            "tweet_raw": "\ud83d\ude0f https://t.co/m3pRAN81Rg",
            "tweet": "\ud83d\ude0f "
        },
        {
            "date": "2021-03-05 21:13:37+00:00",
            "tweet_raw": "@IAMANITABAKER I love you Anita. Thank you so much.",
            "tweet": " i love you anita. thank you so much."
        }
    ],
    "len": 100
}