{
    "account": "@DaBabyDaBaby",
    "type": "Rap",
    "tweets": [
        {
            "date": "2021-11-14 00:10:03+00:00",
            "tweet_raw": "@DraisLV Last night for the #BackOnMyBabyJesusShitAgain Mixtape Release Party \ud83d\udcbf\ud83d\udd25\ud83d\udd25\n\nft. @kayykilo &amp; @coi_leray \ud83d\ude80\n\n#LIVESHOWKILLA https://t.co/HxubKEXsUg",
            "tweet": " last night for the  mixtape release party \ud83d\udcbf\ud83d\udd25\ud83d\udd25\n\nft.  &amp;  \ud83d\ude80\n\n "
        },
        {
            "date": "2021-11-14 04:41:25+00:00",
            "tweet_raw": "\ud83d\ude02\ud83d\ude02\ud83d\ude02 https://t.co/1skn3CqkAu",
            "tweet": "\ud83d\ude02\ud83d\ude02\ud83d\ude02 "
        },
        {
            "date": "2021-11-26 17:21:38+00:00",
            "tweet_raw": "ATLANTA DECEMBER 4TH \u203c\ufe0f\ud83d\udd25\n\nhttps://t.co/alTV9zKIVQ",
            "tweet": "atlanta december 4th \u203c\ufe0f\ud83d\udd25\n\n"
        },
        {
            "date": "2021-11-14 04:41:25+00:00",
            "tweet_raw": "\ud83d\ude02\ud83d\ude02\ud83d\ude02 https://t.co/1skn3CqkAu",
            "tweet": "\ud83d\ude02\ud83d\ude02\ud83d\ude02 "
        },
        {
            "date": "2021-12-06 13:09:59+00:00",
            "tweet_raw": "love you too \u2764\ufe0f #LiveShowKillaTour https://t.co/rmi59OVTmF",
            "tweet": "love you too \u2764\ufe0f  "
        },
        {
            "date": "2021-11-12 13:36:46+00:00",
            "tweet_raw": "YA HEAR ME ! https://t.co/wrhYZENk9F",
            "tweet": "ya hear me ! "
        },
        {
            "date": "2021-11-26 17:21:38+00:00",
            "tweet_raw": "ATLANTA DECEMBER 4TH \u203c\ufe0f\ud83d\udd25\n\nhttps://t.co/alTV9zKIVQ",
            "tweet": "atlanta december 4th \u203c\ufe0f\ud83d\udd25\n\n"
        },
        {
            "date": "2021-11-17 13:30:06+00:00",
            "tweet_raw": "FIRST STOP OF THE LIVESHOWKILLATOUR... CHICAGO\ud83d\udccd\n\nNOVEMBER 26th\ud83d\uddd3\ud83d\udd25\n\nhttps://t.co/PHLqhYw406",
            "tweet": "first stop of the liveshowkillatour... chicago\ud83d\udccd\n\nnovember 26th\ud83d\uddd3\ud83d\udd25\n\n"
        },
        {
            "date": "2021-11-15 22:44:49+00:00",
            "tweet_raw": "\u201cROOF\u201d (Official Video) Dropped this morning! \ud83d\udcfa\ud83d\udd25 YOUTUBE HER https://t.co/PPxy3ETchz",
            "tweet": "\u201croof\u201d (official video) dropped this morning! \ud83d\udcfa\ud83d\udd25 youtube her "
        },
        {
            "date": "2021-11-17 13:32:15+00:00",
            "tweet_raw": "MILWAUKEE NOVEMBER 27th see you there bae\ud83d\ude18 Be ready for me. https://t.co/8BIgPEqcvu",
            "tweet": "milwaukee november 27th see you there bae\ud83d\ude18 be ready for me. "
        },
        {
            "date": "2021-11-14 00:10:03+00:00",
            "tweet_raw": "@DraisLV Last night for the #BackOnMyBabyJesusShitAgain Mixtape Release Party \ud83d\udcbf\ud83d\udd25\ud83d\udd25\n\nft. @kayykilo &amp; @coi_leray \ud83d\ude80\n\n#LIVESHOWKILLA https://t.co/HxubKEXsUg",
            "tweet": " last night for the  mixtape release party \ud83d\udcbf\ud83d\udd25\ud83d\udd25\n\nft.  &amp;  \ud83d\ude80\n\n "
        },
        {
            "date": "2021-11-12 13:38:10+00:00",
            "tweet_raw": "WHEN NOBODY GOT YA BACK YOU BETTER HAVE A BACK! \ud83e\udd8d",
            "tweet": "when nobody got ya back you better have a back! \ud83e\udd8d"
        },
        {
            "date": "2022-04-11 03:42:45+00:00",
            "tweet_raw": "TOUGH SKIN",
            "tweet": "tough skin"
        },
        {
            "date": "2021-11-17 01:24:26+00:00",
            "tweet_raw": "\ud83d\ude0d https://t.co/j7Pibb9Scn",
            "tweet": "\ud83d\ude0d "
        },
        {
            "date": "2021-11-12 13:38:10+00:00",
            "tweet_raw": "WHEN NOBODY GOT YA BACK YOU BETTER HAVE A BACK! \ud83e\udd8d",
            "tweet": "when nobody got ya back you better have a back! \ud83e\udd8d"
        },
        {
            "date": "2021-12-06 00:29:07+00:00",
            "tweet_raw": "\ud83c\udf2a\ud83c\udf2a\ud83c\udf2a\ud83c\udf2a\ud83c\udf2a\ud83c\udf2a https://t.co/qmNT7AiIX8",
            "tweet": "\ud83c\udf2a\ud83c\udf2a\ud83c\udf2a\ud83c\udf2a\ud83c\udf2a\ud83c\udf2a "
        },
        {
            "date": "2021-11-17 13:30:06+00:00",
            "tweet_raw": "FIRST STOP OF THE LIVESHOWKILLATOUR... CHICAGO\ud83d\udccd\n\nNOVEMBER 26th\ud83d\uddd3\ud83d\udd25\n\nhttps://t.co/PHLqhYw406",
            "tweet": "first stop of the liveshowkillatour... chicago\ud83d\udccd\n\nnovember 26th\ud83d\uddd3\ud83d\udd25\n\n"
        },
        {
            "date": "2021-11-17 01:24:26+00:00",
            "tweet_raw": "\ud83d\ude0d https://t.co/j7Pibb9Scn",
            "tweet": "\ud83d\ude0d "
        },
        {
            "date": "2021-11-17 13:30:06+00:00",
            "tweet_raw": "FIRST STOP OF THE LIVESHOWKILLATOUR... CHICAGO\ud83d\udccd\n\nNOVEMBER 26th\ud83d\uddd3\ud83d\udd25\n\nhttps://t.co/PHLqhYw406",
            "tweet": "first stop of the liveshowkillatour... chicago\ud83d\udccd\n\nnovember 26th\ud83d\uddd3\ud83d\udd25\n\n"
        },
        {
            "date": "2021-11-12 13:38:10+00:00",
            "tweet_raw": "WHEN NOBODY GOT YA BACK YOU BETTER HAVE A BACK! \ud83e\udd8d",
            "tweet": "when nobody got ya back you better have a back! \ud83e\udd8d"
        },
        {
            "date": "2021-11-15 22:44:49+00:00",
            "tweet_raw": "\u201cROOF\u201d (Official Video) Dropped this morning! \ud83d\udcfa\ud83d\udd25 YOUTUBE HER https://t.co/PPxy3ETchz",
            "tweet": "\u201croof\u201d (official video) dropped this morning! \ud83d\udcfa\ud83d\udd25 youtube her "
        },
        {
            "date": "2021-11-17 13:30:06+00:00",
            "tweet_raw": "FIRST STOP OF THE LIVESHOWKILLATOUR... CHICAGO\ud83d\udccd\n\nNOVEMBER 26th\ud83d\uddd3\ud83d\udd25\n\nhttps://t.co/PHLqhYw406",
            "tweet": "first stop of the liveshowkillatour... chicago\ud83d\udccd\n\nnovember 26th\ud83d\uddd3\ud83d\udd25\n\n"
        },
        {
            "date": "2021-11-14 00:10:03+00:00",
            "tweet_raw": "@DraisLV Last night for the #BackOnMyBabyJesusShitAgain Mixtape Release Party \ud83d\udcbf\ud83d\udd25\ud83d\udd25\n\nft. @kayykilo &amp; @coi_leray \ud83d\ude80\n\n#LIVESHOWKILLA https://t.co/HxubKEXsUg",
            "tweet": " last night for the  mixtape release party \ud83d\udcbf\ud83d\udd25\ud83d\udd25\n\nft.  &amp;  \ud83d\ude80\n\n "
        },
        {
            "date": "2021-11-17 13:32:15+00:00",
            "tweet_raw": "MILWAUKEE NOVEMBER 27th see you there bae\ud83d\ude18 Be ready for me. https://t.co/8BIgPEqcvu",
            "tweet": "milwaukee november 27th see you there bae\ud83d\ude18 be ready for me. "
        },
        {
            "date": "2021-11-15 22:44:49+00:00",
            "tweet_raw": "\u201cROOF\u201d (Official Video) Dropped this morning! \ud83d\udcfa\ud83d\udd25 YOUTUBE HER https://t.co/PPxy3ETchz",
            "tweet": "\u201croof\u201d (official video) dropped this morning! \ud83d\udcfa\ud83d\udd25 youtube her "
        },
        {
            "date": "2021-11-15 22:44:49+00:00",
            "tweet_raw": "\u201cROOF\u201d (Official Video) Dropped this morning! \ud83d\udcfa\ud83d\udd25 YOUTUBE HER https://t.co/PPxy3ETchz",
            "tweet": "\u201croof\u201d (official video) dropped this morning! \ud83d\udcfa\ud83d\udd25 youtube her "
        },
        {
            "date": "2021-11-12 13:38:10+00:00",
            "tweet_raw": "WHEN NOBODY GOT YA BACK YOU BETTER HAVE A BACK! \ud83e\udd8d",
            "tweet": "when nobody got ya back you better have a back! \ud83e\udd8d"
        },
        {
            "date": "2021-11-12 13:38:10+00:00",
            "tweet_raw": "WHEN NOBODY GOT YA BACK YOU BETTER HAVE A BACK! \ud83e\udd8d",
            "tweet": "when nobody got ya back you better have a back! \ud83e\udd8d"
        },
        {
            "date": "2021-11-17 13:30:06+00:00",
            "tweet_raw": "FIRST STOP OF THE LIVESHOWKILLATOUR... CHICAGO\ud83d\udccd\n\nNOVEMBER 26th\ud83d\uddd3\ud83d\udd25\n\nhttps://t.co/PHLqhYw406",
            "tweet": "first stop of the liveshowkillatour... chicago\ud83d\udccd\n\nnovember 26th\ud83d\uddd3\ud83d\udd25\n\n"
        },
        {
            "date": "2021-11-14 00:10:03+00:00",
            "tweet_raw": "@DraisLV Last night for the #BackOnMyBabyJesusShitAgain Mixtape Release Party \ud83d\udcbf\ud83d\udd25\ud83d\udd25\n\nft. @kayykilo &amp; @coi_leray \ud83d\ude80\n\n#LIVESHOWKILLA https://t.co/HxubKEXsUg",
            "tweet": " last night for the  mixtape release party \ud83d\udcbf\ud83d\udd25\ud83d\udd25\n\nft.  &amp;  \ud83d\ude80\n\n "
        },
        {
            "date": "2021-11-12 13:36:46+00:00",
            "tweet_raw": "YA HEAR ME ! https://t.co/wrhYZENk9F",
            "tweet": "ya hear me ! "
        },
        {
            "date": "2021-11-14 00:10:03+00:00",
            "tweet_raw": "@DraisLV Last night for the #BackOnMyBabyJesusShitAgain Mixtape Release Party \ud83d\udcbf\ud83d\udd25\ud83d\udd25\n\nft. @kayykilo &amp; @coi_leray \ud83d\ude80\n\n#LIVESHOWKILLA https://t.co/HxubKEXsUg",
            "tweet": " last night for the  mixtape release party \ud83d\udcbf\ud83d\udd25\ud83d\udd25\n\nft.  &amp;  \ud83d\ude80\n\n "
        },
        {
            "date": "2021-11-15 22:44:49+00:00",
            "tweet_raw": "\u201cROOF\u201d (Official Video) Dropped this morning! \ud83d\udcfa\ud83d\udd25 YOUTUBE HER https://t.co/PPxy3ETchz",
            "tweet": "\u201croof\u201d (official video) dropped this morning! \ud83d\udcfa\ud83d\udd25 youtube her "
        },
        {
            "date": "2021-11-17 13:32:15+00:00",
            "tweet_raw": "MILWAUKEE NOVEMBER 27th see you there bae\ud83d\ude18 Be ready for me. https://t.co/8BIgPEqcvu",
            "tweet": "milwaukee november 27th see you there bae\ud83d\ude18 be ready for me. "
        },
        {
            "date": "2021-11-14 04:41:25+00:00",
            "tweet_raw": "\ud83d\ude02\ud83d\ude02\ud83d\ude02 https://t.co/1skn3CqkAu",
            "tweet": "\ud83d\ude02\ud83d\ude02\ud83d\ude02 "
        },
        {
            "date": "2021-11-17 13:32:15+00:00",
            "tweet_raw": "MILWAUKEE NOVEMBER 27th see you there bae\ud83d\ude18 Be ready for me. https://t.co/8BIgPEqcvu",
            "tweet": "milwaukee november 27th see you there bae\ud83d\ude18 be ready for me. "
        },
        {
            "date": "2021-11-17 13:32:15+00:00",
            "tweet_raw": "MILWAUKEE NOVEMBER 27th see you there bae\ud83d\ude18 Be ready for me. https://t.co/8BIgPEqcvu",
            "tweet": "milwaukee november 27th see you there bae\ud83d\ude18 be ready for me. "
        },
        {
            "date": "2021-11-17 13:30:06+00:00",
            "tweet_raw": "FIRST STOP OF THE LIVESHOWKILLATOUR... CHICAGO\ud83d\udccd\n\nNOVEMBER 26th\ud83d\uddd3\ud83d\udd25\n\nhttps://t.co/PHLqhYw406",
            "tweet": "first stop of the liveshowkillatour... chicago\ud83d\udccd\n\nnovember 26th\ud83d\uddd3\ud83d\udd25\n\n"
        },
        {
            "date": "2021-11-26 17:21:38+00:00",
            "tweet_raw": "ATLANTA DECEMBER 4TH \u203c\ufe0f\ud83d\udd25\n\nhttps://t.co/alTV9zKIVQ",
            "tweet": "atlanta december 4th \u203c\ufe0f\ud83d\udd25\n\n"
        },
        {
            "date": "2021-11-17 13:32:15+00:00",
            "tweet_raw": "MILWAUKEE NOVEMBER 27th see you there bae\ud83d\ude18 Be ready for me. https://t.co/8BIgPEqcvu",
            "tweet": "milwaukee november 27th see you there bae\ud83d\ude18 be ready for me. "
        },
        {
            "date": "2021-11-15 22:44:49+00:00",
            "tweet_raw": "\u201cROOF\u201d (Official Video) Dropped this morning! \ud83d\udcfa\ud83d\udd25 YOUTUBE HER https://t.co/PPxy3ETchz",
            "tweet": "\u201croof\u201d (official video) dropped this morning! \ud83d\udcfa\ud83d\udd25 youtube her "
        },
        {
            "date": "2021-11-15 22:44:49+00:00",
            "tweet_raw": "\u201cROOF\u201d (Official Video) Dropped this morning! \ud83d\udcfa\ud83d\udd25 YOUTUBE HER https://t.co/PPxy3ETchz",
            "tweet": "\u201croof\u201d (official video) dropped this morning! \ud83d\udcfa\ud83d\udd25 youtube her "
        },
        {
            "date": "2021-11-12 13:36:46+00:00",
            "tweet_raw": "YA HEAR ME ! https://t.co/wrhYZENk9F",
            "tweet": "ya hear me ! "
        },
        {
            "date": "2021-11-14 04:41:25+00:00",
            "tweet_raw": "\ud83d\ude02\ud83d\ude02\ud83d\ude02 https://t.co/1skn3CqkAu",
            "tweet": "\ud83d\ude02\ud83d\ude02\ud83d\ude02 "
        },
        {
            "date": "2021-11-12 13:36:46+00:00",
            "tweet_raw": "YA HEAR ME ! https://t.co/wrhYZENk9F",
            "tweet": "ya hear me ! "
        },
        {
            "date": "2021-11-26 17:21:38+00:00",
            "tweet_raw": "ATLANTA DECEMBER 4TH \u203c\ufe0f\ud83d\udd25\n\nhttps://t.co/alTV9zKIVQ",
            "tweet": "atlanta december 4th \u203c\ufe0f\ud83d\udd25\n\n"
        },
        {
            "date": "2021-11-15 22:44:49+00:00",
            "tweet_raw": "\u201cROOF\u201d (Official Video) Dropped this morning! \ud83d\udcfa\ud83d\udd25 YOUTUBE HER https://t.co/PPxy3ETchz",
            "tweet": "\u201croof\u201d (official video) dropped this morning! \ud83d\udcfa\ud83d\udd25 youtube her "
        },
        {
            "date": "2021-11-15 22:44:49+00:00",
            "tweet_raw": "\u201cROOF\u201d (Official Video) Dropped this morning! \ud83d\udcfa\ud83d\udd25 YOUTUBE HER https://t.co/PPxy3ETchz",
            "tweet": "\u201croof\u201d (official video) dropped this morning! \ud83d\udcfa\ud83d\udd25 youtube her "
        },
        {
            "date": "2021-11-14 00:10:03+00:00",
            "tweet_raw": "@DraisLV Last night for the #BackOnMyBabyJesusShitAgain Mixtape Release Party \ud83d\udcbf\ud83d\udd25\ud83d\udd25\n\nft. @kayykilo &amp; @coi_leray \ud83d\ude80\n\n#LIVESHOWKILLA https://t.co/HxubKEXsUg",
            "tweet": " last night for the  mixtape release party \ud83d\udcbf\ud83d\udd25\ud83d\udd25\n\nft.  &amp;  \ud83d\ude80\n\n "
        },
        {
            "date": "2021-11-17 01:24:26+00:00",
            "tweet_raw": "\ud83d\ude0d https://t.co/j7Pibb9Scn",
            "tweet": "\ud83d\ude0d "
        },
        {
            "date": "2021-11-14 04:41:25+00:00",
            "tweet_raw": "\ud83d\ude02\ud83d\ude02\ud83d\ude02 https://t.co/1skn3CqkAu",
            "tweet": "\ud83d\ude02\ud83d\ude02\ud83d\ude02 "
        },
        {
            "date": "2021-11-14 00:10:03+00:00",
            "tweet_raw": "@DraisLV Last night for the #BackOnMyBabyJesusShitAgain Mixtape Release Party \ud83d\udcbf\ud83d\udd25\ud83d\udd25\n\nft. @kayykilo &amp; @coi_leray \ud83d\ude80\n\n#LIVESHOWKILLA https://t.co/HxubKEXsUg",
            "tweet": " last night for the  mixtape release party \ud83d\udcbf\ud83d\udd25\ud83d\udd25\n\nft.  &amp;  \ud83d\ude80\n\n "
        },
        {
            "date": "2021-11-17 01:24:26+00:00",
            "tweet_raw": "\ud83d\ude0d https://t.co/j7Pibb9Scn",
            "tweet": "\ud83d\ude0d "
        },
        {
            "date": "2021-11-12 13:36:46+00:00",
            "tweet_raw": "YA HEAR ME ! https://t.co/wrhYZENk9F",
            "tweet": "ya hear me ! "
        },
        {
            "date": "2021-11-12 13:38:10+00:00",
            "tweet_raw": "WHEN NOBODY GOT YA BACK YOU BETTER HAVE A BACK! \ud83e\udd8d",
            "tweet": "when nobody got ya back you better have a back! \ud83e\udd8d"
        },
        {
            "date": "2021-11-26 17:21:38+00:00",
            "tweet_raw": "ATLANTA DECEMBER 4TH \u203c\ufe0f\ud83d\udd25\n\nhttps://t.co/alTV9zKIVQ",
            "tweet": "atlanta december 4th \u203c\ufe0f\ud83d\udd25\n\n"
        },
        {
            "date": "2021-11-17 01:24:26+00:00",
            "tweet_raw": "\ud83d\ude0d https://t.co/j7Pibb9Scn",
            "tweet": "\ud83d\ude0d "
        },
        {
            "date": "2021-11-26 17:21:38+00:00",
            "tweet_raw": "ATLANTA DECEMBER 4TH \u203c\ufe0f\ud83d\udd25\n\nhttps://t.co/alTV9zKIVQ",
            "tweet": "atlanta december 4th \u203c\ufe0f\ud83d\udd25\n\n"
        },
        {
            "date": "2021-11-14 00:10:03+00:00",
            "tweet_raw": "@DraisLV Last night for the #BackOnMyBabyJesusShitAgain Mixtape Release Party \ud83d\udcbf\ud83d\udd25\ud83d\udd25\n\nft. @kayykilo &amp; @coi_leray \ud83d\ude80\n\n#LIVESHOWKILLA https://t.co/HxubKEXsUg",
            "tweet": " last night for the  mixtape release party \ud83d\udcbf\ud83d\udd25\ud83d\udd25\n\nft.  &amp;  \ud83d\ude80\n\n "
        },
        {
            "date": "2021-11-14 04:41:25+00:00",
            "tweet_raw": "\ud83d\ude02\ud83d\ude02\ud83d\ude02 https://t.co/1skn3CqkAu",
            "tweet": "\ud83d\ude02\ud83d\ude02\ud83d\ude02 "
        },
        {
            "date": "2021-11-12 13:36:46+00:00",
            "tweet_raw": "YA HEAR ME ! https://t.co/wrhYZENk9F",
            "tweet": "ya hear me ! "
        },
        {
            "date": "2021-11-12 13:38:10+00:00",
            "tweet_raw": "WHEN NOBODY GOT YA BACK YOU BETTER HAVE A BACK! \ud83e\udd8d",
            "tweet": "when nobody got ya back you better have a back! \ud83e\udd8d"
        },
        {
            "date": "2021-11-26 17:21:38+00:00",
            "tweet_raw": "ATLANTA DECEMBER 4TH \u203c\ufe0f\ud83d\udd25\n\nhttps://t.co/alTV9zKIVQ",
            "tweet": "atlanta december 4th \u203c\ufe0f\ud83d\udd25\n\n"
        },
        {
            "date": "2022-04-25 04:48:28+00:00",
            "tweet_raw": "No disrespect to my boy Tyrese but damn bruh\ud83d\ude02 \n\nWhat more do you want from meeee? https://t.co/U58v2RxoAc",
            "tweet": "no disrespect to my boy tyrese but damn bruh\ud83d\ude02 \n\nwhat more do you want from meeee? "
        },
        {
            "date": "2021-11-15 22:44:49+00:00",
            "tweet_raw": "\u201cROOF\u201d (Official Video) Dropped this morning! \ud83d\udcfa\ud83d\udd25 YOUTUBE HER https://t.co/PPxy3ETchz",
            "tweet": "\u201croof\u201d (official video) dropped this morning! \ud83d\udcfa\ud83d\udd25 youtube her "
        },
        {
            "date": "2021-11-14 04:41:25+00:00",
            "tweet_raw": "\ud83d\ude02\ud83d\ude02\ud83d\ude02 https://t.co/1skn3CqkAu",
            "tweet": "\ud83d\ude02\ud83d\ude02\ud83d\ude02 "
        },
        {
            "date": "2021-11-12 13:38:10+00:00",
            "tweet_raw": "WHEN NOBODY GOT YA BACK YOU BETTER HAVE A BACK! \ud83e\udd8d",
            "tweet": "when nobody got ya back you better have a back! \ud83e\udd8d"
        },
        {
            "date": "2021-11-26 17:21:38+00:00",
            "tweet_raw": "ATLANTA DECEMBER 4TH \u203c\ufe0f\ud83d\udd25\n\nhttps://t.co/alTV9zKIVQ",
            "tweet": "atlanta december 4th \u203c\ufe0f\ud83d\udd25\n\n"
        },
        {
            "date": "2021-11-14 04:41:25+00:00",
            "tweet_raw": "\ud83d\ude02\ud83d\ude02\ud83d\ude02 https://t.co/1skn3CqkAu",
            "tweet": "\ud83d\ude02\ud83d\ude02\ud83d\ude02 "
        },
        {
            "date": "2021-11-12 13:36:46+00:00",
            "tweet_raw": "YA HEAR ME ! https://t.co/wrhYZENk9F",
            "tweet": "ya hear me ! "
        },
        {
            "date": "2021-11-17 13:32:15+00:00",
            "tweet_raw": "MILWAUKEE NOVEMBER 27th see you there bae\ud83d\ude18 Be ready for me. https://t.co/8BIgPEqcvu",
            "tweet": "milwaukee november 27th see you there bae\ud83d\ude18 be ready for me. "
        },
        {
            "date": "2021-11-12 13:36:46+00:00",
            "tweet_raw": "YA HEAR ME ! https://t.co/wrhYZENk9F",
            "tweet": "ya hear me ! "
        },
        {
            "date": "2021-11-14 00:10:03+00:00",
            "tweet_raw": "@DraisLV Last night for the #BackOnMyBabyJesusShitAgain Mixtape Release Party \ud83d\udcbf\ud83d\udd25\ud83d\udd25\n\nft. @kayykilo &amp; @coi_leray \ud83d\ude80\n\n#LIVESHOWKILLA https://t.co/HxubKEXsUg",
            "tweet": " last night for the  mixtape release party \ud83d\udcbf\ud83d\udd25\ud83d\udd25\n\nft.  &amp;  \ud83d\ude80\n\n "
        },
        {
            "date": "2021-11-17 01:24:26+00:00",
            "tweet_raw": "\ud83d\ude0d https://t.co/j7Pibb9Scn",
            "tweet": "\ud83d\ude0d "
        },
        {
            "date": "2021-11-12 13:38:10+00:00",
            "tweet_raw": "WHEN NOBODY GOT YA BACK YOU BETTER HAVE A BACK! \ud83e\udd8d",
            "tweet": "when nobody got ya back you better have a back! \ud83e\udd8d"
        },
        {
            "date": "2021-11-14 04:41:25+00:00",
            "tweet_raw": "\ud83d\ude02\ud83d\ude02\ud83d\ude02 https://t.co/1skn3CqkAu",
            "tweet": "\ud83d\ude02\ud83d\ude02\ud83d\ude02 "
        },
        {
            "date": "2021-11-17 13:32:15+00:00",
            "tweet_raw": "MILWAUKEE NOVEMBER 27th see you there bae\ud83d\ude18 Be ready for me. https://t.co/8BIgPEqcvu",
            "tweet": "milwaukee november 27th see you there bae\ud83d\ude18 be ready for me. "
        },
        {
            "date": "2021-11-17 13:30:06+00:00",
            "tweet_raw": "FIRST STOP OF THE LIVESHOWKILLATOUR... CHICAGO\ud83d\udccd\n\nNOVEMBER 26th\ud83d\uddd3\ud83d\udd25\n\nhttps://t.co/PHLqhYw406",
            "tweet": "first stop of the liveshowkillatour... chicago\ud83d\udccd\n\nnovember 26th\ud83d\uddd3\ud83d\udd25\n\n"
        },
        {
            "date": "2021-11-17 13:30:06+00:00",
            "tweet_raw": "FIRST STOP OF THE LIVESHOWKILLATOUR... CHICAGO\ud83d\udccd\n\nNOVEMBER 26th\ud83d\uddd3\ud83d\udd25\n\nhttps://t.co/PHLqhYw406",
            "tweet": "first stop of the liveshowkillatour... chicago\ud83d\udccd\n\nnovember 26th\ud83d\uddd3\ud83d\udd25\n\n"
        },
        {
            "date": "2021-11-17 13:32:15+00:00",
            "tweet_raw": "MILWAUKEE NOVEMBER 27th see you there bae\ud83d\ude18 Be ready for me. https://t.co/8BIgPEqcvu",
            "tweet": "milwaukee november 27th see you there bae\ud83d\ude18 be ready for me. "
        },
        {
            "date": "2021-11-15 22:44:49+00:00",
            "tweet_raw": "\u201cROOF\u201d (Official Video) Dropped this morning! \ud83d\udcfa\ud83d\udd25 YOUTUBE HER https://t.co/PPxy3ETchz",
            "tweet": "\u201croof\u201d (official video) dropped this morning! \ud83d\udcfa\ud83d\udd25 youtube her "
        },
        {
            "date": "2021-11-17 13:32:15+00:00",
            "tweet_raw": "MILWAUKEE NOVEMBER 27th see you there bae\ud83d\ude18 Be ready for me. https://t.co/8BIgPEqcvu",
            "tweet": "milwaukee november 27th see you there bae\ud83d\ude18 be ready for me. "
        },
        {
            "date": "2021-11-15 22:44:49+00:00",
            "tweet_raw": "\u201cROOF\u201d (Official Video) Dropped this morning! \ud83d\udcfa\ud83d\udd25 YOUTUBE HER https://t.co/PPxy3ETchz",
            "tweet": "\u201croof\u201d (official video) dropped this morning! \ud83d\udcfa\ud83d\udd25 youtube her "
        },
        {
            "date": "2021-11-12 13:38:10+00:00",
            "tweet_raw": "WHEN NOBODY GOT YA BACK YOU BETTER HAVE A BACK! \ud83e\udd8d",
            "tweet": "when nobody got ya back you better have a back! \ud83e\udd8d"
        },
        {
            "date": "2021-11-17 13:30:06+00:00",
            "tweet_raw": "FIRST STOP OF THE LIVESHOWKILLATOUR... CHICAGO\ud83d\udccd\n\nNOVEMBER 26th\ud83d\uddd3\ud83d\udd25\n\nhttps://t.co/PHLqhYw406",
            "tweet": "first stop of the liveshowkillatour... chicago\ud83d\udccd\n\nnovember 26th\ud83d\uddd3\ud83d\udd25\n\n"
        },
        {
            "date": "2021-11-26 17:21:38+00:00",
            "tweet_raw": "ATLANTA DECEMBER 4TH \u203c\ufe0f\ud83d\udd25\n\nhttps://t.co/alTV9zKIVQ",
            "tweet": "atlanta december 4th \u203c\ufe0f\ud83d\udd25\n\n"
        },
        {
            "date": "2022-04-25 02:15:56+00:00",
            "tweet_raw": "The niggas preying on me can\u2019t fuck wit the people praying for me! \ud83d\udda4\ud83d\udcaa\ud83c\udffe",
            "tweet": "the niggas preying on me can\u2019t fuck wit the people praying for me! \ud83d\udda4\ud83d\udcaa\ud83c\udffe"
        },
        {
            "date": "2021-11-14 00:10:03+00:00",
            "tweet_raw": "@DraisLV Last night for the #BackOnMyBabyJesusShitAgain Mixtape Release Party \ud83d\udcbf\ud83d\udd25\ud83d\udd25\n\nft. @kayykilo &amp; @coi_leray \ud83d\ude80\n\n#LIVESHOWKILLA https://t.co/HxubKEXsUg",
            "tweet": " last night for the  mixtape release party \ud83d\udcbf\ud83d\udd25\ud83d\udd25\n\nft.  &amp;  \ud83d\ude80\n\n "
        },
        {
            "date": "2021-11-17 13:30:06+00:00",
            "tweet_raw": "FIRST STOP OF THE LIVESHOWKILLATOUR... CHICAGO\ud83d\udccd\n\nNOVEMBER 26th\ud83d\uddd3\ud83d\udd25\n\nhttps://t.co/PHLqhYw406",
            "tweet": "first stop of the liveshowkillatour... chicago\ud83d\udccd\n\nnovember 26th\ud83d\uddd3\ud83d\udd25\n\n"
        },
        {
            "date": "2021-11-12 13:36:46+00:00",
            "tweet_raw": "YA HEAR ME ! https://t.co/wrhYZENk9F",
            "tweet": "ya hear me ! "
        },
        {
            "date": "2021-11-17 13:30:06+00:00",
            "tweet_raw": "FIRST STOP OF THE LIVESHOWKILLATOUR... CHICAGO\ud83d\udccd\n\nNOVEMBER 26th\ud83d\uddd3\ud83d\udd25\n\nhttps://t.co/PHLqhYw406",
            "tweet": "first stop of the liveshowkillatour... chicago\ud83d\udccd\n\nnovember 26th\ud83d\uddd3\ud83d\udd25\n\n"
        },
        {
            "date": "2021-11-12 13:38:10+00:00",
            "tweet_raw": "WHEN NOBODY GOT YA BACK YOU BETTER HAVE A BACK! \ud83e\udd8d",
            "tweet": "when nobody got ya back you better have a back! \ud83e\udd8d"
        },
        {
            "date": "2021-11-12 13:38:10+00:00",
            "tweet_raw": "WHEN NOBODY GOT YA BACK YOU BETTER HAVE A BACK! \ud83e\udd8d",
            "tweet": "when nobody got ya back you better have a back! \ud83e\udd8d"
        },
        {
            "date": "2021-11-14 04:41:25+00:00",
            "tweet_raw": "\ud83d\ude02\ud83d\ude02\ud83d\ude02 https://t.co/1skn3CqkAu",
            "tweet": "\ud83d\ude02\ud83d\ude02\ud83d\ude02 "
        },
        {
            "date": "2021-11-17 13:32:15+00:00",
            "tweet_raw": "MILWAUKEE NOVEMBER 27th see you there bae\ud83d\ude18 Be ready for me. https://t.co/8BIgPEqcvu",
            "tweet": "milwaukee november 27th see you there bae\ud83d\ude18 be ready for me. "
        },
        {
            "date": "2021-11-14 00:10:03+00:00",
            "tweet_raw": "@DraisLV Last night for the #BackOnMyBabyJesusShitAgain Mixtape Release Party \ud83d\udcbf\ud83d\udd25\ud83d\udd25\n\nft. @kayykilo &amp; @coi_leray \ud83d\ude80\n\n#LIVESHOWKILLA https://t.co/HxubKEXsUg",
            "tweet": " last night for the  mixtape release party \ud83d\udcbf\ud83d\udd25\ud83d\udd25\n\nft.  &amp;  \ud83d\ude80\n\n "
        },
        {
            "date": "2021-11-17 13:30:06+00:00",
            "tweet_raw": "FIRST STOP OF THE LIVESHOWKILLATOUR... CHICAGO\ud83d\udccd\n\nNOVEMBER 26th\ud83d\uddd3\ud83d\udd25\n\nhttps://t.co/PHLqhYw406",
            "tweet": "first stop of the liveshowkillatour... chicago\ud83d\udccd\n\nnovember 26th\ud83d\uddd3\ud83d\udd25\n\n"
        },
        {
            "date": "2021-11-26 17:21:38+00:00",
            "tweet_raw": "ATLANTA DECEMBER 4TH \u203c\ufe0f\ud83d\udd25\n\nhttps://t.co/alTV9zKIVQ",
            "tweet": "atlanta december 4th \u203c\ufe0f\ud83d\udd25\n\n"
        },
        {
            "date": "2022-04-25 18:43:37+00:00",
            "tweet_raw": "Cuz the media got they ass brainwashed https://t.co/CIPgIcfypW",
            "tweet": "cuz the media got they ass brainwashed "
        },
        {
            "date": "2021-11-26 17:21:38+00:00",
            "tweet_raw": "ATLANTA DECEMBER 4TH \u203c\ufe0f\ud83d\udd25\n\nhttps://t.co/alTV9zKIVQ",
            "tweet": "atlanta december 4th \u203c\ufe0f\ud83d\udd25\n\n"
        }
    ],
    "len": 100
}