{
    "account": "@Drake",
    "type": "Rap",
    "tweets": [
        {
            "date": "2015-05-10 08:59:30+00:00",
            "tweet_raw": "Views.",
            "tweet": "views."
        },
        {
            "date": "2014-01-23 08:18:16+00:00",
            "tweet_raw": "Living my raps.",
            "tweet": "living my raps."
        },
        {
            "date": "2014-08-26 23:43:01+00:00",
            "tweet_raw": "@PARTYOMO now opening on the Drake vs. Lil Wayne tour. Get there by 730 to make sure you catch his set!!",
            "tweet": " now opening on the drake vs. lil wayne tour. get there by 730 to make sure you catch his set!!"
        },
        {
            "date": "2014-12-20 02:30:19+00:00",
            "tweet_raw": "WOOWWWW James Johnson is LIT.",
            "tweet": "woowwww james johnson is lit."
        },
        {
            "date": "2020-04-03 04:18:55+00:00",
            "tweet_raw": "TOOSIE SLIDE (official video) https://t.co/CKhTIXdVT1",
            "tweet": "toosie slide (official video) "
        },
        {
            "date": "2021-03-28 00:05:58+00:00",
            "tweet_raw": "Tune in! https://t.co/T5QExZXh6A",
            "tweet": "tune in! "
        },
        {
            "date": "2014-08-08 11:40:05+00:00",
            "tweet_raw": "You decide who STARTS the show, who WINS the show, and of course what side you are on! Just choose your city and from there its on YOU.",
            "tweet": "you decide who starts the show, who wins the show, and of course what side you are on! just choose your city and from there its on you."
        },
        {
            "date": "2020-02-11 20:05:52+00:00",
            "tweet_raw": "URL x CAFFEINE\nExcited to announce this major step forward!! I managed to get @urltv and @caffeine linked up with the objective of making battle rap easier to access in you home or on your mobile device and it\u2019s FREE to watch battles once you sign up. Greatness Simplified. https://t.co/0XqosqiN1Q",
            "tweet": "url x caffeine\nexcited to announce this major step forward!! i managed to get  and  linked up with the objective of making battle rap easier to access in you home or on your mobile device and it\u2019s free to watch battles once you sign up. greatness simplified. "
        },
        {
            "date": "2013-12-28 10:05:53+00:00",
            "tweet_raw": "RIP Doe B",
            "tweet": "rip doe b"
        },
        {
            "date": "2015-06-25 15:09:24+00:00",
            "tweet_raw": "Drake ~ Obey Your Thirst Documentary Episode 1 (Video): http://t.co/p9iYRtraH4",
            "tweet": "drake ~ obey your thirst documentary episode 1 (video): http://t.co/p9iyrtrah4"
        },
        {
            "date": "2014-07-13 03:10:05+00:00",
            "tweet_raw": "King Of The Dot is forever the movement @OrganikHipHop",
            "tweet": "king of the dot is forever the movement "
        },
        {
            "date": "2015-01-18 12:57:40+00:00",
            "tweet_raw": "Rest in peace Yams. A$AP is family.",
            "tweet": "rest in peace yams. a$ap is family."
        },
        {
            "date": "2015-01-22 06:04:57+00:00",
            "tweet_raw": "@VictoriaJustice on that wave. Love.",
            "tweet": " on that wave. love."
        },
        {
            "date": "2014-08-26 15:28:56+00:00",
            "tweet_raw": "I'm coming after whoever...who has it??? - Ye",
            "tweet": "i'm coming after whoever...who has it??? - ye"
        },
        {
            "date": "2014-02-24 16:25:07+00:00",
            "tweet_raw": "Or Nah\u2026?",
            "tweet": "or nah\u2026?"
        },
        {
            "date": "2015-04-13 19:15:48+00:00",
            "tweet_raw": "DRAKE // JUNGLE TOUR // WITH FUTURE // 2015 http://t.co/Y6GydH8kZ6",
            "tweet": "drake // jungle tour // with future // 2015 http://t.co/y6gydh8kz6"
        },
        {
            "date": "2014-08-05 10:37:50+00:00",
            "tweet_raw": "Now on to this Drake vs Lil Wayne tour. It's about to be an event every night. I'm going to SNAP on that stage. I DO THIS @LilTunechi",
            "tweet": "now on to this drake vs lil wayne tour. it's about to be an event every night. i'm going to snap on that stage. i do this "
        },
        {
            "date": "2014-08-19 20:16:17+00:00",
            "tweet_raw": "Lil Wayne and I will be hitting the stage at 730pm tonight due to venue restrictions",
            "tweet": "lil wayne and i will be hitting the stage at 730pm tonight due to venue restrictions"
        },
        {
            "date": "2016-04-05 16:23:08+00:00",
            "tweet_raw": "Drake \u2013 Pop Style Feat. The Throne now available on iTunes: https://t.co/Iqs5KTxKPG #VIEWS @AppleMusic https://t.co/jIYg5y3GeE",
            "tweet": "drake \u2013 pop style feat. the throne now available on itunes:    "
        },
        {
            "date": "2013-10-16 12:29:33+00:00",
            "tweet_raw": "Thanks to @BET for the 5 awards!",
            "tweet": "thanks to  for the 5 awards!"
        },
        {
            "date": "2016-07-29 16:47:14+00:00",
            "tweet_raw": "Toronto OVO Store Locations\nhttps://t.co/F1IroymQ4T\nhttps://t.co/wdVftiZVPc https://t.co/MKtGlxrKhM",
            "tweet": "toronto ovo store locations\n\n "
        },
        {
            "date": "2014-07-26 09:50:02+00:00",
            "tweet_raw": "@PARTYOMO tape is a CLASSIC. I'm so proud. @majidjordan EP is something INCREDIBLE!! OVO SOUND SUMMER.",
            "tweet": " tape is a classic. i'm so proud.  ep is something incredible!! ovo sound summer."
        },
        {
            "date": "2014-02-21 18:59:46+00:00",
            "tweet_raw": "@LilTunechi I got whatever on Canada! Always. Bet it back. I want a car. Haaa",
            "tweet": " i got whatever on canada! always. bet it back. i want a car. haaa"
        },
        {
            "date": "2015-01-23 06:05:17+00:00",
            "tweet_raw": "Congrats to my brother Kyle Lowry @Klow7 on making the All Star East!! Well deserved.",
            "tweet": "congrats to my brother kyle lowry  on making the all star east!! well deserved."
        },
        {
            "date": "2014-08-10 23:21:21+00:00",
            "tweet_raw": "Vegas needs to be taking bets by now...",
            "tweet": "vegas needs to be taking bets by now..."
        },
        {
            "date": "2013-12-25 05:32:00+00:00",
            "tweet_raw": "Happy Holidays to everybody. Good Vibes Only word to Virgil.",
            "tweet": "happy holidays to everybody. good vibes only word to virgil."
        },
        {
            "date": "2015-01-18 12:57:40+00:00",
            "tweet_raw": "Rest in peace Yams. A$AP is family.",
            "tweet": "rest in peace yams. a$ap is family."
        },
        {
            "date": "2016-04-25 01:01:17+00:00",
            "tweet_raw": "To the city I love and the people in it...Thank you for everything #VIEWS https://t.co/HEXHNwrWwd",
            "tweet": "to the city i love and the people in it...thank you for everything  "
        },
        {
            "date": "2014-07-28 07:20:16+00:00",
            "tweet_raw": "OVO FEST is going to be one a dem ONEEES. Summer is exciting.",
            "tweet": "ovo fest is going to be one a dem oneees. summer is exciting."
        },
        {
            "date": "2013-09-05 06:32:28+00:00",
            "tweet_raw": "Would You Like The Tracklist? http://t.co/odVLjtWbKw",
            "tweet": "would you like the tracklist? http://t.co/odvljtwbkw"
        },
        {
            "date": "2015-02-02 16:59:25+00:00",
            "tweet_raw": "We gon see...",
            "tweet": "we gon see..."
        },
        {
            "date": "2014-08-06 22:35:12+00:00",
            "tweet_raw": "My album title is VIEWS FROM THE 6. The 6 is Toronto. Rih is a great girl who I know is about to kill this tour with Eminem. It's all love!!",
            "tweet": "my album title is views from the 6. the 6 is toronto. rih is a great girl who i know is about to kill this tour with eminem. it's all love!!"
        },
        {
            "date": "2013-09-24 03:11:54+00:00",
            "tweet_raw": "@RyanSeacrest RT @welcomeOVO: {OVO} Drake iHeartRadio Interview with Ryan Seacrest: http://t.co/opQ1wjPKgw",
            "tweet": " rt : {ovo} drake iheartradio interview with ryan seacrest: http://t.co/opq1wjpkgw"
        },
        {
            "date": "2014-07-20 02:37:59+00:00",
            "tweet_raw": "RIP Kennedy. So glad I got to meet you and experience your love for one day.",
            "tweet": "rip kennedy. so glad i got to meet you and experience your love for one day."
        },
        {
            "date": "2014-12-20 02:28:04+00:00",
            "tweet_raw": "And Big Science is teaching that formula...the beaker is bubbling. @Matt__Devlin dropping gems. Leo knows he wants to say Science.",
            "tweet": "and big science is teaching that formula...the beaker is bubbling.  dropping gems. leo knows he wants to say science."
        },
        {
            "date": "2013-12-09 14:01:35+00:00",
            "tweet_raw": "Welcome To The Family http://t.co/ffHjLfNHTy",
            "tweet": "welcome to the family http://t.co/ffhjlfnhty"
        },
        {
            "date": "2014-04-25 21:04:07+00:00",
            "tweet_raw": "Going to the ACC to watch the game with the fans on the big screen! Hope to see you all there. #NorthernUprising #RedHotRevival",
            "tweet": "going to the acc to watch the game with the fans on the big screen! hope to see you all there.  "
        },
        {
            "date": "2014-05-17 07:47:43+00:00",
            "tweet_raw": "Big up Mad Child for the shout on Sway and the whole Swollen Members!",
            "tweet": "big up mad child for the shout on sway and the whole swollen members!"
        },
        {
            "date": "2013-12-28 10:58:57+00:00",
            "tweet_raw": "Trophies later I meant...go to sleep.",
            "tweet": "trophies later i meant...go to sleep."
        },
        {
            "date": "2014-04-25 21:04:07+00:00",
            "tweet_raw": "Going to the ACC to watch the game with the fans on the big screen! Hope to see you all there. #NorthernUprising #RedHotRevival",
            "tweet": "going to the acc to watch the game with the fans on the big screen! hope to see you all there.  "
        },
        {
            "date": "2019-08-31 22:38:10+00:00",
            "tweet_raw": "Almost that time!!! TOP BOY https://t.co/0wDyY4rk5r",
            "tweet": "almost that time!!! top boy "
        },
        {
            "date": "2014-02-24 16:25:07+00:00",
            "tweet_raw": "Or Nah\u2026?",
            "tweet": "or nah\u2026?"
        },
        {
            "date": "2020-08-14 04:10:09+00:00",
            "tweet_raw": "Laugh now Cry later (Official Video) https://t.co/reMRBDT5nj",
            "tweet": "laugh now cry later (official video) "
        },
        {
            "date": "2015-01-03 10:39:07+00:00",
            "tweet_raw": "@JODYHiGHROLLER too epic mayne",
            "tweet": " too epic mayne"
        },
        {
            "date": "2013-08-31 06:40:45+00:00",
            "tweet_raw": "This shit changed my life in 2006 most talented man on the planet. http://t.co/fra6CCJ9Yi",
            "tweet": "this shit changed my life in 2006 most talented man on the planet. http://t.co/fra6ccj9yi"
        },
        {
            "date": "2015-04-13 19:15:48+00:00",
            "tweet_raw": "DRAKE // JUNGLE TOUR // WITH FUTURE // 2015 http://t.co/Y6GydH8kZ6",
            "tweet": "drake // jungle tour // with future // 2015 http://t.co/y6gydh8kz6"
        },
        {
            "date": "2016-04-27 13:00:17+00:00",
            "tweet_raw": "Additional shows have been added to the Summer Sixteen Tour. Pre sales begin at 10am local time today. https://t.co/LL0nXyWR6w",
            "tweet": "additional shows have been added to the summer sixteen tour. pre sales begin at 10am local time today. "
        },
        {
            "date": "2015-01-30 09:31:21+00:00",
            "tweet_raw": "way way way...blessings.",
            "tweet": "way way way...blessings."
        },
        {
            "date": "2016-02-20 20:38:20+00:00",
            "tweet_raw": "@HarveysCanada it's a beautiful ting.... https://t.co/4H2NJZRDg2",
            "tweet": " it's a beautiful ting.... "
        },
        {
            "date": "2014-07-28 07:20:16+00:00",
            "tweet_raw": "OVO FEST is going to be one a dem ONEEES. Summer is exciting.",
            "tweet": "ovo fest is going to be one a dem oneees. summer is exciting."
        },
        {
            "date": "2014-05-20 06:42:35+00:00",
            "tweet_raw": "Friday June 13th I'm performing at Warehouse Live for HAW. Going back to where it all began.",
            "tweet": "friday june 13th i'm performing at warehouse live for haw. going back to where it all began."
        },
        {
            "date": "2013-10-11 22:36:49+00:00",
            "tweet_raw": "All my prayers go out to AP. That is the most depressing news I've heard in a long time.",
            "tweet": "all my prayers go out to ap. that is the most depressing news i've heard in a long time."
        },
        {
            "date": "2015-02-10 21:53:48+00:00",
            "tweet_raw": "Happy birthday to @UKCoachCalipari! Thank you for everything you have done for me. You are a RARE breed. GO CATS GO. #UKvsLSU",
            "tweet": "happy birthday to ! thank you for everything you have done for me. you are a rare breed. go cats go. "
        },
        {
            "date": "2015-01-30 14:11:10+00:00",
            "tweet_raw": "Wireless, Coachella, and Gov Ball...Blessed.",
            "tweet": "wireless, coachella, and gov ball...blessed."
        },
        {
            "date": "2013-09-10 21:34:30+00:00",
            "tweet_raw": "SEPTEMBER 24, http://t.co/odVLjtWbKw",
            "tweet": "september 24, http://t.co/odvljtwbkw"
        },
        {
            "date": "2013-12-09 14:01:35+00:00",
            "tweet_raw": "Welcome To The Family http://t.co/ffHjLfNHTy",
            "tweet": "welcome to the family http://t.co/ffhjlfnhty"
        },
        {
            "date": "2015-02-05 20:53:14+00:00",
            "tweet_raw": "*67",
            "tweet": "*67"
        },
        {
            "date": "2019-07-14 21:42:43+00:00",
            "tweet_raw": "TONIGHT @euphoriaHBO EPISODE 5 https://t.co/X0c1h3HVh0",
            "tweet": "tonight  episode 5 "
        },
        {
            "date": "2014-09-14 06:47:06+00:00",
            "tweet_raw": "Happy Birthstrong to the guy Chainz!!! @2chainz",
            "tweet": "happy birthstrong to the guy chainz!!! "
        },
        {
            "date": "2014-08-13 10:21:19+00:00",
            "tweet_raw": "Did Kevin Blackistone really just ask why Shad or the other \"dancehall rappers\" aren't the Global Ambassador? Haaa stop the madness.",
            "tweet": "did kevin blackistone really just ask why shad or the other \"dancehall rappers\" aren't the global ambassador? haaa stop the madness."
        },
        {
            "date": "2015-07-10 15:30:08+00:00",
            "tweet_raw": "http://t.co/qZyz2ybsnh @1future Dirty Sprite 2 and I am on there!!! FBGOVO",
            "tweet": "http://t.co/qzyz2ybsnh  dirty sprite 2 and i am on there!!! fbgovo"
        },
        {
            "date": "2013-12-28 10:43:19+00:00",
            "tweet_raw": "Trophies up next.",
            "tweet": "trophies up next."
        },
        {
            "date": "2014-12-19 21:42:16+00:00",
            "tweet_raw": "@Matt__Devlin I'm counting on you to stay so true to the Big Science movement tonight. Tell Jack I said stay waved up as per usual.",
            "tweet": " i'm counting on you to stay so true to the big science movement tonight. tell jack i said stay waved up as per usual."
        },
        {
            "date": "2015-04-13 19:15:48+00:00",
            "tweet_raw": "DRAKE // JUNGLE TOUR // WITH FUTURE // 2015 http://t.co/Y6GydH8kZ6",
            "tweet": "drake // jungle tour // with future // 2015 http://t.co/y6gydh8kz6"
        },
        {
            "date": "2014-08-08 11:39:13+00:00",
            "tweet_raw": "Everybody coming to the shows download the Drake vs Lil Wayne app free and put the power in your own hands!",
            "tweet": "everybody coming to the shows download the drake vs lil wayne app free and put the power in your own hands!"
        },
        {
            "date": "2013-12-28 10:43:19+00:00",
            "tweet_raw": "Trophies up next.",
            "tweet": "trophies up next."
        },
        {
            "date": "2015-02-05 20:53:14+00:00",
            "tweet_raw": "*67",
            "tweet": "*67"
        },
        {
            "date": "2014-11-19 14:59:46+00:00",
            "tweet_raw": "Vegas NYE at @MarqueeLV http://t.co/yirvD4OrKU",
            "tweet": "vegas nye at  http://t.co/yirvd4orku"
        },
        {
            "date": "2014-03-20 18:21:14+00:00",
            "tweet_raw": "HAW dates coming soon.",
            "tweet": "haw dates coming soon."
        },
        {
            "date": "2019-07-07 21:34:51+00:00",
            "tweet_raw": "TONIGHT @euphoriaHBO EPISODE 4 https://t.co/TRDwHoNVsH",
            "tweet": "tonight  episode 4 "
        },
        {
            "date": "2015-03-17 15:41:28+00:00",
            "tweet_raw": "Here is the lineup for the entire weekend http://t.co/HdMSKCaJMI",
            "tweet": "here is the lineup for the entire weekend http://t.co/hdmskcajmi"
        },
        {
            "date": "2014-08-06 22:35:12+00:00",
            "tweet_raw": "My album title is VIEWS FROM THE 6. The 6 is Toronto. Rih is a great girl who I know is about to kill this tour with Eminem. It's all love!!",
            "tweet": "my album title is views from the 6. the 6 is toronto. rih is a great girl who i know is about to kill this tour with eminem. it's all love!!"
        },
        {
            "date": "2015-02-07 09:38:37+00:00",
            "tweet_raw": "I hope one day you gain an understanding of how this goes...we wrote it in code then wrote it in stone. Suh it go.",
            "tweet": "i hope one day you gain an understanding of how this goes...we wrote it in code then wrote it in stone. suh it go."
        },
        {
            "date": "2014-08-13 10:21:19+00:00",
            "tweet_raw": "Did Kevin Blackistone really just ask why Shad or the other \"dancehall rappers\" aren't the Global Ambassador? Haaa stop the madness.",
            "tweet": "did kevin blackistone really just ask why shad or the other \"dancehall rappers\" aren't the global ambassador? haaa stop the madness."
        },
        {
            "date": "2014-11-12 10:58:50+00:00",
            "tweet_raw": "Just double checking.",
            "tweet": "just double checking."
        },
        {
            "date": "2014-11-12 10:58:50+00:00",
            "tweet_raw": "Just double checking.",
            "tweet": "just double checking."
        },
        {
            "date": "2016-04-29 03:16:54+00:00",
            "tweet_raw": "#VIEWS Now Available On iTunes https://t.co/LZ6JFz6WlC https://t.co/C5FSmRf8zw",
            "tweet": " now available on itunes  "
        },
        {
            "date": "2018-09-27 19:55:11+00:00",
            "tweet_raw": "I\u2019m excited and honored to be a part of such an important film. I can\u2019t wait for everyone to experience it. Monsters and Men hits theatres this Friday!September 28th! @NEONrated https://t.co/8qO4UFmFVe",
            "tweet": "i\u2019m excited and honored to be a part of such an important film. i can\u2019t wait for everyone to experience it. monsters and men hits theatres this friday!september 28th!  "
        },
        {
            "date": "2014-08-13 10:21:19+00:00",
            "tweet_raw": "Did Kevin Blackistone really just ask why Shad or the other \"dancehall rappers\" aren't the Global Ambassador? Haaa stop the madness.",
            "tweet": "did kevin blackistone really just ask why shad or the other \"dancehall rappers\" aren't the global ambassador? haaa stop the madness."
        },
        {
            "date": "2014-08-13 10:21:19+00:00",
            "tweet_raw": "Did Kevin Blackistone really just ask why Shad or the other \"dancehall rappers\" aren't the Global Ambassador? Haaa stop the madness.",
            "tweet": "did kevin blackistone really just ask why shad or the other \"dancehall rappers\" aren't the global ambassador? haaa stop the madness."
        },
        {
            "date": "2015-02-05 20:53:14+00:00",
            "tweet_raw": "*67",
            "tweet": "*67"
        },
        {
            "date": "2014-12-03 03:13:41+00:00",
            "tweet_raw": "Hahahhahahaha  http://t.co/iXF1s4hF9B @4YallEnt too funny. 6 side.",
            "tweet": "hahahhahahaha  http://t.co/ixf1s4hf9b  too funny. 6 side."
        },
        {
            "date": "2014-05-07 02:40:07+00:00",
            "tweet_raw": "@Rosie you know I love you always.",
            "tweet": " you know i love you always."
        },
        {
            "date": "2015-03-17 15:41:28+00:00",
            "tweet_raw": "Here is the lineup for the entire weekend http://t.co/HdMSKCaJMI",
            "tweet": "here is the lineup for the entire weekend http://t.co/hdmskcajmi"
        },
        {
            "date": "2015-02-07 09:38:37+00:00",
            "tweet_raw": "I hope one day you gain an understanding of how this goes...we wrote it in code then wrote it in stone. Suh it go.",
            "tweet": "i hope one day you gain an understanding of how this goes...we wrote it in code then wrote it in stone. suh it go."
        },
        {
            "date": "2014-04-09 17:30:10+00:00",
            "tweet_raw": "Honored to be this year's @ESPYS host @espn 7.16.2014 #ESPYS #NWTS http://t.co/PFo7wOV0DE",
            "tweet": "honored to be this year's  host  7.16.2014   http://t.co/pfo7wov0de"
        },
        {
            "date": "2015-04-13 19:15:48+00:00",
            "tweet_raw": "DRAKE // JUNGLE TOUR // WITH FUTURE // 2015 http://t.co/Y6GydH8kZ6",
            "tweet": "drake // jungle tour // with future // 2015 http://t.co/y6gydh8kz6"
        },
        {
            "date": "2015-03-20 23:04:38+00:00",
            "tweet_raw": "http://t.co/bMvp0D6JsQ",
            "tweet": "http://t.co/bmvp0d6jsq"
        },
        {
            "date": "2014-06-12 16:00:34+00:00",
            "tweet_raw": "Drake Vs. Lil Wayne http://t.co/cn1V2ZlXqT http://t.co/WcCN7HTfyn",
            "tweet": "drake vs. lil wayne http://t.co/cn1v2zlxqt http://t.co/wccn7htfyn"
        },
        {
            "date": "2013-10-06 10:18:14+00:00",
            "tweet_raw": "FREE NOT NICE!!!!!!!!!",
            "tweet": "free not nice!!!!!!!!!"
        },
        {
            "date": "2013-09-10 21:34:30+00:00",
            "tweet_raw": "SEPTEMBER 24, http://t.co/odVLjtWbKw",
            "tweet": "september 24, http://t.co/odvljtwbkw"
        },
        {
            "date": "2013-12-28 10:44:02+00:00",
            "tweet_raw": "Shot to Tanaya Henry on the \"go off\" campaign 2014 OVO",
            "tweet": "shot to tanaya henry on the \"go off\" campaign 2014 ovo"
        },
        {
            "date": "2014-05-12 14:02:53+00:00",
            "tweet_raw": "http://t.co/dl04rtl8pt NEW @ITSOB @Drake",
            "tweet": "http://t.co/dl04rtl8pt new  "
        },
        {
            "date": "2014-11-19 14:59:46+00:00",
            "tweet_raw": "Vegas NYE at @MarqueeLV http://t.co/yirvD4OrKU",
            "tweet": "vegas nye at  http://t.co/yirvd4orku"
        },
        {
            "date": "2016-02-16 20:47:00+00:00",
            "tweet_raw": "And on the off chance that Metro Boomin doesn't trust you...well...",
            "tweet": "and on the off chance that metro boomin doesn't trust you...well..."
        },
        {
            "date": "2014-08-13 10:21:19+00:00",
            "tweet_raw": "Did Kevin Blackistone really just ask why Shad or the other \"dancehall rappers\" aren't the Global Ambassador? Haaa stop the madness.",
            "tweet": "did kevin blackistone really just ask why shad or the other \"dancehall rappers\" aren't the global ambassador? haaa stop the madness."
        },
        {
            "date": "2014-04-02 03:06:17+00:00",
            "tweet_raw": "Suits and ties yelling out pay the guys",
            "tweet": "suits and ties yelling out pay the guys"
        },
        {
            "date": "2013-11-23 01:31:51+00:00",
            "tweet_raw": "Happy Birthday to @jamilio and @jasonrjohnson. Vegas Tonight!!",
            "tweet": "happy birthday to  and . vegas tonight!!"
        },
        {
            "date": "2013-12-30 06:55:46+00:00",
            "tweet_raw": "And they don't have no award for that.",
            "tweet": "and they don't have no award for that."
        },
        {
            "date": "2014-04-01 06:35:58+00:00",
            "tweet_raw": "Draft Day.",
            "tweet": "draft day."
        }
    ],
    "len": 100
}