{
    "account": "@DuffMcKagan",
    "type": "Rock",
    "tweets": [
        {
            "date": "2020-07-07 22:24:30+00:00",
            "tweet_raw": "American https://t.co/SBbG4r9Jyn",
            "tweet": "american "
        },
        {
            "date": "2020-05-19 17:21:05+00:00",
            "tweet_raw": "Happy damn Birthday @shooterjennings ! Love you my brother! https://t.co/pa25YkXK9P",
            "tweet": "happy damn birthday  ! love you my brother! "
        },
        {
            "date": "2020-05-19 17:21:05+00:00",
            "tweet_raw": "Happy damn Birthday @shooterjennings ! Love you my brother! https://t.co/pa25YkXK9P",
            "tweet": "happy damn birthday  ! love you my brother! "
        },
        {
            "date": "2020-11-16 17:03:03+00:00",
            "tweet_raw": "New album out now @phil_campbell_and_the_bs ! https://t.co/dSktQRdmov",
            "tweet": "new album out now  ! "
        },
        {
            "date": "2021-04-16 21:12:21+00:00",
            "tweet_raw": "Starting now on @SIRIUSXM\u2019s faction punk channel 314! https://t.co/1XWjmStBny",
            "tweet": "starting now on \u2019s faction punk channel 314! "
        },
        {
            "date": "2020-12-09 19:01:59+00:00",
            "tweet_raw": "@CouchRiffs organized this performance of \"HIGHWAYMAN\" feat. Ben Gibbard @dcfc, Isaac Brock @modestmouseband, @MarkLanegan + Duff for SMooCH for Kids' 2020 web event to raise money for @seattlechildren Uncompensated Care Fund\n\nConsider donating if able!\nhttps://t.co/PCZHOnwxMT",
            "tweet": " organized this performance of \"highwayman\" feat. ben gibbard , isaac brock ,  + duff for smooch for kids' 2020 web event to raise money for  uncompensated care fund\n\nconsider donating if able!\n"
        },
        {
            "date": "2020-09-15 18:11:45+00:00",
            "tweet_raw": "TODAY AT 7PM ET/4PM PT Duff and @SuHolmesMcKagan are taking over the @OzzysBoneyard Instagram account + will be going LIVE as they record a Factoids With Su segment for this weeks Three Chords And The Truth episode https://t.co/OnNYOiRuXq",
            "tweet": "today at 7pm et/4pm pt duff and  are taking over the  instagram account + will be going live as they record a factoids with su segment for this weeks three chords and the truth episode "
        },
        {
            "date": "2020-05-15 18:05:41+00:00",
            "tweet_raw": "That is NOT me! https://t.co/QXU4BSKBak",
            "tweet": "that is not me! "
        },
        {
            "date": "2021-04-20 16:10:26+00:00",
            "tweet_raw": "The Living 1982 Podcast Episode #1 with host @KurtBloch and guest/bandmember Todd Fleischman is AVAILABLE NOW! \n\nListen or Watch at https://t.co/vH20Fbr6Tw\n\n#TheLiving1982 @LoosegrooveR @brdcrp https://t.co/HPHw61MwdT",
            "tweet": "the living 1982 podcast episode  with host  and guest/bandmember todd fleischman is available now! \n\nlisten or watch at \n\n   "
        },
        {
            "date": "2020-12-05 18:11:00+00:00",
            "tweet_raw": "Hmmm. I wonder whose doing the @couch_riffs on this great event tonite? Hmmm.... https://t.co/AyknnfOzky",
            "tweet": "hmmm. i wonder whose doing the  on this great event tonite? hmmm.... "
        },
        {
            "date": "2020-09-25 21:33:47+00:00",
            "tweet_raw": "@ayronjonesmusic in the house! Check out his new single 'Take Me Away'. Local bro..#Filthy https://t.co/HtK2tKid8Q",
            "tweet": " in the house! check out his new single 'take me away'. local bro.. "
        },
        {
            "date": "2020-10-07 18:19:34+00:00",
            "tweet_raw": "Watch me audition to be the next @PostalService band member!  https://t.co/was3lAetMi\n\n#MakeYourVoteCount @HeadCountOrg",
            "tweet": "watch me audition to be the next  band member!  \n\n "
        },
        {
            "date": "2021-08-31 06:31:32+00:00",
            "tweet_raw": "Phoenix!!! Rocking as HELL! Thank you! Gracias! Get down! Photo by @deljamesgang https://t.co/g0CVxTli6T",
            "tweet": "phoenix!!! rocking as hell! thank you! gracias! get down! photo by  "
        },
        {
            "date": "2021-02-05 21:16:51+00:00",
            "tweet_raw": "A VERY birthday to you my pal @deljamesgang ! https://t.co/30BrJrSn7q",
            "tweet": "a very birthday to you my pal  ! "
        },
        {
            "date": "2020-11-25 22:19:55+00:00",
            "tweet_raw": "Happy Birthday to my brother @marklanegan . An American badass.",
            "tweet": "happy birthday to my brother  . an american badass."
        },
        {
            "date": "2020-12-02 07:37:34+00:00",
            "tweet_raw": "Congratulations to my brothers @AliceInChains for the honorarium. @ShooterJennings  @AyronJonesMusic and I has a blast putting your song together. So killer to watch so many great artist come together in your guy's honor. @MoPOP did a great job as well!",
            "tweet": "congratulations to my brothers  for the honorarium.    and i has a blast putting your song together. so killer to watch so many great artist come together in your guy's honor.  did a great job as well!"
        },
        {
            "date": "2021-02-12 17:29:04+00:00",
            "tweet_raw": "Happy 50th @999KISW ! https://t.co/etDWQlYOcl",
            "tweet": "happy 50th  ! "
        },
        {
            "date": "2021-04-10 18:32:52+00:00",
            "tweet_raw": "Happy 60th Birthday to my big brother! I love you brother. Matt McKagan leads the way for so many of us who get to be around https://t.co/cHnoaEQDnj: @susanholmesmckagan https://t.co/MdParcGZx8",
            "tweet": "happy 60th birthday to my big brother! i love you brother. matt mckagan leads the way for so many of us who get to be around   "
        },
        {
            "date": "2020-11-22 21:49:43+00:00",
            "tweet_raw": "Today at 4:00PM pacific please check out A SMASH Benefit: Songs of Hope! This is a benefit event for Musicians' Health. RSVP: https://t.co/gLXAJ1TKQx https://t.co/tegmUs7yfX",
            "tweet": "today at 4:00pm pacific please check out a smash benefit: songs of hope! this is a benefit event for musicians' health. rsvp:  "
        },
        {
            "date": "2020-08-02 23:01:57+00:00",
            "tweet_raw": "This is a monster bike! BMW K1600B. Washington State is epic, and more so on 2 wheels. Maaaaan! https://t.co/Zj86puLzaI",
            "tweet": "this is a monster bike! bmw k1600b. washington state is epic, and more so on 2 wheels. maaaaan! "
        },
        {
            "date": "2020-12-30 16:47:02+00:00",
            "tweet_raw": "@AnthonyHopkins @richardmarx Congrats!",
            "tweet": "  congrats!"
        },
        {
            "date": "2020-12-09 19:01:59+00:00",
            "tweet_raw": "@CouchRiffs organized this performance of \"HIGHWAYMAN\" feat. Ben Gibbard @dcfc, Isaac Brock @modestmouseband, @MarkLanegan + Duff for SMooCH for Kids' 2020 web event to raise money for @seattlechildren Uncompensated Care Fund\n\nConsider donating if able!\nhttps://t.co/PCZHOnwxMT",
            "tweet": " organized this performance of \"highwayman\" feat. ben gibbard , isaac brock ,  + duff for smooch for kids' 2020 web event to raise money for  uncompensated care fund\n\nconsider donating if able!\n"
        },
        {
            "date": "2021-04-10 18:32:52+00:00",
            "tweet_raw": "Happy 60th Birthday to my big brother! I love you brother. Matt McKagan leads the way for so many of us who get to be around https://t.co/cHnoaEQDnj: @susanholmesmckagan https://t.co/MdParcGZx8",
            "tweet": "happy 60th birthday to my big brother! i love you brother. matt mckagan leads the way for so many of us who get to be around   "
        },
        {
            "date": "2020-07-23 21:40:36+00:00",
            "tweet_raw": "@myMotorhead ...of course! https://t.co/aHKdNZ6B3l",
            "tweet": " ...of course! "
        },
        {
            "date": "2020-04-28 17:23:35+00:00",
            "tweet_raw": "Happy National Super Hero Day! This, by the MASTER Greg Hildebrandt @spiderwebart  for Susan's bday next week. BAM! https://t.co/e2k2VfkMu6",
            "tweet": "happy national super hero day! this, by the master greg hildebrandt   for susan's bday next week. bam! "
        },
        {
            "date": "2020-07-06 23:42:19+00:00",
            "tweet_raw": "SeaWa. USA. https://t.co/CLuRXpoKPG",
            "tweet": "seawa. usa. "
        },
        {
            "date": "2020-07-01 20:06:58+00:00",
            "tweet_raw": "The GREATEST there is at the game @KevinCalabro ! Congratulations! See you when we get the Sonics back. Bam!",
            "tweet": "the greatest there is at the game  ! congratulations! see you when we get the sonics back. bam!"
        },
        {
            "date": "2020-07-23 16:38:23+00:00",
            "tweet_raw": "Happy Birthday my man! The annual winner of 'Badass Of The Year'..@slash ..I won't give it away that you are also a MOST solid dude, friend, and great Dad. Oops. Have a KILLER day! https://t.co/RlituJIHNS",
            "tweet": "happy birthday my man! the annual winner of 'badass of the year'.. ..i won't give it away that you are also a most solid dude, friend, and great dad. oops. have a killer day! "
        },
        {
            "date": "2022-05-06 14:56:12+00:00",
            "tweet_raw": "Don\u2019t get caught with an apple that\u2019s not yours\u2026\n@MaxCreeps @dgjones \nhttps://t.co/FCJGnPEVsh",
            "tweet": "don\u2019t get caught with an apple that\u2019s not yours\u2026\n  \n"
        },
        {
            "date": "2020-12-02 07:37:34+00:00",
            "tweet_raw": "Congratulations to my brothers @AliceInChains for the honorarium. @ShooterJennings  @AyronJonesMusic and I has a blast putting your song together. So killer to watch so many great artist come together in your guy's honor. @MoPOP did a great job as well!",
            "tweet": "congratulations to my brothers  for the honorarium.    and i has a blast putting your song together. so killer to watch so many great artist come together in your guy's honor.  did a great job as well!"
        },
        {
            "date": "2020-07-31 15:19:34+00:00",
            "tweet_raw": "Greatest Hits will be released on 2LP vinyl for the very first time!!\n\nPre-order now: https://t.co/394hOZTtDc https://t.co/VuVoLZGhqu",
            "tweet": "greatest hits will be released on 2lp vinyl for the very first time!!\n\npre-order now:  "
        },
        {
            "date": "2020-05-04 16:17:22+00:00",
            "tweet_raw": "Donate to the @seattlechildren\u2019s COVID-19 relief fundraiser via @pledgeit and be entered to win a signed Duff McKagan bass!\nhttps://t.co/GDoCyziJVB",
            "tweet": "donate to the \u2019s covid-19 relief fundraiser via  and be entered to win a signed duff mckagan bass!\n"
        },
        {
            "date": "2021-03-15 22:37:13+00:00",
            "tweet_raw": "This Thursday, head to https://t.co/NDUgVOwLe2 at 7:30pm PST to check out this free livestream event to support independent concert venues! Go to @keepmusiclivewa for registration details. #BandTogetherWashington https://t.co/zvE78Q0PSa",
            "tweet": "this thursday, head to  at 7:30pm pst to check out this free livestream event to support independent concert venues! go to  for registration details.  "
        },
        {
            "date": "2020-08-03 04:51:14+00:00",
            "tweet_raw": "Congratulations! https://t.co/N2HDXnhek4",
            "tweet": "congratulations! "
        },
        {
            "date": "2022-05-15 14:19:26+00:00",
            "tweet_raw": "@niallfennessy Amazing!",
            "tweet": " amazing!"
        },
        {
            "date": "2021-02-05 21:19:17+00:00",
            "tweet_raw": "@PaulStanleyLive Thank you Paul! Back at you!",
            "tweet": " thank you paul! back at you!"
        },
        {
            "date": "2020-12-22 20:08:51+00:00",
            "tweet_raw": "@mrdannybland Nice!",
            "tweet": " nice!"
        },
        {
            "date": "2020-10-07 18:19:34+00:00",
            "tweet_raw": "Watch me audition to be the next @PostalService band member!  https://t.co/was3lAetMi\n\n#MakeYourVoteCount @HeadCountOrg",
            "tweet": "watch me audition to be the next  band member!  \n\n "
        },
        {
            "date": "2020-07-09 02:21:54+00:00",
            "tweet_raw": "The great Danny Bland comes through again. If you haven't yet, please try 'In Case We Die'. He has badass down to a science! dannybland https://t.co/JepQop7HmJ",
            "tweet": "the great danny bland comes through again. if you haven't yet, please try 'in case we die'. he has badass down to a science! dannybland "
        },
        {
            "date": "2020-05-14 15:58:11+00:00",
            "tweet_raw": "Independent clubs need our help!! 90% don\u2019t think they can survive a shutdown of six months without help from the federal government! Show support by going to https://t.co/SXdhMeq5aJ and signing their petition! #SAVEOURSTAGES\n\nphoto: @TerryMatlin https://t.co/UOb9HfnJNz",
            "tweet": "independent clubs need our help!! 90% don\u2019t think they can survive a shutdown of six months without help from the federal government! show support by going to  and signing their petition! \n\nphoto:  "
        },
        {
            "date": "2020-07-06 23:42:19+00:00",
            "tweet_raw": "SeaWa. USA. https://t.co/CLuRXpoKPG",
            "tweet": "seawa. usa. "
        },
        {
            "date": "2020-09-28 19:06:43+00:00",
            "tweet_raw": "Take action on @Proplr for a chance to build a rock playlist for Duff's @OzzysBoneyard show, Three Chords &amp; The Truth, that will air during election week!\n\nMore info + an option to buy a Guns N' Roses LOCKED N' LOADED BOX SET signed by Duff McKagan at\nhttps://t.co/gd4qHBU8JW https://t.co/oeGzqp5jYe",
            "tweet": "take action on  for a chance to build a rock playlist for duff's  show, three chords &amp; the truth, that will air during election week!\n\nmore info + an option to buy a guns n' roses locked n' loaded box set signed by duff mckagan at\n "
        },
        {
            "date": "2020-11-26 20:39:29+00:00",
            "tweet_raw": "Thankful to have these ladies in my life! Sorry for the picture of a picture...but gotta make do! Happy Thanksgiving everyone! @maemckagan @susanholmesmckagan @gracemckagan https://t.co/vdO2jN9fpi",
            "tweet": "thankful to have these ladies in my life! sorry for the picture of a picture...but gotta make do! happy thanksgiving everyone!    "
        },
        {
            "date": "2020-07-06 23:42:19+00:00",
            "tweet_raw": "SeaWa. USA. https://t.co/CLuRXpoKPG",
            "tweet": "seawa. usa. "
        },
        {
            "date": "2021-02-10 22:36:27+00:00",
            "tweet_raw": "Proud to support legendary punk band DOA/@DOAJoe documentary titled \u201cSomething Better Change\u201d on Kickstarter! \n\nWatch the trailer below and find out how you can support at: https://t.co/993ASYRqF5",
            "tweet": "proud to support legendary punk band doa/ documentary titled \u201csomething better change\u201d on kickstarter! \n\nwatch the trailer below and find out how you can support at: "
        },
        {
            "date": "2020-11-22 21:49:43+00:00",
            "tweet_raw": "Today at 4:00PM pacific please check out A SMASH Benefit: Songs of Hope! This is a benefit event for Musicians' Health. RSVP: https://t.co/gLXAJ1TKQx https://t.co/tegmUs7yfX",
            "tweet": "today at 4:00pm pacific please check out a smash benefit: songs of hope! this is a benefit event for musicians' health. rsvp:  "
        },
        {
            "date": "2020-08-10 17:57:37+00:00",
            "tweet_raw": "Watch Duff's conversation about mental health and addiction with Lily Cornell Silver\n\nhttps://t.co/MDgXjSxdvB https://t.co/Z9dN1LkH02",
            "tweet": "watch duff's conversation about mental health and addiction with lily cornell silver\n\n "
        },
        {
            "date": "2020-08-02 23:01:57+00:00",
            "tweet_raw": "This is a monster bike! BMW K1600B. Washington State is epic, and more so on 2 wheels. Maaaaan! https://t.co/Zj86puLzaI",
            "tweet": "this is a monster bike! bmw k1600b. washington state is epic, and more so on 2 wheels. maaaaan! "
        },
        {
            "date": "2020-05-25 19:50:49+00:00",
            "tweet_raw": "In Remembrance on this Memorial Day. @HeroesProjectUS https://t.co/APpi9odlfd",
            "tweet": "in remembrance on this memorial day.  "
        },
        {
            "date": "2020-12-16 18:09:17+00:00",
            "tweet_raw": "Just posted a photo https://t.co/jrdW2R3T8H",
            "tweet": "just posted a photo "
        },
        {
            "date": "2020-05-22 17:00:51+00:00",
            "tweet_raw": "I'm with @CoachKarl22 https://t.co/PAt90bWRqv",
            "tweet": "i'm with  "
        },
        {
            "date": "2020-05-23 21:15:21+00:00",
            "tweet_raw": "@signsforchange Taking care of my mental health is key to me taking care of my physical health. At a time like this, isolation can be a real bitch to those whose suffer from depression, panic, and etc. Keep in touch\u2026 https://t.co/C6dkDZZCPq",
            "tweet": " taking care of my mental health is key to me taking care of my physical health. at a time like this, isolation can be a real bitch to those whose suffer from depression, panic, and etc. keep in touch\u2026 "
        },
        {
            "date": "2021-02-25 22:36:21+00:00",
            "tweet_raw": "Ah Seattle....ahhh. https://t.co/sSyLgeREyC",
            "tweet": "ah seattle....ahhh. "
        },
        {
            "date": "2021-11-24 19:01:48+00:00",
            "tweet_raw": "Man...I had the pleasure of hosting a couple legends yesterday at my studio: @jessedayton and Greg Gilmore !! Bam! https://t.co/YGLauce8SX",
            "tweet": "man...i had the pleasure of hosting a couple legends yesterday at my studio:  and greg gilmore !! bam! "
        },
        {
            "date": "2020-10-05 20:19:59+00:00",
            "tweet_raw": "I got to do an insane visit to Husky Stadium via coach @junioradams13 today. Amazing faculty...my @sxmozzysboneyard co-host @dcharles_76 played on this field many, many times. Go Dawgs! Thanks Junior! https://t.co/Euih2hP76u",
            "tweet": "i got to do an insane visit to husky stadium via coach  today. amazing faculty...my  co-host  played on this field many, many times. go dawgs! thanks junior! "
        },
        {
            "date": "2021-04-16 21:12:21+00:00",
            "tweet_raw": "Starting now on @SIRIUSXM\u2019s faction punk channel 314! https://t.co/1XWjmStBny",
            "tweet": "starting now on \u2019s faction punk channel 314! "
        },
        {
            "date": "2020-10-02 20:07:34+00:00",
            "tweet_raw": "Learn to play! Sign up for Fender Play for free: https://t.co/zbSJGVi9LV https://t.co/dUvNoVnh9e",
            "tweet": "learn to play! sign up for fender play for free:  "
        },
        {
            "date": "2022-04-05 15:43:55+00:00",
            "tweet_raw": "Wishing a VERY Happy Birthday to my pal @MikeMcCreadyPJ !!",
            "tweet": "wishing a very happy birthday to my pal  !!"
        },
        {
            "date": "2020-08-10 17:57:37+00:00",
            "tweet_raw": "Watch Duff's conversation about mental health and addiction with Lily Cornell Silver\n\nhttps://t.co/MDgXjSxdvB https://t.co/Z9dN1LkH02",
            "tweet": "watch duff's conversation about mental health and addiction with lily cornell silver\n\n "
        },
        {
            "date": "2020-05-05 16:07:34+00:00",
            "tweet_raw": "Today is @SuHolmesMcKagan BIRTHDAY!! I love you my sweet girl and am honored and so happy to get to be your husband! But this is about YOU honey...HAPPY BIRTHDAY my love!!!!! YYYEEESSSS! https://t.co/MlPeGwAMVQ",
            "tweet": "today is  birthday!! i love you my sweet girl and am honored and so happy to get to be your husband! but this is about you honey...happy birthday my love!!!!! yyyeeessss! "
        },
        {
            "date": "2020-09-03 19:23:57+00:00",
            "tweet_raw": "Happy Birthday to this fuckin' ICON. He taught a lot of us how to play guitar...and he's taught a lot of us now, how to live well, laugh hard, and be just straight-up badass. Love ya @jonesysjukebox https://t.co/QwhNSc1naw",
            "tweet": "happy birthday to this fuckin' icon. he taught a lot of us how to play guitar...and he's taught a lot of us now, how to live well, laugh hard, and be just straight-up badass. love ya  "
        },
        {
            "date": "2020-12-07 19:26:49+00:00",
            "tweet_raw": "Tune in today 4p pst/ and again Tues 8p pst, w/ my special co host @SuHolmesMcKagan on #SiriusXM @OzzysBoneyard ch 38 #ThreeChordsAndTheTruth https://t.co/XVG3MulGJA",
            "tweet": "tune in today 4p pst/ and again tues 8p pst, w/ my special co host  on   ch 38  "
        },
        {
            "date": "2021-04-15 21:58:30+00:00",
            "tweet_raw": "WHAT DRIVES US - Directed by Dave Grohl, will be released on Friday, April 30th exclusively on\u00a0@Coda_Collection in the U.S. and via Amazon Prime Video outside of the U.S. https://t.co/KOv6wBwj2p",
            "tweet": "what drives us - directed by dave grohl, will be released on friday, april 30th exclusively on\u00a0 in the u.s. and via amazon prime video outside of the u.s. "
        },
        {
            "date": "2020-12-05 18:11:00+00:00",
            "tweet_raw": "Hmmm. I wonder whose doing the @couch_riffs on this great event tonite? Hmmm.... https://t.co/AyknnfOzky",
            "tweet": "hmmm. i wonder whose doing the  on this great event tonite? hmmm.... "
        },
        {
            "date": "2020-12-06 18:03:48+00:00",
            "tweet_raw": "Thanks Jarmo! https://t.co/JqLUFcSe4i",
            "tweet": "thanks jarmo! "
        },
        {
            "date": "2020-08-05 03:00:22+00:00",
            "tweet_raw": "European dates rescheduled! https://t.co/XVTQEGXut6",
            "tweet": "european dates rescheduled! "
        },
        {
            "date": "2020-07-14 17:25:13+00:00",
            "tweet_raw": "Happy 20th Birthday to my amazing, beautiful, smart, honest, and badass daughter maemckagan !!! I love you darlin girl! Have the BEST day! https://t.co/UApfRpXgnH",
            "tweet": "happy 20th birthday to my amazing, beautiful, smart, honest, and badass daughter maemckagan !!! i love you darlin girl! have the best day! "
        },
        {
            "date": "2021-02-05 21:16:51+00:00",
            "tweet_raw": "A VERY birthday to you my pal @deljamesgang ! https://t.co/30BrJrSn7q",
            "tweet": "a very birthday to you my pal  ! "
        },
        {
            "date": "2020-09-15 23:48:45+00:00",
            "tweet_raw": "A VERY Happy Birthday to my DUDE @drumsetartist !! https://t.co/vZzv4Hqmxf",
            "tweet": "a very happy birthday to my dude  !! "
        },
        {
            "date": "2021-01-22 16:23:13+00:00",
            "tweet_raw": "Wishing a very Happy Birthday to @StevenAdlerSite !!",
            "tweet": "wishing a very happy birthday to  !!"
        },
        {
            "date": "2021-11-12 23:37:39+00:00",
            "tweet_raw": "@matonguitars Australia. Land of Rose Tattoo, The Saints, AC/DC, The Angels, Radio Birdman....and so many more. Great guitar right here. https://t.co/YHly4WOKaw",
            "tweet": " australia. land of rose tattoo, the saints, ac/dc, the angels, radio birdman....and so many more. great guitar right here. "
        },
        {
            "date": "2020-10-06 22:13:53+00:00",
            "tweet_raw": "Rest In Peace EVH.... https://t.co/fcNJG7xuVq",
            "tweet": "rest in peace evh.... "
        },
        {
            "date": "2021-03-17 18:15:22+00:00",
            "tweet_raw": "A truly CLASSIC record! https://t.co/9zQSgnh090",
            "tweet": "a truly classic record! "
        },
        {
            "date": "2020-11-07 21:20:36+00:00",
            "tweet_raw": "Just posted a photo https://t.co/64BAsQDTmn",
            "tweet": "just posted a photo "
        },
        {
            "date": "2020-09-03 19:23:57+00:00",
            "tweet_raw": "Happy Birthday to this fuckin' ICON. He taught a lot of us how to play guitar...and he's taught a lot of us now, how to live well, laugh hard, and be just straight-up badass. Love ya @jonesysjukebox https://t.co/QwhNSc1naw",
            "tweet": "happy birthday to this fuckin' icon. he taught a lot of us how to play guitar...and he's taught a lot of us now, how to live well, laugh hard, and be just straight-up badass. love ya  "
        },
        {
            "date": "2020-10-27 23:30:37+00:00",
            "tweet_raw": "The badass @maemckagan  for @skims ....I love everything about her since the day she was born...proud of WHO she is and how she thinks! https://t.co/1a5eRlEo1O",
            "tweet": "the badass   for  ....i love everything about her since the day she was born...proud of who she is and how she thinks! "
        },
        {
            "date": "2020-05-23 21:15:21+00:00",
            "tweet_raw": "@signsforchange Taking care of my mental health is key to me taking care of my physical health. At a time like this, isolation can be a real bitch to those whose suffer from depression, panic, and etc. Keep in touch\u2026 https://t.co/C6dkDZZCPq",
            "tweet": " taking care of my mental health is key to me taking care of my physical health. at a time like this, isolation can be a real bitch to those whose suffer from depression, panic, and etc. keep in touch\u2026 "
        },
        {
            "date": "2020-09-26 21:43:03+00:00",
            "tweet_raw": "The new @gunsnroses vinyl is here! I'm a nerd for records these days.this kicks ass! Model: @susanholmesmckagan https://t.co/j3oXgzvN8m",
            "tweet": "the new  vinyl is here! i'm a nerd for records these days.this kicks ass! model:  "
        },
        {
            "date": "2020-10-15 17:46:18+00:00",
            "tweet_raw": "Thank you @DuffMckaganArg  for being so supportive and finding so many rad and different pictures and rarities over the NINE YEARS!",
            "tweet": "thank you   for being so supportive and finding so many rad and different pictures and rarities over the nine years!"
        },
        {
            "date": "2020-06-20 19:10:12+00:00",
            "tweet_raw": "Happiest of birthday wishes to my mentor and Sensei realbennythejet !! #Ukidokan ...for life! https://t.co/HESCYhy21g",
            "tweet": "happiest of birthday wishes to my mentor and sensei realbennythejet !!  ...for life! "
        },
        {
            "date": "2020-09-26 21:43:03+00:00",
            "tweet_raw": "The new @gunsnroses vinyl is here! I'm a nerd for records these days.this kicks ass! Model: @susanholmesmckagan https://t.co/j3oXgzvN8m",
            "tweet": "the new  vinyl is here! i'm a nerd for records these days.this kicks ass! model:  "
        },
        {
            "date": "2021-09-27 01:44:21+00:00",
            "tweet_raw": "Australia &amp; New Zealand! We\u2019re coming back with a bigger &amp; better show with new dates in November &amp; December 2022. Until showtime, let's rock out to Hard Skool\u00a0\u26a1\n\ud83c\udfab Nightrain presale tickets: 1 Oct 10am NZDT\n\ud83c\udfab Public tickets: 7 Oct 10am NZDT\nhttps://t.co/ZBmiYCFMEC https://t.co/A8BktFiLNa",
            "tweet": "australia &amp; new zealand! we\u2019re coming back with a bigger &amp; better show with new dates in november &amp; december 2022. until showtime, let's rock out to hard skool\u00a0\u26a1\n\ud83c\udfab nightrain presale tickets: 1 oct 10am nzdt\n\ud83c\udfab public tickets: 7 oct 10am nzdt\n "
        },
        {
            "date": "2020-07-23 21:40:36+00:00",
            "tweet_raw": "@myMotorhead ...of course! https://t.co/aHKdNZ6B3l",
            "tweet": " ...of course! "
        },
        {
            "date": "2020-10-05 22:10:26+00:00",
            "tweet_raw": "Guns N' Fn pinball! Get ready to play. The Guns N\u2019 Roses x Jersey Jack Pinball 'Not In This Lifetime' machine is out now! https://t.co/5BwkeAAfVv https://t.co/z2PBjDV86i",
            "tweet": "guns n' fn pinball! get ready to play. the guns n\u2019 roses x jersey jack pinball 'not in this lifetime' machine is out now!  "
        },
        {
            "date": "2020-10-25 23:05:34+00:00",
            "tweet_raw": "Badass! Picture-disc 12\" vinyl just got here in the mail today. @gunsnroses https://t.co/Dpxpu1lmD1",
            "tweet": "badass! picture-disc 12\" vinyl just got here in the mail today.  "
        },
        {
            "date": "2020-12-18 20:45:09+00:00",
            "tweet_raw": "Once again, thank you @cuffarophoto https://t.co/N7epmGuPL3",
            "tweet": "once again, thank you  "
        },
        {
            "date": "2020-12-10 23:31:48+00:00",
            "tweet_raw": "My life! Miss @maemckagan for @miaou . So proud of her! https://t.co/Qr5YJFRJbJ",
            "tweet": "my life! miss  for  . so proud of her! "
        },
        {
            "date": "2020-12-02 07:37:34+00:00",
            "tweet_raw": "Congratulations to my brothers @AliceInChains for the honorarium. @ShooterJennings  @AyronJonesMusic and I has a blast putting your song together. So killer to watch so many great artist come together in your guy's honor. @MoPOP did a great job as well!",
            "tweet": "congratulations to my brothers  for the honorarium.    and i has a blast putting your song together. so killer to watch so many great artist come together in your guy's honor.  did a great job as well!"
        },
        {
            "date": "2020-07-03 19:51:01+00:00",
            "tweet_raw": "My love @SuHolmesMcKagan conquering the whole damn earth! Proud of you sweet girl. https://t.co/y5pRnpEDD2",
            "tweet": "my love  conquering the whole damn earth! proud of you sweet girl. "
        },
        {
            "date": "2021-02-05 19:41:19+00:00",
            "tweet_raw": "@SuHolmesMcKagan Thank you honey! I love you!",
            "tweet": " thank you honey! i love you!"
        },
        {
            "date": "2022-05-05 16:48:32+00:00",
            "tweet_raw": "Such an amazing shot. HAPPY BIRTHDAY @SuHolmesMcKagan !!! https://t.co/oQurXpZkW8",
            "tweet": "such an amazing shot. happy birthday  !!! "
        },
        {
            "date": "2022-02-06 02:14:30+00:00",
            "tweet_raw": "@deljamesgang Happy Birthday my VERY good pal!",
            "tweet": " happy birthday my very good pal!"
        },
        {
            "date": "2020-06-19 17:00:00+00:00",
            "tweet_raw": "Whoa! https://t.co/fF97U9l6Bb",
            "tweet": "whoa! "
        },
        {
            "date": "2020-10-24 02:41:10+00:00",
            "tweet_raw": "That was good time Wanz! Good convo with you dudes. Looking forward to Jamaica bball in the Olympics! https://t.co/eN2rqAQUPt",
            "tweet": "that was good time wanz! good convo with you dudes. looking forward to jamaica bball in the olympics! "
        },
        {
            "date": "2021-02-05 21:19:17+00:00",
            "tweet_raw": "@PaulStanleyLive Thank you Paul! Back at you!",
            "tweet": " thank you paul! back at you!"
        },
        {
            "date": "2020-12-07 19:26:49+00:00",
            "tweet_raw": "Tune in today 4p pst/ and again Tues 8p pst, w/ my special co host @SuHolmesMcKagan on #SiriusXM @OzzysBoneyard ch 38 #ThreeChordsAndTheTruth https://t.co/XVG3MulGJA",
            "tweet": "tune in today 4p pst/ and again tues 8p pst, w/ my special co host  on   ch 38  "
        },
        {
            "date": "2021-06-08 13:55:12+00:00",
            "tweet_raw": "Las Vegas! See you on 8/27!! \nNightrain pre-sale tomorrow, on-sale Saturday 10am local - https://t.co/c0BsLMlfHH https://t.co/tkzHjujrAU",
            "tweet": "las vegas! see you on 8/27!! \nnightrain pre-sale tomorrow, on-sale saturday 10am local -  "
        },
        {
            "date": "2021-09-29 00:18:30+00:00",
            "tweet_raw": "Duff will be talking with Dan Jones, author of the upcoming book 'Powers and Thrones: A New History of the Middle Ages' on Tuesday, November 2, 2021 at 4:00pm PST!\n\nRegister today at https://t.co/ELsALHWgDu https://t.co/XBxAj8XQjE",
            "tweet": "duff will be talking with dan jones, author of the upcoming book 'powers and thrones: a new history of the middle ages' on tuesday, november 2, 2021 at 4:00pm pst!\n\nregister today at  "
        },
        {
            "date": "2021-05-17 17:03:50+00:00",
            "tweet_raw": "GnFnR at @BottleRockNapa this September!! \n\nhttps://t.co/Enivs3fmD3 https://t.co/eI5OLDnLay",
            "tweet": "gnfnr at  this september!! \n\n "
        },
        {
            "date": "2020-12-11 20:26:19+00:00",
            "tweet_raw": ". @GraceMcKagan x DeadlyDoll collab out now! \nhttps://t.co/8Y01nQWmaZ https://t.co/9b6tMchZLe",
            "tweet": ".  x deadlydoll collab out now! \n "
        }
    ],
    "len": 100
}