{
    "account": "@Eminem",
    "type": "Rap",
    "tweets": [
        {
            "date": "2020-02-19 02:26:32+00:00",
            "tweet_raw": "So everybody just follow me... and wish @drdre a happy birthday! https://t.co/wtKizPn52h",
            "tweet": "so everybody just follow me... and wish  a happy birthday! "
        },
        {
            "date": "2018-09-12 19:12:08+00:00",
            "tweet_raw": "#KAMIKAZE INTERVIEW PART 2 @REALSWAY - 8PM ET - https://t.co/pAJiFIyj1w https://t.co/58fPalMeIf",
            "tweet": " interview part 2  - 8pm et -  "
        },
        {
            "date": "2019-07-12 14:00:09+00:00",
            "tweet_raw": "They\u2019ve been PATIENTLY WAITING for the new one with me, @50cent and @edsheeran #RememberTheName - https://t.co/VfBVfxZ9x6 https://t.co/BQ7QgZjDKa",
            "tweet": "they\u2019ve been patiently waiting for the new one with me,  and   -  "
        },
        {
            "date": "2018-09-12 21:10:28+00:00",
            "tweet_raw": "\ud83d\udd95 LUCKY YOU VIDEO COMING TOMORROW NOW. SORRY.  \ud83d\udd95 https://t.co/FJIolVeOhM",
            "tweet": "\ud83d\udd95 lucky you video coming tomorrow now. sorry.  \ud83d\udd95 "
        },
        {
            "date": "2018-09-14 14:17:19+00:00",
            "tweet_raw": "#KAMIKAZE INTERVIEW PART 4 @REALSWAY - THE FINALE - 8PM ET - https://t.co/pAJiFIyj1w https://t.co/EEh4BDmUwj",
            "tweet": " interview part 4  - the finale - 8pm et -  "
        },
        {
            "date": "2018-09-20 00:10:19+00:00",
            "tweet_raw": "\ud83d\udd0a#KILLSHOT \ud83d\udd0a NOW ON ALL PLATFORMS https://t.co/nYGFM785sy https://t.co/xNZDeDpBhP",
            "tweet": "\ud83d\udd0a \ud83d\udd0a now on all platforms  "
        },
        {
            "date": "2018-04-17 16:50:08+00:00",
            "tweet_raw": "#COACH\u018eLLA HIT THE SITE FOR WEEKEND 1 GALLERY @50cent @drdre @SkylarGrey @BebeRexha https://t.co/a8KntLivDB https://t.co/TjRSmkjmXg",
            "tweet": "\u01ddlla hit the site for weekend 1 gallery      "
        },
        {
            "date": "2020-09-04 15:46:58+00:00",
            "tweet_raw": "So happy to be a part of the sequel- @BigSean #Detroit2 #fridaynightcypher https://t.co/S4sge6wAqd https://t.co/Q83N1CXj5R",
            "tweet": "so happy to be a part of the sequel-     "
        },
        {
            "date": "2020-09-20 03:37:05+00:00",
            "tweet_raw": "Proud of Matt for writing this, everyone needs to use their platform to speak out. #BlackLivesMatter https://t.co/OiELMK1qM9",
            "tweet": "proud of matt for writing this, everyone needs to use their platform to speak out.  "
        },
        {
            "date": "2018-04-23 21:32:21+00:00",
            "tweet_raw": "Great getting to know y\u2019all these past couple weekends @coachella... who took my bandana? #COACH\u018eLLA GALLERY #2 https://t.co/MTt6fuWQ6L\nPhotos: @jeremydeputat https://t.co/3J14f0igEs",
            "tweet": "great getting to know y\u2019all these past couple weekends ... who took my bandana? \u01ddlla gallery  \nphotos:  "
        },
        {
            "date": "2018-09-10 16:09:40+00:00",
            "tweet_raw": "\"LUCKY YOU\" video with @JoynerLucas drops Weds. 1pm ET https://t.co/zXsdpczG77",
            "tweet": "\"lucky you\" video with  drops weds. 1pm et "
        },
        {
            "date": "2018-04-20 04:14:00+00:00",
            "tweet_raw": "Motown in the building. #selfie\ud83d\udc10 https://t.co/PNkCg89ucj",
            "tweet": "motown in the building. \ud83d\udc10 "
        },
        {
            "date": "2018-05-02 18:30:11+00:00",
            "tweet_raw": "#CATERPILLAR 3PM ET TOMORROW @RoyceDa59 #BookOfRyan https://t.co/AUkDgbwVFz",
            "tweet": " 3pm et tomorrow   "
        },
        {
            "date": "2018-09-04 17:10:12+00:00",
            "tweet_raw": "\ud83d\udd95\ud83d\udd95 #FALL VIDEO OUT NOW #KAMIKAZE https://t.co/5AsZRppApm \ud83d\udd95\ud83d\udd95 https://t.co/GMcmAkIE8P",
            "tweet": "\ud83d\udd95\ud83d\udd95  video out now   \ud83d\udd95\ud83d\udd95 "
        },
        {
            "date": "2019-02-23 17:14:37+00:00",
            "tweet_raw": "20 years later and I definitely still don't give a fuck!  #SSLP20  #STILLDONTGIVEAFUCK - https://t.co/MIhKHq6on9 https://t.co/UMc3M1n5AD",
            "tweet": "20 years later and i definitely still don't give a fuck!     -  "
        },
        {
            "date": "2020-02-22 00:08:44+00:00",
            "tweet_raw": "Check out my Bad half\u2019s new album #TheAllegory - \u2018dis shit crazy\ud83d\udd25\ud83d\udd25!! @Royceda59 - https://t.co/I65onaJUme https://t.co/8AswYTuoIE",
            "tweet": "check out my bad half\u2019s new album  - \u2018dis shit crazy\ud83d\udd25\ud83d\udd25!!  -  "
        },
        {
            "date": "2018-12-21 16:17:36+00:00",
            "tweet_raw": "Aloha Stans!  See you Feb 15 - tickets on sale today: https://t.co/pNkiNe7oDs https://t.co/3VEojZVtWD",
            "tweet": "aloha stans!  see you feb 15 - tickets on sale today:  "
        },
        {
            "date": "2020-01-15 00:49:17+00:00",
            "tweet_raw": "Check out this new @therealredman video! Fuckin incredible &amp; hilarious!! https://t.co/vxxuHn4xCb",
            "tweet": "check out this new  video! fuckin incredible &amp; hilarious!! "
        },
        {
            "date": "2019-04-24 19:49:03+00:00",
            "tweet_raw": "\"I wanted to show the fans that we were inside the mind of a lyrical maniacal genius.\" - @dannyhastings - check his #SSLP20 interview on the site - https://t.co/QuTS90b4WN\n\n(Photo from Bad Meets Evil shoot) https://t.co/A3jFAF8mEb",
            "tweet": "\"i wanted to show the fans that we were inside the mind of a lyrical maniacal genius.\" -  - check his  interview on the site - \n\n(photo from bad meets evil shoot) "
        },
        {
            "date": "2020-01-17 22:30:06+00:00",
            "tweet_raw": "These bars are only meant for the sharpest knives in the drawer  #MusicToBeMurderedBy https://t.co/q4TAFJUVGV https://t.co/qA9A3LiYYI",
            "tweet": "these bars are only meant for the sharpest knives in the drawer    "
        },
        {
            "date": "2020-02-12 21:30:40+00:00",
            "tweet_raw": "\"Laughing all the way to the bank, I spray flames \ud83d\udd25They cannot tame or placate the monster\" \ud83d\ude08 #MusicToBeMurderedBy - https://t.co/dVwswJMbkO\nThanks to @Danny_Clinch for capturing \ud83d\udcf8 greatness for the album. https://t.co/7uj799V7DV",
            "tweet": "\"laughing all the way to the bank, i spray flames \ud83d\udd25they cannot tame or placate the monster\" \ud83d\ude08  - \nthanks to  for capturing \ud83d\udcf8 greatness for the album. "
        },
        {
            "date": "2018-09-14 14:17:19+00:00",
            "tweet_raw": "#KAMIKAZE INTERVIEW PART 4 @REALSWAY - THE FINALE - 8PM ET - https://t.co/pAJiFIyj1w https://t.co/EEh4BDmUwj",
            "tweet": " interview part 4  - the finale - 8pm et -  "
        },
        {
            "date": "2019-02-24 16:06:24+00:00",
            "tweet_raw": "#selfie\ud83d\udc10 ft. @mRpOrTeR7 \n\nRapture Tour 2019 / Melbourne https://t.co/N8VClVZKud",
            "tweet": "\ud83d\udc10 ft.  \n\nrapture tour 2019 / melbourne "
        },
        {
            "date": "2019-02-26 15:00:01+00:00",
            "tweet_raw": "My name is / what?  My name is / who? #SSLP20 #STILLDONTGIVEAFUCK @AppleMusic https://t.co/0kYKQ7cPPZ https://t.co/wT7qxaxlJs",
            "tweet": "my name is / what?  my name is / who?     "
        },
        {
            "date": "2018-06-04 17:25:36+00:00",
            "tweet_raw": "Gov ball the grimy way w/ @WESTSIDEGUNN @WHOISCONWAY #shady #griselda @GovBallNYC Full gallery: https://t.co/oFJkP7PcJN\n\nPhotos: @jeremydeputat https://t.co/1scP4EVYMh",
            "tweet": "gov ball the grimy way w/      full gallery: \n\nphotos:  "
        },
        {
            "date": "2018-07-19 16:03:24+00:00",
            "tweet_raw": "VIDEO: River ft. Ed Sheeran at Twickenham - https://t.co/nypMpQWQt0 - Thanks for coming thru @edsheeran!\n\nPhoto Credit: @jeremydeputat https://t.co/G4zN352RLW",
            "tweet": "video: river ft. ed sheeran at twickenham -  - thanks for coming thru !\n\nphoto credit:  "
        },
        {
            "date": "2019-08-28 20:00:09+00:00",
            "tweet_raw": "People think they want this problem 'til they get it.",
            "tweet": "people think they want this problem 'til they get it."
        },
        {
            "date": "2020-12-18 22:37:49+00:00",
            "tweet_raw": "\"Earn it just to burn it, swag drippin' from me\"  Cop the new #MTBMB - Side B vinyl/CD with exclusive cover and merch on my site.  https://t.co/yQbr2vHl1K https://t.co/4wfMV2WLWc",
            "tweet": "\"earn it just to burn it, swag drippin' from me\"  cop the new  - side b vinyl/cd with exclusive cover and merch on my site.   "
        },
        {
            "date": "2018-10-29 23:59:28+00:00",
            "tweet_raw": "#RAPTUR\u018e2019 Headin back down under in \u201919! Info on the site. https://t.co/5LOdqzpXvt\n\nPhoto: @jeremydeputat https://t.co/dKTs1d1J79",
            "tweet": "\u01dd2019 headin back down under in \u201919! info on the site. \n\nphoto:  "
        },
        {
            "date": "2020-01-30 02:25:33+00:00",
            "tweet_raw": "\u201cDon\u2019t you wanna grow up to be just like me?\u201d Check the #MTBMB album cover generator - hit me with your version using the hashtag. Gonna repost the best ones on my IG stories!  https://t.co/SxOuLciI5w",
            "tweet": "\u201cdon\u2019t you wanna grow up to be just like me?\u201d check the  album cover generator - hit me with your version using the hashtag. gonna repost the best ones on my ig stories!  "
        },
        {
            "date": "2019-11-29 05:26:00+00:00",
            "tweet_raw": "Like we said from the beginning... Detroit teaming up with Buffalo is not for the timid... Stream #Griselda's Shady debut #WWCD now - https://t.co/ky6hDTO3kn @WESTSIDEGUNN @WHOISCONWAY @BennyBsf https://t.co/ktlfrZ6h17",
            "tweet": "like we said from the beginning... detroit teaming up with buffalo is not for the timid... stream 's shady debut  now -     "
        },
        {
            "date": "2020-01-17 22:30:06+00:00",
            "tweet_raw": "These bars are only meant for the sharpest knives in the drawer  #MusicToBeMurderedBy https://t.co/q4TAFJUVGV https://t.co/qA9A3LiYYI",
            "tweet": "these bars are only meant for the sharpest knives in the drawer    "
        },
        {
            "date": "2018-05-30 20:32:47+00:00",
            "tweet_raw": "We\u2019ll walk this road together, through the storm\nWhatever weather, cold or warm\u2026 THANK YOU @BOSTONCALLING!  Gallery on the site. https://t.co/QxRPpAP9Gl\n\nPhotos: @jeremydeputat https://t.co/ppOAJb36kc",
            "tweet": "we\u2019ll walk this road together, through the storm\nwhatever weather, cold or warm\u2026 thank you !  gallery on the site. \n\nphotos:  "
        },
        {
            "date": "2021-04-25 23:00:22+00:00",
            "tweet_raw": "#SHADYCON Open Editions on @NiftyGateway droppin now - https://t.co/feqF7459Xr https://t.co/1qROVgixAp",
            "tweet": " open editions on  droppin now -  "
        },
        {
            "date": "2020-02-10 02:36:20+00:00",
            "tweet_raw": "Look, if you had another shot, another opportunity... Thanks for having me @TheAcademy.  Sorry it took me 18 years to get here. https://t.co/CmSw2hmcZo",
            "tweet": "look, if you had another shot, another opportunity... thanks for having me .  sorry it took me 18 years to get here. "
        },
        {
            "date": "2020-02-29 18:19:25+00:00",
            "tweet_raw": "yo biz!! U bodied this!! But this contest is 4 ameteurs only!! Ha!! @BizMarkie @RockTheBells #GodzillaChallenge https://t.co/EqoBuaSTBc",
            "tweet": "yo biz!! u bodied this!! but this contest is 4 ameteurs only!! ha!!    "
        },
        {
            "date": "2018-11-21 00:34:57+00:00",
            "tweet_raw": "#KAMIKAZE NIGHT COMBAT - REPORT FOR DUTY THURSDAY AT 21:00 - https://t.co/sfOYoM5SuN https://t.co/1IEHUdy7U2",
            "tweet": " night combat - report for duty thursday at 21:00 -  "
        },
        {
            "date": "2018-06-13 16:00:13+00:00",
            "tweet_raw": "#MomsSpaghetti X @LiveAtFirefly https://t.co/Hb8WudVxst",
            "tweet": " x  "
        },
        {
            "date": "2018-07-13 11:49:24+00:00",
            "tweet_raw": "LONDON TODAY: Come through - eat spaghetti, win tix for this weekend and check out #rbXeminem @rag_bone.  Starts Noon TODAY at The Sun &amp; 13 Cantons. https://t.co/7A8h7DHHWX",
            "tweet": "london today: come through - eat spaghetti, win tix for this weekend and check out  .  starts noon today at the sun &amp; 13 cantons. "
        },
        {
            "date": "2019-02-27 16:59:17+00:00",
            "tweet_raw": "EM.RPTR-19-MELBOURNE // Night 3 Rapture Tour Gallery on the site. Photo credit: @jeremydeputat https://t.co/PaHCZlRqfO",
            "tweet": "em.rptr-19-melbourne // night 3 rapture tour gallery on the site. photo credit:  "
        },
        {
            "date": "2018-04-11 00:41:19+00:00",
            "tweet_raw": "Everyone thinks i dont write my own tweets but i wrote this one.",
            "tweet": "everyone thinks i dont write my own tweets but i wrote this one."
        },
        {
            "date": "2018-09-12 18:17:02+00:00",
            "tweet_raw": "Art by Mike Saputo - Limited drop of autographed #Kamikaze prints in the store - https://t.co/iaooSmIwXZ https://t.co/OSPnnjcM0o",
            "tweet": "art by mike saputo - limited drop of autographed  prints in the store -  "
        },
        {
            "date": "2018-08-31 21:10:00+00:00",
            "tweet_raw": "Comin in hot! #Kamikaze @AppleMusic: https://t.co/9T1KhlwYPk https://t.co/OMZs9ZHWtR",
            "tweet": "comin in hot!  :  "
        },
        {
            "date": "2018-09-13 15:07:04+00:00",
            "tweet_raw": "\ud83d\udcfd LUCKY YOU FT. @JOYNERLUCAS VISUALS #KAMIKAZE https://t.co/9x0r74kfzX https://t.co/A4w1FbDO1K",
            "tweet": "\ud83d\udcfd lucky you ft.  visuals   "
        },
        {
            "date": "2018-09-12 00:22:49+00:00",
            "tweet_raw": "PART 1 LIVE NOW - THE #KAMIKAZE INTERVIEW @REALSWAY - https://t.co/XPmRB8YaZb https://t.co/AvwLXRmeVd",
            "tweet": "part 1 live now - the  interview  -  "
        },
        {
            "date": "2018-12-01 02:29:05+00:00",
            "tweet_raw": "The release of BODIED has me feeling nostalgic about battle rap so I headed down to my old stomping grounds,  Hit the link for 10+ minutes of it \ud83d\udd0a \u201cKick Off\" (Freestyle) - https://t.co/gR49ti7sVI https://t.co/GzSmYlmaaW",
            "tweet": "the release of bodied has me feeling nostalgic about battle rap so i headed down to my old stomping grounds,  hit the link for 10+ minutes of it \ud83d\udd0a \u201ckick off\" (freestyle) -  "
        },
        {
            "date": "2018-07-15 17:23:09+00:00",
            "tweet_raw": "Backstage with @ws_boogie he loves the catering at Twickenham #selfie\ud83d\udc10 https://t.co/P6S2PnOLLp",
            "tweet": "backstage with  he loves the catering at twickenham \ud83d\udc10 "
        },
        {
            "date": "2018-08-29 18:28:28+00:00",
            "tweet_raw": "I\u2019m getting the hang of this phone camera thing look I surprised @edsheeran for his #Songwriter film for @AppleMusic #Selfie\ud83d\udc10 https://t.co/ojTpjQh3nN https://t.co/N67B1ZeYnI",
            "tweet": "i\u2019m getting the hang of this phone camera thing look i surprised  for his  film for  \ud83d\udc10  "
        },
        {
            "date": "2018-11-06 01:10:19+00:00",
            "tweet_raw": "It\u2019s been 5 whole years since myself, @RickRubin and @drdre created this \u201cMonster\u201d!  #MMLP2 https://t.co/e0kNMfuYkj https://t.co/mBcotZXpLM",
            "tweet": "it\u2019s been 5 whole years since myself,  and  created this \u201cmonster\u201d!    "
        },
        {
            "date": "2020-12-10 01:49:06+00:00",
            "tweet_raw": "Whatever it takes to get @WS_Boogie to drop! @FORTKNOXLIVE https://t.co/5XXf9u6fqo",
            "tweet": "whatever it takes to get  to drop!  "
        },
        {
            "date": "2019-05-07 20:33:14+00:00",
            "tweet_raw": "Me and @chrisdelia are gonna battle one day #Homicide @Logic301 https://t.co/hhZr006hfx",
            "tweet": "me and  are gonna battle one day   "
        },
        {
            "date": "2018-07-15 23:38:28+00:00",
            "tweet_raw": "This is my first on-stage selfie.\u00a0\u00a0Thank you London! #selfie\ud83d\udc10 https://t.co/GlJ222yS7s",
            "tweet": "this is my first on-stage selfie.\u00a0\u00a0thank you london! \ud83d\udc10 "
        },
        {
            "date": "2018-04-22 20:46:22+00:00",
            "tweet_raw": "In da club #COACH\u018eLLA https://t.co/zP8Npjq6qo",
            "tweet": "in da club \u01ddlla "
        },
        {
            "date": "2020-01-30 02:25:33+00:00",
            "tweet_raw": "\u201cDon\u2019t you wanna grow up to be just like me?\u201d Check the #MTBMB album cover generator - hit me with your version using the hashtag. Gonna repost the best ones on my IG stories!  https://t.co/SxOuLciI5w",
            "tweet": "\u201cdon\u2019t you wanna grow up to be just like me?\u201d check the  album cover generator - hit me with your version using the hashtag. gonna repost the best ones on my ig stories!  "
        },
        {
            "date": "2021-11-24 18:08:39+00:00",
            "tweet_raw": "\"Lightning in a skillet\" \ud83c\udf5d\u26a1\ufe0f\ud83c\udf5d #MomsSpaghetti black on black for Black Friday drops tomorrow. https://t.co/J3F45Q7GNx https://t.co/MdqguVv67U",
            "tweet": "\"lightning in a skillet\" \ud83c\udf5d\u26a1\ufe0f\ud83c\udf5d  black on black for black friday drops tomorrow.  "
        },
        {
            "date": "2020-05-30 23:10:38+00:00",
            "tweet_raw": "Unity in Detroit is more important than ever. #EverybodyVsCovid19 tune in to @cityofdetroit now - https://t.co/aXf0ck66JS https://t.co/RySppEQnhY",
            "tweet": "unity in detroit is more important than ever.  tune in to  now -  "
        },
        {
            "date": "2019-12-20 20:14:04+00:00",
            "tweet_raw": "\u201cIf I had to grip my pad the riffs I'd grab would rip and stab, the kids that sad, the shit that's drab and flavorless...\u201d you\u2019re up, Andr\u00e9! https://t.co/qCuHEMYJPA",
            "tweet": "\u201cif i had to grip my pad the riffs i'd grab would rip and stab, the kids that sad, the shit that's drab and flavorless...\u201d you\u2019re up, andr\u00e9! "
        },
        {
            "date": "2019-02-21 03:44:56+00:00",
            "tweet_raw": "DEAR @NETFLIX, \n\nREGARDING YOUR CANCELLATION OF THE PUNISHER, YOU ARE BLOWING IT!!\n\nSINCERELY, \nMARSHALL",
            "tweet": "dear , \n\nregarding your cancellation of the punisher, you are blowing it!!\n\nsincerely, \nmarshall"
        },
        {
            "date": "2019-10-28 18:26:31+00:00",
            "tweet_raw": "Thanks for rockin\u2019 with me again last Friday Abu Dhabi - hope to see you next time! Full gallery on the site - https://t.co/z0GhqSXqmS\n\n\ud83d\udcf8: @jeremydeputat https://t.co/FSQekoQB7o",
            "tweet": "thanks for rockin\u2019 with me again last friday abu dhabi - hope to see you next time! full gallery on the site - \n\n\ud83d\udcf8:  "
        },
        {
            "date": "2018-07-12 14:43:47+00:00",
            "tweet_raw": "LONDON - TOMORROW NOON-4PM W/ @RAG_BONE &amp; #MOMSSPAGHETTI AT THE SUN &amp; 13 CANTONS FOR OUR COLLAB LAUNCH. THEN HANG OUT AT R&amp;B STORE ACROSS THE STEET 4-8pm https://t.co/iaU98AJZZF",
            "tweet": "london - tomorrow noon-4pm w/  &amp;  at the sun &amp; 13 cantons for our collab launch. then hang out at r&amp;b store across the steet 4-8pm "
        },
        {
            "date": "2019-11-16 18:03:13+00:00",
            "tweet_raw": "Don\u2019t act like you forgot about @drdre. Watch the #2001 short film on @applemusic. https://t.co/6Sq2VK3qbt https://t.co/9QsDh4Ysvm",
            "tweet": "don\u2019t act like you forgot about . watch the  short film on .  "
        },
        {
            "date": "2019-07-19 13:59:28+00:00",
            "tweet_raw": "#BANG \ud83d\udd08\ud83d\udca5 with my boy @WHOISCONWAY ! LISTEN - https://t.co/eLr1cmvqW3 https://t.co/z2610E10wY",
            "tweet": " \ud83d\udd08\ud83d\udca5 with my boy  ! listen -  "
        },
        {
            "date": "2018-06-04 03:13:48+00:00",
            "tweet_raw": "Thanks to @phresher_dgygz for rockin\u2019 with us tonight at @govballnyc #selfie\ud83d\udc10 https://t.co/wLEOvHp2eI",
            "tweet": "thanks to  for rockin\u2019 with us tonight at  \ud83d\udc10 "
        },
        {
            "date": "2020-10-24 17:13:15+00:00",
            "tweet_raw": "Hit your favorite record shop to get the all-NEW @recordstoreday exclusive My Name Is / Bad Guys Always Die 7\u201d - their site has all participating stores\u00a0https://t.co/kUvWXdkQFk https://t.co/siapCSqsLP",
            "tweet": "hit your favorite record shop to get the all-new  exclusive my name is / bad guys always die 7\u201d - their site has all participating stores\u00a0 "
        },
        {
            "date": "2020-07-13 18:35:28+00:00",
            "tweet_raw": "\u201cFuck's going on, man?\u201d @KidCudi  #TheAdventuresOfMoonManAndSlimShady stream now - https://t.co/z1uAjXEs6f https://t.co/XoF9zrtuVe",
            "tweet": "\u201cfuck's going on, man?\u201d    stream now -  "
        },
        {
            "date": "2018-04-22 20:46:22+00:00",
            "tweet_raw": "In da club #COACH\u018eLLA https://t.co/zP8Npjq6qo",
            "tweet": "in da club \u01ddlla "
        },
        {
            "date": "2019-02-27 16:59:17+00:00",
            "tweet_raw": "EM.RPTR-19-MELBOURNE // Night 3 Rapture Tour Gallery on the site. Photo credit: @jeremydeputat https://t.co/PaHCZlRqfO",
            "tweet": "em.rptr-19-melbourne // night 3 rapture tour gallery on the site. photo credit:  "
        },
        {
            "date": "2020-01-29 00:27:50+00:00",
            "tweet_raw": "Business in the front / Murder in the back - #MTBMB Lithograph Set just dropped on the site - https://t.co/dPOUs5OSL5 https://t.co/wsAhc7N16Z",
            "tweet": "business in the front / murder in the back -  lithograph set just dropped on the site -  "
        },
        {
            "date": "2018-09-15 03:37:17+00:00",
            "tweet_raw": "#KAMIKAZE INTERVIEW PART 4 W/ @REALSWAY - THE FINALE - https://t.co/FtFjekXqol https://t.co/OwPYE6lK3B",
            "tweet": " interview part 4 w/  - the finale -  "
        },
        {
            "date": "2019-06-28 20:58:28+00:00",
            "tweet_raw": "D'elia Doesn't play me... I PLAY D'ELIA! #Homicide\n\nhttps://t.co/w3wv3WUcHG\n@Logic301 @chrisdelia https://t.co/b97s01SSda",
            "tweet": "d'elia doesn't play me... i play d'elia! \n\n\n  "
        },
        {
            "date": "2018-06-30 18:26:27+00:00",
            "tweet_raw": "\u018eURO TRIP 2018 W/ @PUSHA_T @Royceda59 @prophetsofrage @2chainz @WS_Boogie @onklp @KLOVNERiKAMP https://t.co/iSO6f8ezbZ",
            "tweet": "\u01dduro trip 2018 w/        "
        },
        {
            "date": "2018-10-16 15:58:08+00:00",
            "tweet_raw": "Just rappin on top of the EMpire State Bldg last night on @jimmykimmellive... dropped some gems on @iamguillermo too #pixel3 - https://t.co/GHbmYFuAsZ https://t.co/0MCmkNNIpz",
            "tweet": "just rappin on top of the empire state bldg last night on ... dropped some gems on  too  -  "
        },
        {
            "date": "2018-06-30 19:20:59+00:00",
            "tweet_raw": "Me and @skylargrey ready for Oslo. What\u2019s so funny Skylar?\u00a0\u00a0#selfie\ud83d\udc10 https://t.co/qAKXfoEbk1",
            "tweet": "me and  ready for oslo. what\u2019s so funny skylar?\u00a0\u00a0\ud83d\udc10 "
        },
        {
            "date": "2018-10-08 16:20:29+00:00",
            "tweet_raw": "Take your best shot.  @BodiedMovie Dir. By @JosephKahn in theaters 11/2 + Youtube Premium 11/28 https://t.co/i3DJqPyVJ0",
            "tweet": "take your best shot.   dir. by  in theaters 11/2 + youtube premium 11/28 "
        },
        {
            "date": "2020-01-31 20:44:38+00:00",
            "tweet_raw": "Yesterday confirmed what me and @drdre already knew back in \u201902!  Congrats to @50cent on his Star on the Hollywood Walk of Fame - hit the site to check the video and gallery - https://t.co/w9OqpJjC1o \n\ud83d\udcf8: @jeremydeputat https://t.co/ukcg3BW59o",
            "tweet": "yesterday confirmed what me and  already knew back in \u201902!  congrats to  on his star on the hollywood walk of fame - hit the site to check the video and gallery -  \n\ud83d\udcf8:  "
        },
        {
            "date": "2020-11-26 00:43:34+00:00",
            "tweet_raw": "WTF- who did this? https://t.co/CLqGZba96Z",
            "tweet": "wtf- who did this? "
        },
        {
            "date": "2020-05-23 16:31:14+00:00",
            "tweet_raw": "#MMLP20 \"I used to give a fuck / now I could give a fuck less\"  Stan drop, Listening Party and I got a new number \u260e\ufe0f - hit the site for more info on the 20th Anniversary of The Marshall Mathers LP - https://t.co/7gCFWIUuDn https://t.co/jPBFP2WacE",
            "tweet": " \"i used to give a fuck / now i could give a fuck less\"  stan drop, listening party and i got a new number \u260e\ufe0f - hit the site for more info on the 20th anniversary of the marshall mathers lp -  "
        },
        {
            "date": "2019-02-23 00:08:13+00:00",
            "tweet_raw": "I took a ride with @RealSway for @FelixandPaul and @oculus\u2019 Virtual Reality project Marshall From Detroit - check it on the Oculus VR Platform now: https://t.co/Hw63sIjlNE https://t.co/jrlf86XW2H",
            "tweet": "i took a ride with  for  and \u2019 virtual reality project marshall from detroit - check it on the oculus vr platform now:  "
        },
        {
            "date": "2020-01-17 06:01:34+00:00",
            "tweet_raw": "Hello, Darkness, my old friend...\n\n#Darkness Video - https://t.co/zuS9Oo6730\n\n#MusicToBeMurderedBy https://t.co/Aykla7R524",
            "tweet": "hello, darkness, my old friend...\n\n video - \n\n "
        },
        {
            "date": "2021-01-22 19:33:04+00:00",
            "tweet_raw": "#SURVIVALMODE \ud83e\udd4a\ud83e\udd4a\ud83e\udd4a #Higher music video premieres 2pm ET tomorrow on @ABC during the #UFC257 Countdown show and airs again for the main fight on @ESPN - hit the site for details! https://t.co/jIcSzwJJXr https://t.co/k4rF7Uktrr",
            "tweet": " \ud83e\udd4a\ud83e\udd4a\ud83e\udd4a  music video premieres 2pm et tomorrow on  during the  countdown show and airs again for the main fight on  - hit the site for details!  "
        },
        {
            "date": "2019-01-29 02:42:30+00:00",
            "tweet_raw": "Aloha @Logic301 @sheckwes!  Get your Hawaii tickets: https://t.co/pNkiNe7oDs https://t.co/UZqowLVwqF",
            "tweet": "aloha  !  get your hawaii tickets:  "
        },
        {
            "date": "2019-06-28 20:58:28+00:00",
            "tweet_raw": "D'elia Doesn't play me... I PLAY D'ELIA! #Homicide\n\nhttps://t.co/w3wv3WUcHG\n@Logic301 @chrisdelia https://t.co/b97s01SSda",
            "tweet": "d'elia doesn't play me... i play d'elia! \n\n\n  "
        },
        {
            "date": "2021-01-18 16:25:44+00:00",
            "tweet_raw": "\u201cShovel at my side, blood on my mic. Now wake up to Music To Be Murdered By like....\u201d #SIDEB on CD available in stores now - https://t.co/pmuYJ5KOPX https://t.co/3rJUjPGYj5",
            "tweet": "\u201cshovel at my side, blood on my mic. now wake up to music to be murdered by like....\u201d  on cd available in stores now -  "
        },
        {
            "date": "2018-06-30 19:20:59+00:00",
            "tweet_raw": "Me and @skylargrey ready for Oslo. What\u2019s so funny Skylar?\u00a0\u00a0#selfie\ud83d\udc10 https://t.co/qAKXfoEbk1",
            "tweet": "me and  ready for oslo. what\u2019s so funny skylar?\u00a0\u00a0\ud83d\udc10 "
        },
        {
            "date": "2018-09-20 00:10:19+00:00",
            "tweet_raw": "\ud83d\udd0a#KILLSHOT \ud83d\udd0a NOW ON ALL PLATFORMS https://t.co/nYGFM785sy https://t.co/xNZDeDpBhP",
            "tweet": "\ud83d\udd0a \ud83d\udd0a now on all platforms  "
        },
        {
            "date": "2019-11-15 20:35:35+00:00",
            "tweet_raw": "\"My middle finger won't go down, how do I wave?\" #StillDontGiveAFuck #SSLP20 Drop 2 Coming 11/19 - Sign up for first access - https://t.co/F2tK30JllX https://t.co/hO5vIWsLv1",
            "tweet": "\"my middle finger won't go down, how do i wave?\"   drop 2 coming 11/19 - sign up for first access -  "
        },
        {
            "date": "2020-01-24 19:44:50+00:00",
            "tweet_raw": "Did I do this right? https://t.co/ZkoV5T4yxB",
            "tweet": "did i do this right? "
        },
        {
            "date": "2019-05-16 01:30:25+00:00",
            "tweet_raw": "Crack a bottle! #RELAPSE 10TH ANNIVERSARY - hit the link to stream + grab a limited shirt - https://t.co/zpGUKYGhr4 https://t.co/y4QF69KOuF",
            "tweet": "crack a bottle!  10th anniversary - hit the link to stream + grab a limited shirt -  "
        },
        {
            "date": "2018-04-23 21:32:21+00:00",
            "tweet_raw": "Great getting to know y\u2019all these past couple weekends @coachella... who took my bandana? #COACH\u018eLLA GALLERY #2 https://t.co/MTt6fuWQ6L\nPhotos: @jeremydeputat https://t.co/3J14f0igEs",
            "tweet": "great getting to know y\u2019all these past couple weekends ... who took my bandana? \u01ddlla gallery  \nphotos:  "
        },
        {
            "date": "2018-09-14 14:17:19+00:00",
            "tweet_raw": "#KAMIKAZE INTERVIEW PART 4 @REALSWAY - THE FINALE - 8PM ET - https://t.co/pAJiFIyj1w https://t.co/EEh4BDmUwj",
            "tweet": " interview part 4  - the finale - 8pm et -  "
        },
        {
            "date": "2020-03-18 20:35:17+00:00",
            "tweet_raw": "\u201cGodzilla, fire spitter, monster\u201d \ud83d\udd25 #GodzillaChallenge @triller  winner squad on the site. Shout out to the homie jacksherlock1 on taking the #1 spot!  https://t.co/5Es6a20KPN https://t.co/b0j9KgwOD1",
            "tweet": "\u201cgodzilla, fire spitter, monster\u201d \ud83d\udd25    winner squad on the site. shout out to the homie jacksherlock1 on taking the  spot!   "
        },
        {
            "date": "2020-02-10 05:09:16+00:00",
            "tweet_raw": "I got to see my Uncle Elton tonight at the Oscars.  Congrats on your win too, Sir! @eltonofficial https://t.co/9HsQHvGzM4",
            "tweet": "i got to see my uncle elton tonight at the oscars.  congrats on your win too, sir!  "
        },
        {
            "date": "2019-02-26 15:00:01+00:00",
            "tweet_raw": "My name is / what?  My name is / who? #SSLP20 #STILLDONTGIVEAFUCK @AppleMusic https://t.co/0kYKQ7cPPZ https://t.co/wT7qxaxlJs",
            "tweet": "my name is / what?  my name is / who?     "
        },
        {
            "date": "2018-06-17 02:13:35+00:00",
            "tweet_raw": "Tour diary blog update @LiveAtFirefly https://t.co/Xo3n7ENo4z",
            "tweet": "tour diary blog update  "
        },
        {
            "date": "2019-04-22 21:57:34+00:00",
            "tweet_raw": "YO! PSA - #SSLP20 stuff drops Friday! Went back with @dannyhastings and @SKAM2 to make an anniversary capsule from the original + unseen Slim Shady LP art. More info and content this week before we drop Friday. https://t.co/K6hCVn68aX",
            "tweet": "yo! psa -  stuff drops friday! went back with  and  to make an anniversary capsule from the original + unseen slim shady lp art. more info and content this week before we drop friday. "
        },
        {
            "date": "2019-02-28 18:42:27+00:00",
            "tweet_raw": "Me and @WS_Boogie want you to hit us with your #silentridechallenge videos while we finish out this tour\u2026 we\u2019ll both be reposting our favorites.  Don\u2019t embarrass yourself.  I\u2019ll be watching.\n\nPhoto Credit: @jeremydeputat https://t.co/2OMLdMg2ES",
            "tweet": "me and  want you to hit us with your  videos while we finish out this tour\u2026 we\u2019ll both be reposting our favorites.  don\u2019t embarrass yourself.  i\u2019ll be watching.\n\nphoto credit:  "
        },
        {
            "date": "2018-08-29 18:28:28+00:00",
            "tweet_raw": "I\u2019m getting the hang of this phone camera thing look I surprised @edsheeran for his #Songwriter film for @AppleMusic #Selfie\ud83d\udc10 https://t.co/ojTpjQh3nN https://t.co/N67B1ZeYnI",
            "tweet": "i\u2019m getting the hang of this phone camera thing look i surprised  for his  film for  \ud83d\udc10  "
        },
        {
            "date": "2019-02-27 16:59:17+00:00",
            "tweet_raw": "EM.RPTR-19-MELBOURNE // Night 3 Rapture Tour Gallery on the site. Photo credit: @jeremydeputat https://t.co/PaHCZlRqfO",
            "tweet": "em.rptr-19-melbourne // night 3 rapture tour gallery on the site. photo credit:  "
        },
        {
            "date": "2018-12-21 16:17:36+00:00",
            "tweet_raw": "Aloha Stans!  See you Feb 15 - tickets on sale today: https://t.co/pNkiNe7oDs https://t.co/3VEojZVtWD",
            "tweet": "aloha stans!  see you feb 15 - tickets on sale today:  "
        },
        {
            "date": "2020-04-07 23:35:59+00:00",
            "tweet_raw": "The @Shade45 crew can help keep you sane. Right now, you get Shade 45 for free, along with full @SIRIUSXM access!   https://t.co/uAJHAr3evv https://t.co/hzP8kzVC4M",
            "tweet": "the  crew can help keep you sane. right now, you get shade 45 for free, along with full  access!    "
        }
    ],
    "len": 100
}