{
    "account": "@genesimmons",
    "type": "Rock",
    "tweets": [
        {
            "date": "2022-03-20 18:54:39+00:00",
            "tweet_raw": "Hahaha\u2026 https://t.co/VwKerS5f7N",
            "tweet": "hahaha\u2026 "
        },
        {
            "date": "2022-05-07 18:11:26+00:00",
            "tweet_raw": "Gene's Addiction \u2026wow!!! Promo Video 2.0 https://t.co/Pc4zbOAVdo via @YouTube",
            "tweet": "gene's addiction \u2026wow!!! promo video 2.0  via "
        },
        {
            "date": "2022-03-04 18:13:58+00:00",
            "tweet_raw": "Elon Musk, Pres Biden and Gene Simmons https://t.co/a5CJCOAGul",
            "tweet": "elon musk, pres biden and gene simmons "
        },
        {
            "date": "2022-03-07 18:30:48+00:00",
            "tweet_raw": "Outstanding! https://t.co/3Prl8RezOx",
            "tweet": "outstanding! "
        },
        {
            "date": "2022-02-24 21:24:20+00:00",
            "tweet_raw": "Our hearts and minds are with the brave people of @Ukraine. You are not alone!",
            "tweet": "our hearts and minds are with the brave people of . you are not alone!"
        },
        {
            "date": "2022-03-21 04:36:37+00:00",
            "tweet_raw": "God bless the children\u2026 https://t.co/j2rSAEuVnM",
            "tweet": "god bless the children\u2026 "
        },
        {
            "date": "2022-04-18 21:54:24+00:00",
            "tweet_raw": "My validation! I\u2019m cool!!! https://t.co/ukPJqMXojQ",
            "tweet": "my validation! i\u2019m cool!!! "
        },
        {
            "date": "2022-02-18 02:15:48+00:00",
            "tweet_raw": "Cryptocurrency Reaches Captain Kirk\u2019s \u2018Warp Speed\u2019 - How to Keep Up (Video Guide) - TheStreet https://t.co/K0mx8DVou3",
            "tweet": "cryptocurrency reaches captain kirk\u2019s \u2018warp speed\u2019 - how to keep up (video guide) - thestreet "
        },
        {
            "date": "2022-03-24 03:54:40+00:00",
            "tweet_raw": "Shamefully, this US Senator doesn\u2019t know her American history\u2026The DECLARATION OF INDEPENDENCE \u201cdeclares\u201d our rights to life, liberty and the pursuit of happiness\u2026NOT the Constitution. https://t.co/EuVAfy6JnN",
            "tweet": "shamefully, this us senator doesn\u2019t know her american history\u2026the declaration of independence \u201cdeclares\u201d our rights to life, liberty and the pursuit of happiness\u2026not the constitution. "
        },
        {
            "date": "2022-03-09 17:23:58+00:00",
            "tweet_raw": "Anything is possible\u2026 https://t.co/R0CTMGfwq6",
            "tweet": "anything is possible\u2026 "
        },
        {
            "date": "2022-03-11 05:34:08+00:00",
            "tweet_raw": "Happy Birthday, Shannon \ud83d\ude0d. And many more. Our wonderful kids and I owe you everything for being the heart and soul of our little family. I will love you forever. \u2066@shannonleetweed\u2069 https://t.co/N1lrx6TrWS",
            "tweet": "happy birthday, shannon \ud83d\ude0d. and many more. our wonderful kids and i owe you everything for being the heart and soul of our little family. i will love you forever. \u2066\u2069 "
        },
        {
            "date": "2022-03-26 04:21:03+00:00",
            "tweet_raw": "Shocked and saddened to hear @taylorhawkins has passed away today.! \ud83d\ude1e. Our prayers and condolences go out to the Hawkins family, \u2066@foofighters\u2069 friends and fans. Sad. https://t.co/Mgu2K4SJyL",
            "tweet": "shocked and saddened to hear  has passed away today.! \ud83d\ude1e. our prayers and condolences go out to the hawkins family, \u2066\u2069 friends and fans. sad. "
        },
        {
            "date": "2022-03-10 19:45:43+00:00",
            "tweet_raw": "Hahaha\u2026 https://t.co/uGy8QkUc0D",
            "tweet": "hahaha\u2026 "
        },
        {
            "date": "2022-02-19 03:29:00+00:00",
            "tweet_raw": "Our first advert. Rolling Stone. January, 1974. https://t.co/PTm94MM81G",
            "tweet": "our first advert. rolling stone. january, 1974. "
        },
        {
            "date": "2022-03-17 13:29:12+00:00",
            "tweet_raw": "Sophie on the charts!!! Wow. https://t.co/vzklqof8ZJ",
            "tweet": "sophie on the charts!!! wow. "
        },
        {
            "date": "2022-02-26 20:51:29+00:00",
            "tweet_raw": "And a Child shall lead them\u2026 https://t.co/fgxb4sib8k",
            "tweet": "and a child shall lead them\u2026 "
        },
        {
            "date": "2022-03-24 14:25:08+00:00",
            "tweet_raw": "Go Sophie, go!!! https://t.co/QIx0O8mrlk",
            "tweet": "go sophie, go!!! "
        },
        {
            "date": "2022-02-24 16:51:23+00:00",
            "tweet_raw": "Why? (Re below).  The future is here. https://t.co/Upr1t4jY5A",
            "tweet": "why? (re below).  the future is here. "
        },
        {
            "date": "2022-03-16 13:51:20+00:00",
            "tweet_raw": "Elon Musk offers to fight Vladimir Putin- TheStreet https://t.co/BGjrqPIyNh",
            "tweet": "elon musk offers to fight vladimir putin- thestreet "
        },
        {
            "date": "2022-04-02 22:03:01+00:00",
            "tweet_raw": "Ukraine continue to advance against Russian forces near Kyiv, UK says | Reuters https://t.co/i4qfhUsGI7",
            "tweet": "ukraine continue to advance against russian forces near kyiv, uk says | reuters "
        },
        {
            "date": "2022-03-23 22:14:02+00:00",
            "tweet_raw": "Will Smith, The Weeknd Back NFT Metaverse Land Investor Everyrealm - Decrypt https://t.co/1sb82g0Og3",
            "tweet": "will smith, the weeknd back nft metaverse land investor everyrealm - decrypt "
        },
        {
            "date": "2022-03-15 19:55:32+00:00",
            "tweet_raw": "George. Out for a stroke. https://t.co/88sZUAyBjO",
            "tweet": "george. out for a stroke. "
        },
        {
            "date": "2022-03-08 21:42:53+00:00",
            "tweet_raw": "No comment\u20261st trial in Capitol riot ends in conviction on all counts | AP News https://t.co/mMmLcWuuA9",
            "tweet": "no comment\u20261st trial in capitol riot ends in conviction on all counts | ap news "
        },
        {
            "date": "2022-04-27 03:28:41+00:00",
            "tweet_raw": "Nick and Keltie were at the Porto Alegre show in Brazil tonight. They took this video \ud83e\udd1f\ud83d\ude0e. https://t.co/WG5ymhJ2Ax",
            "tweet": "nick and keltie were at the porto alegre show in brazil tonight. they took this video \ud83e\udd1f\ud83d\ude0e. "
        },
        {
            "date": "2022-03-13 16:13:13+00:00",
            "tweet_raw": "\u2066@osbciderworks\u2069 in Buffalo, NY can get you some ice cold \u2066@moneybagsodas\u2069\u2026or, order a case for home: https://t.co/RXO4NSYRKi https://t.co/2paIZ8l876",
            "tweet": "\u2066\u2069 in buffalo, ny can get you some ice cold \u2066\u2069\u2026or, order a case for home:  "
        },
        {
            "date": "2022-03-11 01:35:28+00:00",
            "tweet_raw": "Coming Soon!!! https://t.co/QGd8vFgu6k",
            "tweet": "coming soon!!! "
        },
        {
            "date": "2022-03-26 04:21:03+00:00",
            "tweet_raw": "Shocked and saddened to hear @taylorhawkins has passed away today.! \ud83d\ude1e. Our prayers and condolences go out to the Hawkins family, \u2066@foofighters\u2069 friends and fans. Sad. https://t.co/Mgu2K4SJyL",
            "tweet": "shocked and saddened to hear  has passed away today.! \ud83d\ude1e. our prayers and condolences go out to the hawkins family, \u2066\u2069 friends and fans. sad. "
        },
        {
            "date": "2022-03-12 19:17:38+00:00",
            "tweet_raw": "Hilarious. https://t.co/HOAaB0kOUc",
            "tweet": "hilarious. "
        },
        {
            "date": "2022-02-28 22:33:28+00:00",
            "tweet_raw": "The outright lie from Mr Putin accusing @Ukrain PM Zelensky of being a Nazi is stunning, considering that PM Zelensky is actually Jewish and lost his entire family to Nazi Germany during WWII.",
            "tweet": "the outright lie from mr putin accusing  pm zelensky of being a nazi is stunning, considering that pm zelensky is actually jewish and lost his entire family to nazi germany during wwii."
        },
        {
            "date": "2022-03-17 00:24:11+00:00",
            "tweet_raw": "Congratulations, Sophie. \u2066@SophieTSimmons\u2069. Yay! https://t.co/OPV95VeffY",
            "tweet": "congratulations, sophie. \u2066\u2069. yay! "
        },
        {
            "date": "2022-03-20 18:59:14+00:00",
            "tweet_raw": "It\u2019s almost here! https://t.co/jsz8qm8Q45",
            "tweet": "it\u2019s almost here! "
        },
        {
            "date": "2022-03-11 05:29:48+00:00",
            "tweet_raw": "Check it out: March 15th, 9:00am pst. https://t.co/mKzj4hcvAO",
            "tweet": "check it out: march 15th, 9:00am pst. "
        },
        {
            "date": "2022-03-12 01:28:29+00:00",
            "tweet_raw": "I\u2019m a lucky guy! https://t.co/gzs2IYUFFp",
            "tweet": "i\u2019m a lucky guy! "
        },
        {
            "date": "2022-03-23 23:28:39+00:00",
            "tweet_raw": "Dave, you don\u2019t know me. Stop talking through your ass. And your childish photo says a lot about who you are. Have a nice day. https://t.co/XzTyJbwHvO",
            "tweet": "dave, you don\u2019t know me. stop talking through your ass. and your childish photo says a lot about who you are. have a nice day. "
        },
        {
            "date": "2022-03-24 18:15:52+00:00",
            "tweet_raw": "Ukraine tells Russia 'die or surrender' as its Kyiv counterattack drives out invaders..NBC https://t.co/HKqaQic6i8",
            "tweet": "ukraine tells russia 'die or surrender' as its kyiv counterattack drives out invaders..nbc "
        },
        {
            "date": "2022-04-24 03:32:23+00:00",
            "tweet_raw": "Buenos Aires tonight!!! There was a sea of you out there. (See video below). You make us proud. And it was an honor to play for you. We will never forget. https://t.co/BK8OghgSXZ",
            "tweet": "buenos aires tonight!!! there was a sea of you out there. (see video below). you make us proud. and it was an honor to play for you. we will never forget. "
        },
        {
            "date": "2022-03-15 23:53:07+00:00",
            "tweet_raw": "Crypto Price Check: Traders Playing the Waiting Game - TheStreet https://t.co/GkE7u6FMkK",
            "tweet": "crypto price check: traders playing the waiting game - thestreet "
        },
        {
            "date": "2022-03-11 05:29:48+00:00",
            "tweet_raw": "Check it out: March 15th, 9:00am pst. https://t.co/mKzj4hcvAO",
            "tweet": "check it out: march 15th, 9:00am pst. "
        },
        {
            "date": "2022-02-18 16:51:31+00:00",
            "tweet_raw": "Blast from the past https://t.co/Rr0xxOsR1j",
            "tweet": "blast from the past "
        },
        {
            "date": "2022-03-23 23:13:07+00:00",
            "tweet_raw": "No. https://t.co/JtU17V06G4",
            "tweet": "no. "
        },
        {
            "date": "2022-02-20 23:21:51+00:00",
            "tweet_raw": "Tada!!! https://t.co/CYClSNDWuJ",
            "tweet": "tada!!! "
        },
        {
            "date": "2022-05-13 06:27:24+00:00",
            "tweet_raw": "Nice piece of art. I\u2019m flattered. https://t.co/p5Y4ury32u",
            "tweet": "nice piece of art. i\u2019m flattered. "
        },
        {
            "date": "2022-02-24 21:24:20+00:00",
            "tweet_raw": "Our hearts and minds are with the brave people of @Ukraine. You are not alone!",
            "tweet": "our hearts and minds are with the brave people of . you are not alone!"
        },
        {
            "date": "2022-03-20 18:59:14+00:00",
            "tweet_raw": "It\u2019s almost here! https://t.co/jsz8qm8Q45",
            "tweet": "it\u2019s almost here! "
        },
        {
            "date": "2022-02-24 16:32:23+00:00",
            "tweet_raw": "Hodl\u2026.Believe!",
            "tweet": "hodl\u2026.believe!"
        },
        {
            "date": "2022-03-24 03:54:40+00:00",
            "tweet_raw": "Shamefully, this US Senator doesn\u2019t know her American history\u2026The DECLARATION OF INDEPENDENCE \u201cdeclares\u201d our rights to life, liberty and the pursuit of happiness\u2026NOT the Constitution. https://t.co/EuVAfy6JnN",
            "tweet": "shamefully, this us senator doesn\u2019t know her american history\u2026the declaration of independence \u201cdeclares\u201d our rights to life, liberty and the pursuit of happiness\u2026not the constitution. "
        },
        {
            "date": "2022-03-18 16:54:18+00:00",
            "tweet_raw": "Respect and admire @DollyParton. Her polite decline re Rock And Roll Hall of Fame is best summarized by Dolly herself. \u201cAC/DC shouldn\u2019t be in the Country Music Hall of Fame.\u201d What say you? https://t.co/J4MhDObpE6",
            "tweet": "respect and admire . her polite decline re rock and roll hall of fame is best summarized by dolly herself. \u201cac/dc shouldn\u2019t be in the country music hall of fame.\u201d what say you? "
        },
        {
            "date": "2022-02-24 21:24:20+00:00",
            "tweet_raw": "Our hearts and minds are with the brave people of @Ukraine. You are not alone!",
            "tweet": "our hearts and minds are with the brave people of . you are not alone!"
        },
        {
            "date": "2022-02-19 03:29:00+00:00",
            "tweet_raw": "Our first advert. Rolling Stone. January, 1974. https://t.co/PTm94MM81G",
            "tweet": "our first advert. rolling stone. january, 1974. "
        },
        {
            "date": "2022-03-16 17:08:11+00:00",
            "tweet_raw": "@AppleTV just lost me as a customer. I was happy to pay/buy or rent movies, but now they have 1 1/2min of commercials, without being able to skip em. Wave bye bye\u2026.",
            "tweet": " just lost me as a customer. i was happy to pay/buy or rent movies, but now they have 1 1/2min of commercials, without being able to skip em. wave bye bye\u2026."
        },
        {
            "date": "2022-03-12 01:28:29+00:00",
            "tweet_raw": "I\u2019m a lucky guy! https://t.co/gzs2IYUFFp",
            "tweet": "i\u2019m a lucky guy! "
        },
        {
            "date": "2022-03-23 00:23:38+00:00",
            "tweet_raw": "Crypto Queen Raises $1.5B in Largest Ever Female VC Fund https://t.co/pgU4Dxel9I",
            "tweet": "crypto queen raises $1.5b in largest ever female vc fund "
        },
        {
            "date": "2022-02-19 16:15:40+00:00",
            "tweet_raw": "Back \u2018atcha @Everyrealm https://t.co/gLJbgiDhnE",
            "tweet": "back \u2018atcha  "
        },
        {
            "date": "2022-03-16 05:29:09+00:00",
            "tweet_raw": "THE BATMAN, is a solid 2 hour movie. Unfortunately, it\u2019s 3 hrs long. Cut out the fat in the middle and it works\u2026Batman is an 8 out of 10, IF you dub Batman\u2019s voice\u2026need a thicker and lower register voice. After all, it\u2019s Batman\u2019s voice\u2026.not Robin, the Boy Wonder! What say you?",
            "tweet": "the batman, is a solid 2 hour movie. unfortunately, it\u2019s 3 hrs long. cut out the fat in the middle and it works\u2026batman is an 8 out of 10, if you dub batman\u2019s voice\u2026need a thicker and lower register voice. after all, it\u2019s batman\u2019s voice\u2026.not robin, the boy wonder! what say you?"
        },
        {
            "date": "2022-02-19 03:29:00+00:00",
            "tweet_raw": "Our first advert. Rolling Stone. January, 1974. https://t.co/PTm94MM81G",
            "tweet": "our first advert. rolling stone. january, 1974. "
        },
        {
            "date": "2022-03-23 23:28:39+00:00",
            "tweet_raw": "Dave, you don\u2019t know me. Stop talking through your ass. And your childish photo says a lot about who you are. Have a nice day. https://t.co/XzTyJbwHvO",
            "tweet": "dave, you don\u2019t know me. stop talking through your ass. and your childish photo says a lot about who you are. have a nice day. "
        },
        {
            "date": "2022-03-20 18:45:54+00:00",
            "tweet_raw": "Wow. Great job, guys. Send me samples of your standee and posters. I\u2019ll display them at our KissWorld (Vegas Rio Hotel - opening soon!). https://t.co/MXHaOr6PZU",
            "tweet": "wow. great job, guys. send me samples of your standee and posters. i\u2019ll display them at our kissworld (vegas rio hotel - opening soon!). "
        },
        {
            "date": "2022-03-26 04:21:03+00:00",
            "tweet_raw": "Shocked and saddened to hear @taylorhawkins has passed away today.! \ud83d\ude1e. Our prayers and condolences go out to the Hawkins family, \u2066@foofighters\u2069 friends and fans. Sad. https://t.co/Mgu2K4SJyL",
            "tweet": "shocked and saddened to hear  has passed away today.! \ud83d\ude1e. our prayers and condolences go out to the hawkins family, \u2066\u2069 friends and fans. sad. "
        },
        {
            "date": "2022-03-08 21:42:53+00:00",
            "tweet_raw": "No comment\u20261st trial in Capitol riot ends in conviction on all counts | AP News https://t.co/mMmLcWuuA9",
            "tweet": "no comment\u20261st trial in capitol riot ends in conviction on all counts | ap news "
        },
        {
            "date": "2022-03-02 17:18:01+00:00",
            "tweet_raw": "Anything is possible. https://t.co/o5JnL2u8Wd",
            "tweet": "anything is possible. "
        },
        {
            "date": "2022-02-22 18:18:50+00:00",
            "tweet_raw": "\ud83d\ude2e\ud83d\ude2e\ud83d\ude2e\u2026Olympic Skier Remi Lindholm Suffers Frozen Penis During Race https://t.co/nN8hDJpiIg",
            "tweet": "\ud83d\ude2e\ud83d\ude2e\ud83d\ude2e\u2026olympic skier remi lindholm suffers frozen penis during race "
        },
        {
            "date": "2022-02-26 20:51:29+00:00",
            "tweet_raw": "And a Child shall lead them\u2026 https://t.co/fgxb4sib8k",
            "tweet": "and a child shall lead them\u2026 "
        },
        {
            "date": "2022-04-27 03:41:28+00:00",
            "tweet_raw": "Nick\u2019s girlfriend, Keltie. After the show. Porto Alegre, Brazil. https://t.co/sQNDal4boE",
            "tweet": "nick\u2019s girlfriend, keltie. after the show. porto alegre, brazil. "
        },
        {
            "date": "2022-02-27 18:27:16+00:00",
            "tweet_raw": "Our prayers and support go out to the brave people of @Ukraine\u2026..Former Ukraine president confirms the 'Ghost of Kyiv' is real! https://t.co/lvXte6NbwE",
            "tweet": "our prayers and support go out to the brave people of \u2026..former ukraine president confirms the 'ghost of kyiv' is real! "
        },
        {
            "date": "2022-03-11 05:34:08+00:00",
            "tweet_raw": "Happy Birthday, Shannon \ud83d\ude0d. And many more. Our wonderful kids and I owe you everything for being the heart and soul of our little family. I will love you forever. \u2066@shannonleetweed\u2069 https://t.co/N1lrx6TrWS",
            "tweet": "happy birthday, shannon \ud83d\ude0d. and many more. our wonderful kids and i owe you everything for being the heart and soul of our little family. i will love you forever. \u2066\u2069 "
        },
        {
            "date": "2022-03-17 23:01:17+00:00",
            "tweet_raw": "Hey, #DeepWater @hulu looks like a really hot flick. Check it out. https://t.co/LWECLNuNZr",
            "tweet": "hey,   looks like a really hot flick. check it out. "
        },
        {
            "date": "2022-04-03 23:42:07+00:00",
            "tweet_raw": "A cannibal is a guy who goes into a restaurant\u2026and order a waiter.",
            "tweet": "a cannibal is a guy who goes into a restaurant\u2026and order a waiter."
        },
        {
            "date": "2022-03-15 23:53:07+00:00",
            "tweet_raw": "Crypto Price Check: Traders Playing the Waiting Game - TheStreet https://t.co/GkE7u6FMkK",
            "tweet": "crypto price check: traders playing the waiting game - thestreet "
        },
        {
            "date": "2022-03-26 04:21:03+00:00",
            "tweet_raw": "Shocked and saddened to hear @taylorhawkins has passed away today.! \ud83d\ude1e. Our prayers and condolences go out to the Hawkins family, \u2066@foofighters\u2069 friends and fans. Sad. https://t.co/Mgu2K4SJyL",
            "tweet": "shocked and saddened to hear  has passed away today.! \ud83d\ude1e. our prayers and condolences go out to the hawkins family, \u2066\u2069 friends and fans. sad. "
        },
        {
            "date": "2022-02-24 16:51:23+00:00",
            "tweet_raw": "Why? (Re below).  The future is here. https://t.co/Upr1t4jY5A",
            "tweet": "why? (re below).  the future is here. "
        },
        {
            "date": "2022-03-08 17:40:20+00:00",
            "tweet_raw": "Anything is possible! https://t.co/VpdmXuStbx",
            "tweet": "anything is possible! "
        },
        {
            "date": "2022-03-11 01:35:28+00:00",
            "tweet_raw": "Coming Soon!!! https://t.co/QGd8vFgu6k",
            "tweet": "coming soon!!! "
        },
        {
            "date": "2022-03-17 23:01:17+00:00",
            "tweet_raw": "Hey, #DeepWater @hulu looks like a really hot flick. Check it out. https://t.co/LWECLNuNZr",
            "tweet": "hey,   looks like a really hot flick. check it out. "
        },
        {
            "date": "2022-03-07 18:30:48+00:00",
            "tweet_raw": "Outstanding! https://t.co/3Prl8RezOx",
            "tweet": "outstanding! "
        },
        {
            "date": "2022-05-14 18:26:19+00:00",
            "tweet_raw": "The legendary lyricist for Elton, \u2066@bernietaupin\u2069. A powerful and attractive man. https://t.co/ofnQLsVJ3N",
            "tweet": "the legendary lyricist for elton, \u2066\u2069. a powerful and attractive man. "
        },
        {
            "date": "2022-03-20 18:41:37+00:00",
            "tweet_raw": "Remarkable! https://t.co/FQIM6yqOY4",
            "tweet": "remarkable! "
        },
        {
            "date": "2022-03-11 05:34:08+00:00",
            "tweet_raw": "Happy Birthday, Shannon \ud83d\ude0d. And many more. Our wonderful kids and I owe you everything for being the heart and soul of our little family. I will love you forever. \u2066@shannonleetweed\u2069 https://t.co/N1lrx6TrWS",
            "tweet": "happy birthday, shannon \ud83d\ude0d. and many more. our wonderful kids and i owe you everything for being the heart and soul of our little family. i will love you forever. \u2066\u2069 "
        },
        {
            "date": "2022-03-21 14:54:18+00:00",
            "tweet_raw": "SDM MusicLab: Frankfurt, Germany. Next to yours truly, is Quincy Jones. https://t.co/jp2cknzsfa",
            "tweet": "sdm musiclab: frankfurt, germany. next to yours truly, is quincy jones. "
        },
        {
            "date": "2022-02-28 06:33:35+00:00",
            "tweet_raw": "\ud83d\ude0a\ud83d\ude0a\ud83d\ude0a https://t.co/2cMaQbmE8Q",
            "tweet": "\ud83d\ude0a\ud83d\ude0a\ud83d\ude0a "
        },
        {
            "date": "2022-04-29 14:12:02+00:00",
            "tweet_raw": "Anything is possible. https://t.co/IwOdCWMF1V",
            "tweet": "anything is possible. "
        },
        {
            "date": "2022-03-05 16:39:22+00:00",
            "tweet_raw": "A meme. https://t.co/DU3pRMljqq",
            "tweet": "a meme. "
        },
        {
            "date": "2022-05-09 14:00:27+00:00",
            "tweet_raw": "I wrote \u201cLove Is Blind\u201d about 20 years ago\u2026never released. It was in my Vault box set. Here is a pretty cool cover by Shameless w/Bruce in lead guitar.    https://t.co/U5Btgj0KYu via @YouTube",
            "tweet": "i wrote \u201clove is blind\u201d about 20 years ago\u2026never released. it was in my vault box set. here is a pretty cool cover by shameless w/bruce in lead guitar.     via "
        },
        {
            "date": "2022-03-08 17:40:20+00:00",
            "tweet_raw": "Anything is possible! https://t.co/VpdmXuStbx",
            "tweet": "anything is possible! "
        },
        {
            "date": "2022-03-02 17:18:01+00:00",
            "tweet_raw": "Anything is possible. https://t.co/o5JnL2u8Wd",
            "tweet": "anything is possible. "
        },
        {
            "date": "2022-03-24 14:25:08+00:00",
            "tweet_raw": "Go Sophie, go!!! https://t.co/QIx0O8mrlk",
            "tweet": "go sophie, go!!! "
        },
        {
            "date": "2022-05-07 18:44:18+00:00",
            "tweet_raw": "Rolling Stone Argentina. https://t.co/G9nvOvJIcR",
            "tweet": "rolling stone argentina. "
        },
        {
            "date": "2022-02-18 06:27:26+00:00",
            "tweet_raw": "Good point. https://t.co/6ryio5jw9r",
            "tweet": "good point. "
        },
        {
            "date": "2022-02-25 04:31:52+00:00",
            "tweet_raw": "Whatever name is, \u201cI\u2019ve never been drunk. I don\u2019t drink. And the next time I may consider getting off twitter, I\u2019ll be sure to reach out to you\u2026because you\u2019re very important. Good luck out there. https://t.co/YQd824TQGV",
            "tweet": "whatever name is, \u201ci\u2019ve never been drunk. i don\u2019t drink. and the next time i may consider getting off twitter, i\u2019ll be sure to reach out to you\u2026because you\u2019re very important. good luck out there. "
        },
        {
            "date": "2022-04-02 15:56:25+00:00",
            "tweet_raw": "Thanks @etnow, @KevinFrazierET and your team for visiting my Vegas property, and coming along to KissWorld at the Rio Hotel. Very appreciated.",
            "tweet": "thanks ,  and your team for visiting my vegas property, and coming along to kissworld at the rio hotel. very appreciated."
        },
        {
            "date": "2022-03-15 23:14:58+00:00",
            "tweet_raw": "Omg\u2026out for a STROLL,  not a \u201cstroke\u201d https://t.co/7BBpmgLXLH",
            "tweet": "omg\u2026out for a stroll,  not a \u201cstroke\u201d "
        },
        {
            "date": "2022-03-04 03:16:30+00:00",
            "tweet_raw": "Captured Russian Soldier Allowed to Call Home as He's Fed by Ukrainians,  | https://t.co/GqDngFmTmZ https://t.co/cS3uJPqTNI",
            "tweet": "captured russian soldier allowed to call home as he's fed by ukrainians,  |  "
        },
        {
            "date": "2022-03-24 18:42:53+00:00",
            "tweet_raw": "No, in answer to your point. How about you stay in your lane. You do not define my lane for me. And, you\u2019re always welcome to go elsewhere. https://t.co/l0KornCOlN",
            "tweet": "no, in answer to your point. how about you stay in your lane. you do not define my lane for me. and, you\u2019re always welcome to go elsewhere. "
        },
        {
            "date": "2022-03-08 21:46:32+00:00",
            "tweet_raw": "Unplug &amp; spend some time with the people who love you! Give @TAB_touch a follow to keep up with the full \"you've got the\u00a0touch\" campaign. https://t.co/l0HfS1Ccyf",
            "tweet": "unplug &amp; spend some time with the people who love you! give  a follow to keep up with the full \"you've got the\u00a0touch\" campaign. "
        },
        {
            "date": "2022-03-08 17:40:20+00:00",
            "tweet_raw": "Anything is possible! https://t.co/VpdmXuStbx",
            "tweet": "anything is possible! "
        },
        {
            "date": "2022-03-23 22:14:02+00:00",
            "tweet_raw": "Will Smith, The Weeknd Back NFT Metaverse Land Investor Everyrealm - Decrypt https://t.co/1sb82g0Og3",
            "tweet": "will smith, the weeknd back nft metaverse land investor everyrealm - decrypt "
        },
        {
            "date": "2022-03-24 18:42:53+00:00",
            "tweet_raw": "No, in answer to your point. How about you stay in your lane. You do not define my lane for me. And, you\u2019re always welcome to go elsewhere. https://t.co/l0KornCOlN",
            "tweet": "no, in answer to your point. how about you stay in your lane. you do not define my lane for me. and, you\u2019re always welcome to go elsewhere. "
        },
        {
            "date": "2022-03-11 01:35:28+00:00",
            "tweet_raw": "Coming Soon!!! https://t.co/QGd8vFgu6k",
            "tweet": "coming soon!!! "
        },
        {
            "date": "2022-04-27 02:59:24+00:00",
            "tweet_raw": "Obrigato to the Military Police in Porto Alegre, Brazil for escorting us to and from the stadium. https://t.co/vsyEEbzcB2",
            "tweet": "obrigato to the military police in porto alegre, brazil for escorting us to and from the stadium. "
        },
        {
            "date": "2022-03-17 13:29:12+00:00",
            "tweet_raw": "Sophie on the charts!!! Wow. https://t.co/vzklqof8ZJ",
            "tweet": "sophie on the charts!!! wow. "
        },
        {
            "date": "2022-03-07 18:30:48+00:00",
            "tweet_raw": "Outstanding! https://t.co/3Prl8RezOx",
            "tweet": "outstanding! "
        }
    ],
    "len": 100
}