{
    "account": "@Harry_Styles",
    "type": "Pop",
    "tweets": [
        {
            "date": "2015-12-10 15:24:52+00:00",
            "tweet_raw": "At the BBC Music Awards. Thanks for having us, lovely spread you've put on.",
            "tweet": "at the bbc music awards. thanks for having us, lovely spread you've put on."
        },
        {
            "date": "2015-10-28 16:06:00+00:00",
            "tweet_raw": "Thank you Newcastle. You were very very nice to us this week. Hope everyone had fun at the shows. H",
            "tweet": "thank you newcastle. you were very very nice to us this week. hope everyone had fun at the shows. h"
        },
        {
            "date": "2020-05-30 00:15:10+00:00",
            "tweet_raw": "JUSTICE FOR GEORGE FLOYD.\nhttps://t.co/DjqqMGFopT https://t.co/NbIDblGZ5u",
            "tweet": "justice for george floyd.\n "
        },
        {
            "date": "2018-01-01 20:26:36+00:00",
            "tweet_raw": "It's 2018, Happy New Year.",
            "tweet": "it's 2018, happy new year."
        },
        {
            "date": "2015-11-03 17:11:45+00:00",
            "tweet_raw": "Ten days until the new album is out. Really looking forward to sharing it with you. Hope you like it. H",
            "tweet": "ten days until the new album is out. really looking forward to sharing it with you. hope you like it. h"
        },
        {
            "date": "2017-05-23 00:39:02+00:00",
            "tweet_raw": "I'm heartbroken over what happened in Manchester tonight.\nSending love to everyone involved. H",
            "tweet": "i'm heartbroken over what happened in manchester tonight.\nsending love to everyone involved. h"
        },
        {
            "date": "2017-06-08 13:52:18+00:00",
            "tweet_raw": "/ / MORE TOUR / / \n\nhttps://t.co/H3YK0AB1qo https://t.co/V46Q49vjJ3",
            "tweet": "/ / more tour / / \n\n "
        },
        {
            "date": "2017-11-02 14:50:38+00:00",
            "tweet_raw": "Manchester, thank you for having me last night. It's always nice to come home. H https://t.co/dUVJdajAr2",
            "tweet": "manchester, thank you for having me last night. it's always nice to come home. h "
        },
        {
            "date": "2018-03-28 11:05:54+00:00",
            "tweet_raw": "Munich, Live On Tour. https://t.co/XQjlKtoX1J",
            "tweet": "munich, live on tour. "
        },
        {
            "date": "2016-02-05 23:36:49+00:00",
            "tweet_raw": "Beach, don't kill my Vibe.",
            "tweet": "beach, don't kill my vibe."
        },
        {
            "date": "2019-04-07 23:14:06+00:00",
            "tweet_raw": "Sign of the Times is two today. Thank you for all the love since then, and for everything you\u2019d done before. Love you all very much. H",
            "tweet": "sign of the times is two today. thank you for all the love since then, and for everything you\u2019d done before. love you all very much. h"
        },
        {
            "date": "2018-03-15 15:46:15+00:00",
            "tweet_raw": "Basel, Live On Tour. https://t.co/uwGqjAoLXa",
            "tweet": "basel, live on tour. "
        },
        {
            "date": "2015-11-06 17:36:18+00:00",
            "tweet_raw": "You've got to help me, I'm losing my mind.\n\nhttps://t.co/DHrwwXX96p",
            "tweet": "you've got to help me, i'm losing my mind.\n\n"
        },
        {
            "date": "2016-01-11 10:34:12+00:00",
            "tweet_raw": "RIP. David Bowie. An icon. https://t.co/YI7NSxLitg",
            "tweet": "rip. david bowie. an icon. "
        },
        {
            "date": "2018-07-16 19:44:55+00:00",
            "tweet_raw": "Thank you to my band, the crew, and all the of you for making this tour so wonderful. Treat people with kindness. Goodbye for now.",
            "tweet": "thank you to my band, the crew, and all the of you for making this tour so wonderful. treat people with kindness. goodbye for now."
        },
        {
            "date": "2018-04-28 03:40:58+00:00",
            "tweet_raw": "Sydney, Live On Tour. https://t.co/ZTdZ1igQ9D",
            "tweet": "sydney, live on tour. "
        },
        {
            "date": "2017-06-08 12:44:09+00:00",
            "tweet_raw": "VOTE VOTE VOTE VOTE VOTE VOTE VOTE VOTE VOTE VOTE VOTE VOTE VOTE VOTE VOTE VOTE VOTE VOTE VOTE VOTE VOTE VOTE VOTE VOTE",
            "tweet": "vote vote vote vote vote vote vote vote vote vote vote vote vote vote vote vote vote vote vote vote vote vote vote vote"
        },
        {
            "date": "2017-11-24 04:44:14+00:00",
            "tweet_raw": "Happy Thanksgiving everyone. Hope you're having a lovely one. H",
            "tweet": "happy thanksgiving everyone. hope you're having a lovely one. h"
        },
        {
            "date": "2017-09-26 01:22:50+00:00",
            "tweet_raw": "I'm playing with @whereisMUNA and @camcountry tonight in Nashville, TN. \n\nCan't wait to get all over you @TheRyman. H",
            "tweet": "i'm playing with  and  tonight in nashville, tn. \n\ncan't wait to get all over you . h"
        },
        {
            "date": "2015-12-11 11:05:23+00:00",
            "tweet_raw": "Next week on the @latelateshow.. @JKCorden will be using us for our carpool capacities. And we will be using him for that handsome face.",
            "tweet": "next week on the ..  will be using us for our carpool capacities. and we will be using him for that handsome face."
        },
        {
            "date": "2016-02-23 15:43:20+00:00",
            "tweet_raw": "Lonely Buffet. 1 of 1. https://t.co/n8pGh6R2Xi",
            "tweet": "lonely buffet. 1 of 1. "
        },
        {
            "date": "2015-12-11 11:05:23+00:00",
            "tweet_raw": "Next week on the @latelateshow.. @JKCorden will be using us for our carpool capacities. And we will be using him for that handsome face.",
            "tweet": "next week on the ..  will be using us for our carpool capacities. and we will be using him for that handsome face."
        },
        {
            "date": "2015-12-14 00:45:55+00:00",
            "tweet_raw": "To you, you have changed our lives and no words will ever be good enough to thank you for what we have done together.",
            "tweet": "to you, you have changed our lives and no words will ever be good enough to thank you for what we have done together."
        },
        {
            "date": "2018-04-05 16:55:26+00:00",
            "tweet_raw": "Bologna, Live On Tour. https://t.co/rnLXZtBs4L",
            "tweet": "bologna, live on tour. "
        },
        {
            "date": "2018-04-08 17:10:31+00:00",
            "tweet_raw": "Birmingham, Live On Tour. https://t.co/eASCrdsMpZ",
            "tweet": "birmingham, live on tour. "
        },
        {
            "date": "2015-11-20 22:55:35+00:00",
            "tweet_raw": "Made In The AM is number one in the UK. So happy that people are liking it. We're very proud of it. Thank you. H",
            "tweet": "made in the am is number one in the uk. so happy that people are liking it. we're very proud of it. thank you. h"
        },
        {
            "date": "2018-04-16 23:37:58+00:00",
            "tweet_raw": "A huge thank you to @Mabel for also being wonderful. To all the crew, and everyone involved, thank you. Australia, I'll see you soon. H",
            "tweet": "a huge thank you to  for also being wonderful. to all the crew, and everyone involved, thank you. australia, i'll see you soon. h"
        },
        {
            "date": "2022-03-28 16:01:50+00:00",
            "tweet_raw": "As It Was. April 1. https://t.co/CzCFK7f3pA",
            "tweet": "as it was. april 1. "
        },
        {
            "date": "2015-11-13 21:45:18+00:00",
            "tweet_raw": "Thinking of everyone in Paris.",
            "tweet": "thinking of everyone in paris."
        },
        {
            "date": "2017-05-13 07:00:37+00:00",
            "tweet_raw": "Hi, i'm playing a show in London tonight. Tickets are available now, details here.. \nhttps://t.co/iu0yKzMJse\nSee you later. H",
            "tweet": "hi, i'm playing a show in london tonight. tickets are available now, details here.. \n\nsee you later. h"
        },
        {
            "date": "2017-04-13 11:54:57+00:00",
            "tweet_raw": "HARRY.STYLES          //12.MAY.17// https://t.co/mmXjvkp9W6",
            "tweet": "harry.styles          //12.may.17// "
        },
        {
            "date": "2015-11-05 17:51:41+00:00",
            "tweet_raw": "@BrookesDreams thank you. I hope you enjoy the rest of it. H",
            "tweet": " thank you. i hope you enjoy the rest of it. h"
        },
        {
            "date": "2015-12-03 08:10:52+00:00",
            "tweet_raw": "Just posted a photo https://t.co/CGYDpBO6ZR",
            "tweet": "just posted a photo "
        },
        {
            "date": "2015-12-22 12:34:55+00:00",
            "tweet_raw": "Just posted a photo https://t.co/S0mhsmK2E9",
            "tweet": "just posted a photo "
        },
        {
            "date": "2018-03-15 15:46:15+00:00",
            "tweet_raw": "Basel, Live On Tour. https://t.co/uwGqjAoLXa",
            "tweet": "basel, live on tour. "
        },
        {
            "date": "2018-05-13 07:13:02+00:00",
            "tweet_raw": "Tokyo, Live On Tour. https://t.co/lsFJDOF347",
            "tweet": "tokyo, live on tour. "
        },
        {
            "date": "2018-04-06 10:00:44+00:00",
            "tweet_raw": "Mannheim, Live On Tour. https://t.co/ux7T2QNmSb",
            "tweet": "mannheim, live on tour. "
        },
        {
            "date": "2021-07-14 16:35:07+00:00",
            "tweet_raw": "To everyone in the UK and across the world, I can\u2019t wait to see you again, but for obvious reasons it is just not possible at this time. I will be sharing more news soon about shows across the globe and new music. I love you all so much. I\u2019m excited and I can\u2019t wait to see you. H",
            "tweet": "to everyone in the uk and across the world, i can\u2019t wait to see you again, but for obvious reasons it is just not possible at this time. i will be sharing more news soon about shows across the globe and new music. i love you all so much. i\u2019m excited and i can\u2019t wait to see you. h"
        },
        {
            "date": "2018-05-02 02:51:00+00:00",
            "tweet_raw": "Manila, Live On Tour. https://t.co/oE8W8H4oHV",
            "tweet": "manila, live on tour. "
        },
        {
            "date": "2015-11-26 21:58:40+00:00",
            "tweet_raw": "The sun's so hot I forgot to go home.",
            "tweet": "the sun's so hot i forgot to go home."
        },
        {
            "date": "2018-04-06 10:00:44+00:00",
            "tweet_raw": "Mannheim, Live On Tour. https://t.co/ux7T2QNmSb",
            "tweet": "mannheim, live on tour. "
        },
        {
            "date": "2017-05-13 07:00:37+00:00",
            "tweet_raw": "Hi, i'm playing a show in London tonight. Tickets are available now, details here.. \nhttps://t.co/iu0yKzMJse\nSee you later. H",
            "tweet": "hi, i'm playing a show in london tonight. tickets are available now, details here.. \n\nsee you later. h"
        },
        {
            "date": "2016-02-03 16:59:12+00:00",
            "tweet_raw": "Thank you for your kind gift, I saw it and I think you're amazing. Thank you. H",
            "tweet": "thank you for your kind gift, i saw it and i think you're amazing. thank you. h"
        },
        {
            "date": "2018-04-03 16:41:15+00:00",
            "tweet_raw": "Milan, Live On Tour. https://t.co/g9sr0k12hS",
            "tweet": "milan, live on tour. "
        },
        {
            "date": "2015-11-11 23:47:47+00:00",
            "tweet_raw": "What A Feeling.\n\nhttps://t.co/E8IoPKGEpI",
            "tweet": "what a feeling.\n\n"
        },
        {
            "date": "2015-11-23 23:32:46+00:00",
            "tweet_raw": "Thanks to @TheAMAs for having us yesterday. And to everyone who voted, thank you so much. You are lovely. H",
            "tweet": "thanks to  for having us yesterday. and to everyone who voted, thank you so much. you are lovely. h"
        },
        {
            "date": "2018-03-15 15:46:15+00:00",
            "tweet_raw": "Basel, Live On Tour. https://t.co/uwGqjAoLXa",
            "tweet": "basel, live on tour. "
        },
        {
            "date": "2020-10-26 16:05:03+00:00",
            "tweet_raw": "GOLDEN. OUT NOW.\nhttps://t.co/HlUqLOcmDx https://t.co/VDFY3A1mnt",
            "tweet": "golden. out now.\n "
        },
        {
            "date": "2016-01-20 09:07:31+00:00",
            "tweet_raw": "So sad to hear more terrible news from Peshawar. Sending love to everyone there. H",
            "tweet": "so sad to hear more terrible news from peshawar. sending love to everyone there. h"
        },
        {
            "date": "2017-05-11 23:13:58+00:00",
            "tweet_raw": "// HARRY STYLES //\n\nOUT NOW.\n\nhttps://t.co/uvgPgTd9Ki",
            "tweet": "// harry styles //\n\nout now.\n\n"
        },
        {
            "date": "2017-05-11 23:13:58+00:00",
            "tweet_raw": "// HARRY STYLES //\n\nOUT NOW.\n\nhttps://t.co/uvgPgTd9Ki",
            "tweet": "// harry styles //\n\nout now.\n\n"
        },
        {
            "date": "2016-07-23 11:55:53+00:00",
            "tweet_raw": "Six years. I have no idea how to say thank you for all your support. For everything you are, and everything you've done, thank you. H",
            "tweet": "six years. i have no idea how to say thank you for all your support. for everything you are, and everything you've done, thank you. h"
        },
        {
            "date": "2016-03-14 14:42:05+00:00",
            "tweet_raw": "Burgers.",
            "tweet": "burgers."
        },
        {
            "date": "2015-11-06 18:04:09+00:00",
            "tweet_raw": "One week.",
            "tweet": "one week."
        },
        {
            "date": "2019-02-02 04:15:56+00:00",
            "tweet_raw": "Thank you for all the birthday nice. You\u2019re all wonderful, and I love you. H",
            "tweet": "thank you for all the birthday nice. you\u2019re all wonderful, and i love you. h"
        },
        {
            "date": "2017-09-19 16:38:09+00:00",
            "tweet_raw": "Live On Tour. Day One.\nI can't wait to see you all, I love you. \nSan Francisco, I'll see you in a bit. H",
            "tweet": "live on tour. day one.\ni can't wait to see you all, i love you. \nsan francisco, i'll see you in a bit. h"
        },
        {
            "date": "2017-11-04 11:03:23+00:00",
            "tweet_raw": "// NOVEMBER.8 // BEAU // KIWI KIWI KIWI \nKIWI KIWI KIWI KIWI KIWI KIWI KIWI KIWI KIWI. https://t.co/VRduJcWxfA",
            "tweet": "// november.8 // beau // kiwi kiwi kiwi \nkiwi kiwi kiwi kiwi kiwi kiwi kiwi kiwi kiwi. "
        },
        {
            "date": "2015-12-10 15:24:52+00:00",
            "tweet_raw": "At the BBC Music Awards. Thanks for having us, lovely spread you've put on.",
            "tweet": "at the bbc music awards. thanks for having us, lovely spread you've put on."
        },
        {
            "date": "2015-11-06 17:56:25+00:00",
            "tweet_raw": "@iceblastharry we're very proud of it. Hope you enjoy .x",
            "tweet": " we're very proud of it. hope you enjoy .x"
        },
        {
            "date": "2017-10-25 21:33:34+00:00",
            "tweet_raw": "Paris, you were perfect. The best start I could've asked for. Thank you for coming.\n\nThank you @whereisMUNA as always. \n\nI love you all. H",
            "tweet": "paris, you were perfect. the best start i could've asked for. thank you for coming.\n\nthank you  as always. \n\ni love you all. h"
        },
        {
            "date": "2017-11-23 16:05:11+00:00",
            "tweet_raw": "Singapore, you were very special tonight. Thank you for having me. I'll be looking forward to seeing you again soon. H",
            "tweet": "singapore, you were very special tonight. thank you for having me. i'll be looking forward to seeing you again soon. h"
        },
        {
            "date": "2018-06-19 21:45:33+00:00",
            "tweet_raw": "Boston, Live On Tour. https://t.co/lOdZyUgLwE",
            "tweet": "boston, live on tour. "
        },
        {
            "date": "2016-02-24 22:10:01+00:00",
            "tweet_raw": "Brit Awards. Thank you to everyone who voted. H https://t.co/LXVcfYSOCU",
            "tweet": "brit awards. thank you to everyone who voted. h "
        },
        {
            "date": "2018-03-07 00:07:15+00:00",
            "tweet_raw": "I love it when we play 1950.",
            "tweet": "i love it when we play 1950."
        },
        {
            "date": "2015-11-06 17:56:01+00:00",
            "tweet_raw": "@notgirlalmighty glad you like it. Thank you",
            "tweet": " glad you like it. thank you"
        },
        {
            "date": "2015-11-13 21:45:18+00:00",
            "tweet_raw": "Thinking of everyone in Paris.",
            "tweet": "thinking of everyone in paris."
        },
        {
            "date": "2019-05-12 15:15:43+00:00",
            "tweet_raw": "Two Years. Thank you for everything.\nI love you, truly. H \n\n#HS2Year",
            "tweet": "two years. thank you for everything.\ni love you, truly. h \n\n"
        },
        {
            "date": "2015-11-05 17:51:41+00:00",
            "tweet_raw": "@BrookesDreams thank you. I hope you enjoy the rest of it. H",
            "tweet": " thank you. i hope you enjoy the rest of it. h"
        },
        {
            "date": "2018-07-24 08:00:12+00:00",
            "tweet_raw": "Wow, Eight years has passed. Thank you for all the love, thank you for all the support. Thank you for everything. \nI love you. H",
            "tweet": "wow, eight years has passed. thank you for all the love, thank you for all the support. thank you for everything. \ni love you. h"
        },
        {
            "date": "2018-04-13 17:19:44+00:00",
            "tweet_raw": "London Two, Live On Tour. https://t.co/YAYS7CO6cv",
            "tweet": "london two, live on tour. "
        },
        {
            "date": "2016-03-05 21:09:30+00:00",
            "tweet_raw": "@Cuni__ I hope that you are fine also. H",
            "tweet": " i hope that you are fine also. h"
        },
        {
            "date": "2017-07-24 03:04:09+00:00",
            "tweet_raw": "1. Thank you.\n2. Thank you.\n3. Thank you.\n4. Thank you.\n5. Thank you.\n6. Thank you.\n7. Thank you. \n\nLove you. H",
            "tweet": "1. thank you.\n2. thank you.\n3. thank you.\n4. thank you.\n5. thank you.\n6. thank you.\n7. thank you. \n\nlove you. h"
        },
        {
            "date": "2015-12-02 07:05:29+00:00",
            "tweet_raw": "Thank you to @iHeartRadio and everyone at the show in Dallas tonight for having us. You were very lovely. H",
            "tweet": "thank you to  and everyone at the show in dallas tonight for having us. you were very lovely. h"
        },
        {
            "date": "2018-07-01 20:32:12+00:00",
            "tweet_raw": "Chicago, Live On Tour. https://t.co/7XTPtGfecV",
            "tweet": "chicago, live on tour. "
        },
        {
            "date": "2016-04-21 18:47:38+00:00",
            "tweet_raw": "Rest In Peace Prince.",
            "tweet": "rest in peace prince."
        },
        {
            "date": "2017-09-13 07:45:18+00:00",
            "tweet_raw": "I went to the @BBCR1 live lounge to play some songs. Thanks for having me. Love you. H \n\nhttps://t.co/jRchIvYzzG",
            "tweet": "i went to the  live lounge to play some songs. thanks for having me. love you. h \n\n"
        },
        {
            "date": "2018-04-13 17:19:44+00:00",
            "tweet_raw": "London Two, Live On Tour. https://t.co/YAYS7CO6cv",
            "tweet": "london two, live on tour. "
        },
        {
            "date": "2017-11-08 13:12:18+00:00",
            "tweet_raw": "https://t.co/vC88oTlWxm\n\n// KIWI KIWI KIWI KIWI KIWI KIWI // https://t.co/YYJkDwVu6S",
            "tweet": "\n\n// kiwi kiwi kiwi kiwi kiwi kiwi // "
        },
        {
            "date": "2018-04-03 16:41:15+00:00",
            "tweet_raw": "Milan, Live On Tour. https://t.co/g9sr0k12hS",
            "tweet": "milan, live on tour. "
        },
        {
            "date": "2018-06-04 00:16:47+00:00",
            "tweet_raw": "Mexico City Two, Live On Tour. https://t.co/3NHbLokFnP",
            "tweet": "mexico city two, live on tour. "
        },
        {
            "date": "2017-09-30 19:23:57+00:00",
            "tweet_raw": "Radio City Music Hall was wonderful, thanks for having us New York City. \nReally love you. H",
            "tweet": "radio city music hall was wonderful, thanks for having us new york city. \nreally love you. h"
        },
        {
            "date": "2017-01-23 00:04:37+00:00",
            "tweet_raw": "Yesterday was amazing. Unity and love. Always equal. H",
            "tweet": "yesterday was amazing. unity and love. always equal. h"
        },
        {
            "date": "2016-01-11 10:34:12+00:00",
            "tweet_raw": "RIP. David Bowie. An icon. https://t.co/YI7NSxLitg",
            "tweet": "rip. david bowie. an icon. "
        },
        {
            "date": "2017-11-02 14:50:38+00:00",
            "tweet_raw": "Manchester, thank you for having me last night. It's always nice to come home. H https://t.co/dUVJdajAr2",
            "tweet": "manchester, thank you for having me last night. it's always nice to come home. h "
        },
        {
            "date": "2016-03-14 14:42:05+00:00",
            "tweet_raw": "Burgers.",
            "tweet": "burgers."
        },
        {
            "date": "2022-05-02 21:01:00+00:00",
            "tweet_raw": "Harry\u2019s House Live From New York. May 20th. https://t.co/Mx4ZkbCdb3",
            "tweet": "harry\u2019s house live from new york. may 20th. "
        },
        {
            "date": "2017-06-08 13:52:18+00:00",
            "tweet_raw": "/ / MORE TOUR / / \n\nhttps://t.co/H3YK0AB1qo https://t.co/V46Q49vjJ3",
            "tweet": "/ / more tour / / \n\n "
        },
        {
            "date": "2017-03-25 20:54:44+00:00",
            "tweet_raw": "Just posted a photo https://t.co/9sPB2Ry3um",
            "tweet": "just posted a photo "
        },
        {
            "date": "2018-02-01 23:45:19+00:00",
            "tweet_raw": "Thank you for the birthday love, for doing wonderful things and being wonderful. Love you. H",
            "tweet": "thank you for the birthday love, for doing wonderful things and being wonderful. love you. h"
        },
        {
            "date": "2021-11-30 15:47:56+00:00",
            "tweet_raw": "This tour felt like the celebration of coming back together. I won\u2019t ever forget it. Thank you all so much for the love, I\u2019ll see you very soon. Treat people with kindness. Goodbye for now. I love you all. H",
            "tweet": "this tour felt like the celebration of coming back together. i won\u2019t ever forget it. thank you all so much for the love, i\u2019ll see you very soon. treat people with kindness. goodbye for now. i love you all. h"
        },
        {
            "date": "2015-11-09 16:27:38+00:00",
            "tweet_raw": "I told her that I loved her, I'm not sure if she heard. \n\nhttps://t.co/E8IoPKGEpI",
            "tweet": "i told her that i loved her, i'm not sure if she heard. \n\n"
        },
        {
            "date": "2018-03-20 10:24:50+00:00",
            "tweet_raw": "Copenhagen, Live On Tour. https://t.co/jFtVq97fJd",
            "tweet": "copenhagen, live on tour. "
        },
        {
            "date": "2022-05-05 19:02:28+00:00",
            "tweet_raw": "Love On Tour 2022. North America. https://t.co/ikK7lgYEfF",
            "tweet": "love on tour 2022. north america. "
        },
        {
            "date": "2015-11-01 12:03:47+00:00",
            "tweet_raw": "We have been very lucky to work with an amazing crew throughout the last five years of touring. To all of you, thank you for everything.",
            "tweet": "we have been very lucky to work with an amazing crew throughout the last five years of touring. to all of you, thank you for everything."
        },
        {
            "date": "2016-02-05 23:36:49+00:00",
            "tweet_raw": "Beach, don't kill my Vibe.",
            "tweet": "beach, don't kill my vibe."
        },
        {
            "date": "2015-11-13 08:12:43+00:00",
            "tweet_raw": "@SarahsKitchen01 thank you Sarah. Miss you too much already. H",
            "tweet": " thank you sarah. miss you too much already. h"
        },
        {
            "date": "2015-11-12 12:08:23+00:00",
            "tweet_raw": "Very excited for everyone to hear the album tomorrow. So happy people seem to like what they've heard so far. Love.",
            "tweet": "very excited for everyone to hear the album tomorrow. so happy people seem to like what they've heard so far. love."
        },
        {
            "date": "2021-11-15 16:05:04+00:00",
            "tweet_raw": "Find your Pleasing. https://t.co/tYWH15C9rG",
            "tweet": "find your pleasing. "
        },
        {
            "date": "2018-04-08 17:10:31+00:00",
            "tweet_raw": "Birmingham, Live On Tour. https://t.co/eASCrdsMpZ",
            "tweet": "birmingham, live on tour. "
        },
        {
            "date": "2017-10-02 13:10:52+00:00",
            "tweet_raw": "Woke up to the heartbreaking news from Las Vegas, my thoughts are with everyone and their families. Love. H",
            "tweet": "woke up to the heartbreaking news from las vegas, my thoughts are with everyone and their families. love. h"
        }
    ],
    "len": 100
}