{
    "account": "@jtimberlake",
    "type": "Pop",
    "tweets": [
        {
            "date": "2019-09-12 12:08:56+00:00",
            "tweet_raw": "As #HurricaneDorian rescue and relief efforts continue, I\u2019m proud to join in the One Bahamas Fund to restore and rebuild. We\u2019re matching dollar for dollar the next $6 million raised. Repost this, spread the word, give if you can. \ud83d\ude4f\nhttps://t.co/iWxiaMCO7d https://t.co/DtSGNOx5yg",
            "tweet": "as  rescue and relief efforts continue, i\u2019m proud to join in the one bahamas fund to restore and rebuild. we\u2019re matching dollar for dollar the next $6 million raised. repost this, spread the word, give if you can. \ud83d\ude4f\n "
        },
        {
            "date": "2019-03-12 18:20:14+00:00",
            "tweet_raw": "Pilgrimage is back for its 5th Year y\u2019all... so get out to Franklin, TN this September. It\u2019s gonna be nuts. Check out the lineup \ud83d\ude4c https://t.co/4h8L6j9n5f https://t.co/rCYAmw4rdG",
            "tweet": "pilgrimage is back for its 5th year y\u2019all... so get out to franklin, tn this september. it\u2019s gonna be nuts. check out the lineup \ud83d\ude4c  "
        },
        {
            "date": "2019-06-06 03:10:16+00:00",
            "tweet_raw": "The duet is named... Barbara Fett. \n@ludwiggoransson https://t.co/Q5mbBhzC0b https://t.co/W3fahgPSZK",
            "tweet": "the duet is named... barbara fett. \n  "
        },
        {
            "date": "2020-02-26 11:05:45+00:00",
            "tweet_raw": "THE OTHER SIDE OUT NOW \ud83d\udc8e\nhttps://t.co/hYqCGSZwGm\n\nVideo dropping 8am PT/ 11am ET https://t.co/DEBgRQ3Tzf",
            "tweet": "the other side out now \ud83d\udc8e\n\n\nvideo dropping 8am pt/ 11am et "
        },
        {
            "date": "2020-02-07 05:57:04+00:00",
            "tweet_raw": ".@MeekMill @robknox_ https://t.co/Y02tFtulvG",
            "tweet": ".  "
        },
        {
            "date": "2019-06-07 01:40:58+00:00",
            "tweet_raw": "Here we go... https://t.co/ijJYAzIEZN",
            "tweet": "here we go... "
        },
        {
            "date": "2019-09-28 17:07:15+00:00",
            "tweet_raw": "Ready for this \ud83d\udcaf @TheIrishmanFilm https://t.co/Qn7yO6UW3I",
            "tweet": "ready for this \ud83d\udcaf  "
        },
        {
            "date": "2018-10-30 23:53:52+00:00",
            "tweet_raw": "HINDSIGHT is out TODAY! \nhttps://t.co/NZWRraEpCM https://t.co/ebzNL0DCxG",
            "tweet": "hindsight is out today! \n "
        },
        {
            "date": "2019-11-14 14:59:50+00:00",
            "tweet_raw": "#TrollsWorldTour \ud83e\udd18 New trailer drops in ONE HOUR https://t.co/zylxywguSi",
            "tweet": " \ud83e\udd18 new trailer drops in one hour "
        },
        {
            "date": "2018-10-23 21:44:47+00:00",
            "tweet_raw": "@RealHughJackman @WattsUpPhoto sound ON \ud83d\udd08",
            "tweet": "  sound on \ud83d\udd08"
        },
        {
            "date": "2018-10-19 18:21:03+00:00",
            "tweet_raw": "\ud83d\udcaf https://t.co/Jl3uZePMEq",
            "tweet": "\ud83d\udcaf "
        },
        {
            "date": "2018-11-18 22:38:01+00:00",
            "tweet_raw": "Sunday Times \ud83d\ude4c #HINDSIGHT \n\nhttps://t.co/8HEQJhQhuT https://t.co/MoT4SjzJLb",
            "tweet": "sunday times \ud83d\ude4c  \n\n "
        },
        {
            "date": "2018-10-07 05:05:14+00:00",
            "tweet_raw": "Hope you got your phone back after this \ud83e\udd19 #VZUp @verizon \n\nhttps://t.co/7R5JB30aYN https://t.co/lLADlqXhsn",
            "tweet": "hope you got your phone back after this \ud83e\udd19   \n\n "
        },
        {
            "date": "2021-09-09 02:31:39+00:00",
            "tweet_raw": "SUMMER LOVE??? OH OKAY",
            "tweet": "summer love??? oh okay"
        },
        {
            "date": "2019-04-10 18:06:48+00:00",
            "tweet_raw": "\ud83e\udd19 https://t.co/AtoCbuovPl",
            "tweet": "\ud83e\udd19 "
        },
        {
            "date": "2018-11-01 13:03:58+00:00",
            "tweet_raw": "\ud83d\ude4c https://t.co/ZqysAVBPo5",
            "tweet": "\ud83d\ude4c "
        },
        {
            "date": "2019-06-21 15:49:57+00:00",
            "tweet_raw": "We\u2019re back \ud83e\udd18 #TrollsWorldTour @Trolls @AnnaKendrick47 @AndersonPaak @OzzyOsbourne @iconapop @maryjblige @flula @chancetherapper @kellyclarkson @RonFunches @JKCorden @GustavoDudamel @JBALVIN https://t.co/KCjOVhEFKe",
            "tweet": "we\u2019re back \ud83e\udd18               "
        },
        {
            "date": "2019-01-20 10:47:15+00:00",
            "tweet_raw": "\ud83d\udca7too nice not to post... @virgilabloh strikes again. https://t.co/XLWzr0T542",
            "tweet": "\ud83d\udca7too nice not to post...  strikes again. "
        },
        {
            "date": "2018-09-23 04:03:10+00:00",
            "tweet_raw": "Tonight @ShawnMendes @iHeartFestival https://t.co/hyUgiXTa2A",
            "tweet": "tonight   "
        },
        {
            "date": "2018-10-20 16:50:19+00:00",
            "tweet_raw": "Congrats to @ellenpompeo, @Yarashahidi, @WillAndGrace\u2019s @MaxMutchnick &amp; David Kohan, @20thCenturyFox Films, and Student Advocate of the Year Ruby Noboa -  for being honored last night  at the @glsen #RespectAwards. We have to support safe schools for #LGBTQ youth! \ud83d\ude4c",
            "tweet": "congrats to , , \u2019s  &amp; david kohan,  films, and student advocate of the year ruby noboa -  for being honored last night  at the  . we have to support safe schools for  youth! \ud83d\ude4c"
        },
        {
            "date": "2020-02-13 15:07:06+00:00",
            "tweet_raw": "#TrollsWorldTour \ud83e\udd18 @Trolls https://t.co/KosBpp8xn6",
            "tweet": " \ud83e\udd18  "
        },
        {
            "date": "2020-02-26 18:38:28+00:00",
            "tweet_raw": "\ud83d\udc8e\ud83d\udc8e\ud83d\udc8e https://t.co/kbz2RlkpC2",
            "tweet": "\ud83d\udc8e\ud83d\udc8e\ud83d\udc8e "
        },
        {
            "date": "2019-03-29 20:16:49+00:00",
            "tweet_raw": "Get some, @JessicaBiel \ud83d\ude33\n\nhttps://t.co/1hxs8Jjb1R https://t.co/6yVT90Bhna",
            "tweet": "get some,  \ud83d\ude33\n\n "
        },
        {
            "date": "2019-01-08 03:16:59+00:00",
            "tweet_raw": "IT\u2019S ALL IN THE HIPS #happygilmore \n\nhttps://t.co/VyCgA9nqZQ https://t.co/XPxJDustXF",
            "tweet": "it\u2019s all in the hips  \n\n "
        },
        {
            "date": "2020-03-10 14:39:49+00:00",
            "tweet_raw": "\ud83d\udc8e\ud83d\udc8e\ud83d\udc8e https://t.co/Im3bfvpIzj",
            "tweet": "\ud83d\udc8e\ud83d\udc8e\ud83d\udc8e "
        },
        {
            "date": "2020-02-26 16:17:12+00:00",
            "tweet_raw": "TURN THIS UP \ud83d\udc8e @sza https://t.co/92lCo6j5PA https://t.co/fbFrtSNXIX",
            "tweet": "turn this up \ud83d\udc8e   "
        },
        {
            "date": "2019-01-12 22:44:56+00:00",
            "tweet_raw": "Gotta show out in my hometown \ud83d\ude4c https://t.co/7AYmK2qwyk",
            "tweet": "gotta show out in my hometown \ud83d\ude4c "
        },
        {
            "date": "2020-12-17 15:18:27+00:00",
            "tweet_raw": "First look at #PALMER directed by Fisher Stevens (script by Cheryl Guerriero). This story is really important to me and I\u2019m proud to be part of it. Coming to @AppleTV JAN 29 \ud83d\ude4f\ud83c\udffb https://t.co/hNA1Af11wG",
            "tweet": "first look at  directed by fisher stevens (script by cheryl guerriero). this story is really important to me and i\u2019m proud to be part of it. coming to  jan 29 \ud83d\ude4f\ud83c\udffb "
        },
        {
            "date": "2018-10-03 21:05:55+00:00",
            "tweet_raw": "#VOTE! https://t.co/Vtad1cZuGY  @chadwickboseman @MarkRuffalo @DonCheadle @rosariodawson @ChrisEvans @ZoeKravitz @AMarch4OurLives https://t.co/o0rOt1TnNa",
            "tweet": "!          "
        },
        {
            "date": "2019-01-11 16:44:09+00:00",
            "tweet_raw": "EPIC! \ud83d\udd25@Tip Your city loves you. Thank you \ud83d\ude4c\ud83d\ude4c \n\nhttps://t.co/90ugmBWlPx https://t.co/9gLLxVx3ED",
            "tweet": "epic! \ud83d\udd25 your city loves you. thank you \ud83d\ude4c\ud83d\ude4c \n\n "
        },
        {
            "date": "2019-05-13 19:52:30+00:00",
            "tweet_raw": "\ud83d\ude4c @LEVIS https://t.co/QUreuuIFp7",
            "tweet": "\ud83d\ude4c  "
        },
        {
            "date": "2020-02-13 15:07:51+00:00",
            "tweet_raw": "That\u2019s a long list. I wanted to show it to you guys before anyone else, so HERE YOU GO. #TrollsWorldTour is coming very very soon \ud83e\udd18 @sza @AndersonPaak @ludwiggoransson @maryjblige @HAIMtheband @kellyclarkson @iconapop @AnnaKendrick47 @JKCorden https://t.co/vVbH1X42oG",
            "tweet": "that\u2019s a long list. i wanted to show it to you guys before anyone else, so here you go.  is coming very very soon \ud83e\udd18          "
        },
        {
            "date": "2020-04-10 17:10:32+00:00",
            "tweet_raw": "Yeeeeah https://t.co/5wTsEAa8Bl",
            "tweet": "yeeeeah "
        },
        {
            "date": "2019-04-03 22:02:42+00:00",
            "tweet_raw": "\ud83d\ude4c https://t.co/wvY8yD3wGl",
            "tweet": "\ud83d\ude4c "
        },
        {
            "date": "2019-05-11 22:53:11+00:00",
            "tweet_raw": "No Dream is too big!!! Keep chasing!!! Trust me... I\u2019m a DOCTOR!! \ud83e\udd23\ud83d\udc68\u200d\ud83c\udf93 But, for real... THANK YOU to @BerkleeCollege for this incredible honor\u2014I\u2019m very humbled and grateful. https://t.co/ShKdqDC2xn",
            "tweet": "no dream is too big!!! keep chasing!!! trust me... i\u2019m a doctor!! \ud83e\udd23\ud83d\udc68\u200d\ud83c\udf93 but, for real... thank you to  for this incredible honor\u2014i\u2019m very humbled and grateful. "
        },
        {
            "date": "2019-09-30 17:13:14+00:00",
            "tweet_raw": "@taykeith \ud83d\udc40",
            "tweet": " \ud83d\udc40"
        },
        {
            "date": "2019-11-09 16:02:37+00:00",
            "tweet_raw": "\ud83c\udf41\ud83c\udf41\ud83c\udf41 https://t.co/aOzDyJmIhl",
            "tweet": "\ud83c\udf41\ud83c\udf41\ud83c\udf41 "
        },
        {
            "date": "2019-04-03 22:02:42+00:00",
            "tweet_raw": "\ud83d\ude4c https://t.co/wvY8yD3wGl",
            "tweet": "\ud83d\ude4c "
        },
        {
            "date": "2020-02-13 15:07:06+00:00",
            "tweet_raw": "#TrollsWorldTour \ud83e\udd18 @Trolls https://t.co/KosBpp8xn6",
            "tweet": " \ud83e\udd18  "
        },
        {
            "date": "2019-01-11 16:44:09+00:00",
            "tweet_raw": "EPIC! \ud83d\udd25@Tip Your city loves you. Thank you \ud83d\ude4c\ud83d\ude4c \n\nhttps://t.co/90ugmBWlPx https://t.co/9gLLxVx3ED",
            "tweet": "epic! \ud83d\udd25 your city loves you. thank you \ud83d\ude4c\ud83d\ude4c \n\n "
        },
        {
            "date": "2018-11-24 15:48:34+00:00",
            "tweet_raw": "#Hindsight \ud83d\udc40 @BookSoup! Support your local shops today \ud83d\ude4c #SmallBusinessSaturday https://t.co/IYDNUq6eEW",
            "tweet": " \ud83d\udc40 ! support your local shops today \ud83d\ude4c  "
        },
        {
            "date": "2018-10-03 21:05:55+00:00",
            "tweet_raw": "#VOTE! https://t.co/Vtad1cZuGY  @chadwickboseman @MarkRuffalo @DonCheadle @rosariodawson @ChrisEvans @ZoeKravitz @AMarch4OurLives https://t.co/o0rOt1TnNa",
            "tweet": "!          "
        },
        {
            "date": "2019-01-05 23:31:08+00:00",
            "tweet_raw": "Feels good to be back #MOTWTOUR https://t.co/HiVV81dmFa https://t.co/TTpOUU7C36",
            "tweet": "feels good to be back   "
        },
        {
            "date": "2019-04-07 16:55:05+00:00",
            "tweet_raw": "3 shows left!! #MOTWTOUR https://t.co/bmUWfhz4eh",
            "tweet": "3 shows left!!  "
        },
        {
            "date": "2018-10-11 01:11:21+00:00",
            "tweet_raw": "Back in the 6 last night. Thank you Toronto. https://t.co/tbPm1oMUcq https://t.co/KPlaUQK70o",
            "tweet": "back in the 6 last night. thank you toronto.  "
        },
        {
            "date": "2020-02-07 06:01:00+00:00",
            "tweet_raw": "\ud83d\ude4f https://t.co/40MCsaPpoK",
            "tweet": "\ud83d\ude4f "
        },
        {
            "date": "2019-04-10 18:06:48+00:00",
            "tweet_raw": "\ud83e\udd19 https://t.co/AtoCbuovPl",
            "tweet": "\ud83e\udd19 "
        },
        {
            "date": "2020-02-13 15:07:51+00:00",
            "tweet_raw": "That\u2019s a long list. I wanted to show it to you guys before anyone else, so HERE YOU GO. #TrollsWorldTour is coming very very soon \ud83e\udd18 @sza @AndersonPaak @ludwiggoransson @maryjblige @HAIMtheband @kellyclarkson @iconapop @AnnaKendrick47 @JKCorden https://t.co/vVbH1X42oG",
            "tweet": "that\u2019s a long list. i wanted to show it to you guys before anyone else, so here you go.  is coming very very soon \ud83e\udd18          "
        },
        {
            "date": "2019-02-07 15:25:19+00:00",
            "tweet_raw": "Edmonton you brought the \ud83d\udd25 last night! We needed it! https://t.co/3nJV3qTYqP https://t.co/IJ49MrzcyM",
            "tweet": "edmonton you brought the \ud83d\udd25 last night! we needed it!  "
        },
        {
            "date": "2019-05-13 19:52:30+00:00",
            "tweet_raw": "\ud83d\ude4c @LEVIS https://t.co/QUreuuIFp7",
            "tweet": "\ud83d\ude4c  "
        },
        {
            "date": "2019-04-09 19:10:20+00:00",
            "tweet_raw": "\ud83d\udd25 @LEVIS https://t.co/4lofKXuAm8",
            "tweet": "\ud83d\udd25  "
        },
        {
            "date": "2018-11-01 00:45:38+00:00",
            "tweet_raw": "Out here fighting crime in these streets. https://t.co/VaFDtBCVY5",
            "tweet": "out here fighting crime in these streets. "
        },
        {
            "date": "2019-02-25 22:56:46+00:00",
            "tweet_raw": "Dude stole my fit. Thanks for coming out last night SACRAMENTO!\n\nhttps://t.co/BwMZSkdzJF https://t.co/V9V2p1sjzB",
            "tweet": "dude stole my fit. thanks for coming out last night sacramento!\n\n "
        },
        {
            "date": "2019-06-19 15:04:06+00:00",
            "tweet_raw": "@AnnaKendrick47 Nope @AnnaKendrick47, it\u2019s #TimeToRock \ud83e\udd18 https://t.co/k0EBm3oQlQ",
            "tweet": " nope , it\u2019s  \ud83e\udd18 "
        },
        {
            "date": "2020-02-13 15:07:51+00:00",
            "tweet_raw": "That\u2019s a long list. I wanted to show it to you guys before anyone else, so HERE YOU GO. #TrollsWorldTour is coming very very soon \ud83e\udd18 @sza @AndersonPaak @ludwiggoransson @maryjblige @HAIMtheband @kellyclarkson @iconapop @AnnaKendrick47 @JKCorden https://t.co/vVbH1X42oG",
            "tweet": "that\u2019s a long list. i wanted to show it to you guys before anyone else, so here you go.  is coming very very soon \ud83e\udd18          "
        },
        {
            "date": "2018-10-11 01:11:21+00:00",
            "tweet_raw": "Back in the 6 last night. Thank you Toronto. https://t.co/tbPm1oMUcq https://t.co/KPlaUQK70o",
            "tweet": "back in the 6 last night. thank you toronto.  "
        },
        {
            "date": "2019-08-15 22:47:44+00:00",
            "tweet_raw": "... @lizzo flames, brb https://t.co/TfuLYR9V4Q",
            "tweet": "...  flames, brb "
        },
        {
            "date": "2019-12-30 18:37:28+00:00",
            "tweet_raw": "What a year. Happy birthday @TigerWoods \ud83d\ude4c https://t.co/2sOSgU0KPa",
            "tweet": "what a year. happy birthday  \ud83d\ude4c "
        },
        {
            "date": "2019-06-07 01:40:58+00:00",
            "tweet_raw": "Here we go... https://t.co/ijJYAzIEZN",
            "tweet": "here we go... "
        },
        {
            "date": "2018-12-20 20:06:14+00:00",
            "tweet_raw": "That time again. Bring it down to Wrappingville. #TBT @nbcsnl @jimmyfallon https://t.co/iK8rJMXMcS",
            "tweet": "that time again. bring it down to wrappingville.    "
        },
        {
            "date": "2019-02-20 02:23:15+00:00",
            "tweet_raw": "Legend. Thank you @KarlLagerfeld for everything you gave to us. https://t.co/JDPfzoWFHf",
            "tweet": "legend. thank you  for everything you gave to us. "
        },
        {
            "date": "2020-02-26 16:17:12+00:00",
            "tweet_raw": "TURN THIS UP \ud83d\udc8e @sza https://t.co/92lCo6j5PA https://t.co/fbFrtSNXIX",
            "tweet": "turn this up \ud83d\udc8e   "
        },
        {
            "date": "2019-06-20 16:01:42+00:00",
            "tweet_raw": "Tonight @SpinTheWheelFOX 9pm \ud83c\udfa1\ud83d\ude4c https://t.co/o39fopxKrQ",
            "tweet": "tonight  9pm \ud83c\udfa1\ud83d\ude4c "
        },
        {
            "date": "2019-10-03 14:07:12+00:00",
            "tweet_raw": "Pre-show warmup. If you know, you know. https://t.co/t6NmGghoSI",
            "tweet": "pre-show warmup. if you know, you know. "
        },
        {
            "date": "2018-11-08 21:43:32+00:00",
            "tweet_raw": "\ud83d\ude4c https://t.co/bZCcC8Q1f2",
            "tweet": "\ud83d\ude4c "
        },
        {
            "date": "2020-02-08 17:45:22+00:00",
            "tweet_raw": "I wanna know. Tell us what you #Believe in. Retweeting you too. https://t.co/SJhitlV8rz",
            "tweet": "i wanna know. tell us what you  in. retweeting you too. "
        },
        {
            "date": "2018-10-23 17:12:33+00:00",
            "tweet_raw": "Backstage at @TheGarden... with a copy of MY BOOK. It\u2019s coming out in a week! You can pre-order it right here \u2014&gt;  https://t.co/NZWRraEpCM #HINDSIGHT https://t.co/pdc1xoBFII",
            "tweet": "backstage at ... with a copy of my book. it\u2019s coming out in a week! you can pre-order it right here \u2014&gt;    "
        },
        {
            "date": "2019-01-11 16:44:09+00:00",
            "tweet_raw": "EPIC! \ud83d\udd25@Tip Your city loves you. Thank you \ud83d\ude4c\ud83d\ude4c \n\nhttps://t.co/90ugmBWlPx https://t.co/9gLLxVx3ED",
            "tweet": "epic! \ud83d\udd25 your city loves you. thank you \ud83d\ude4c\ud83d\ude4c \n\n "
        },
        {
            "date": "2019-03-04 01:09:58+00:00",
            "tweet_raw": "My partner in this thang called life... you are the most wonderful human I have ever met. You make me smile, laugh, and love life more than I knew I could. I cherish every moment with you. Happy Birthday, you GOD OF ALL SMOKE SHOWS!!\n\nhttps://t.co/bGohRSWu8e https://t.co/8AzforjenT",
            "tweet": "my partner in this thang called life... you are the most wonderful human i have ever met. you make me smile, laugh, and love life more than i knew i could. i cherish every moment with you. happy birthday, you god of all smoke shows!!\n\n "
        },
        {
            "date": "2020-02-26 16:17:12+00:00",
            "tweet_raw": "TURN THIS UP \ud83d\udc8e @sza https://t.co/92lCo6j5PA https://t.co/fbFrtSNXIX",
            "tweet": "turn this up \ud83d\udc8e   "
        },
        {
            "date": "2018-08-16 15:47:47+00:00",
            "tweet_raw": "This is the face of a young man who couldn't believe he was actually singing with the GREATEST OF ALL TIME. Thank you, Ms. Franklin for blessing us with your incomparable gift. Honored to have shared the stage with you even for a moment. Always bowing down to you. #QueenofSoul https://t.co/4bZVAWcqeS",
            "tweet": "this is the face of a young man who couldn't believe he was actually singing with the greatest of all time. thank you, ms. franklin for blessing us with your incomparable gift. honored to have shared the stage with you even for a moment. always bowing down to you.  "
        },
        {
            "date": "2019-04-14 17:18:31+00:00",
            "tweet_raw": "Wow. 115 shows, wrapped. THANK YOU to every single person on and off stage who kept us running for the past year and a half... and huge thank you to all of you who came out to see us. You guys are the best fans in the world. Can\u2019t believe it\u2019s over \ud83e\udd19#MOTWTOUR https://t.co/yKSXRK0vam",
            "tweet": "wow. 115 shows, wrapped. thank you to every single person on and off stage who kept us running for the past year and a half... and huge thank you to all of you who came out to see us. you guys are the best fans in the world. can\u2019t believe it\u2019s over \ud83e\udd19 "
        },
        {
            "date": "2021-05-12 11:24:32+00:00",
            "tweet_raw": "#1!!!!! @djkhaled \ud83d\ude4f\ud83c\udffb #KHALEDKHALED https://t.co/EzGjuU12B7",
            "tweet": "!!!!!  \ud83d\ude4f\ud83c\udffb  "
        },
        {
            "date": "2018-12-15 22:56:48+00:00",
            "tweet_raw": "Me, as an adult. \n\nhttps://t.co/zKI4D6zmzb https://t.co/Iy4Gt68jmE",
            "tweet": "me, as an adult. \n\n "
        },
        {
            "date": "2019-09-26 12:57:35+00:00",
            "tweet_raw": "When they ask you to hit a hickory wood club from the 1800s and you stripe it down 18 aka for my non-golfers: I hit the ball with an old ass club and it was chill. https://t.co/HQlnrQ92uE",
            "tweet": "when they ask you to hit a hickory wood club from the 1800s and you stripe it down 18 aka for my non-golfers: i hit the ball with an old ass club and it was chill. "
        },
        {
            "date": "2018-08-18 01:04:48+00:00",
            "tweet_raw": "Last night in Zurich. Only three stops left on the European leg of #MOTWTOUR...\n\nhttps://t.co/DWJoo2DPGz https://t.co/yiatF0Ivg4",
            "tweet": "last night in zurich. only three stops left on the european leg of ...\n\n "
        },
        {
            "date": "2018-10-29 15:45:22+00:00",
            "tweet_raw": "\ud83d\ude4c https://t.co/Jl3uZeybMS",
            "tweet": "\ud83d\ude4c "
        },
        {
            "date": "2019-04-03 22:02:42+00:00",
            "tweet_raw": "\ud83d\ude4c https://t.co/wvY8yD3wGl",
            "tweet": "\ud83d\ude4c "
        },
        {
            "date": "2019-04-01 22:40:11+00:00",
            "tweet_raw": "My new @LEVIS collection just dropped. https://t.co/Jp0PYWSJBH https://t.co/y11CTojyDT",
            "tweet": "my new  collection just dropped.  "
        },
        {
            "date": "2020-03-11 17:00:46+00:00",
            "tweet_raw": ".@TheEllenShow you\u2019re the kindest, sweetest, most generous, and most love-spreading. ALSO, you got moves\ud83d\udd7a\ud83c\udffc\ud83d\udcaf\n\n... Spread some love . Tweet a compliment to a friend using\u00a0 #TrollingForGood and @Trolls will donate $1 per tweet to @littlekidsrock up to $50K.",
            "tweet": ". you\u2019re the kindest, sweetest, most generous, and most love-spreading. also, you got moves\ud83d\udd7a\ud83c\udffc\ud83d\udcaf\n\n... spread some love . tweet a compliment to a friend using\u00a0  and  will donate $1 per tweet to  up to $50k."
        },
        {
            "date": "2019-01-26 19:37:37+00:00",
            "tweet_raw": "\ud83d\ude4c https://t.co/dxWLcFGe2N",
            "tweet": "\ud83d\ude4c "
        },
        {
            "date": "2019-05-13 19:49:52+00:00",
            "tweet_raw": "\ud83d\ude02 https://t.co/IZrW34xHjB",
            "tweet": "\ud83d\ude02 "
        },
        {
            "date": "2021-01-26 17:14:39+00:00",
            "tweet_raw": "#PALMER is coming out this Friday 1/29 on @AppleTV \ud83d\ude4f\ud83c\udffb https://t.co/tmy5LXWyBo",
            "tweet": " is coming out this friday 1/29 on  \ud83d\ude4f\ud83c\udffb "
        },
        {
            "date": "2019-01-14 00:26:36+00:00",
            "tweet_raw": "No place like home \n\nhttps://t.co/8fGD4Mq5nT https://t.co/AfIV1yPjQ0",
            "tweet": "no place like home \n\n "
        },
        {
            "date": "2018-10-30 00:27:38+00:00",
            "tweet_raw": "TOMORROW \ud83d\ude4c #Hindsight \nhttps://t.co/NZWRraEpCM",
            "tweet": "tomorrow \ud83d\ude4c  \n"
        },
        {
            "date": "2019-12-30 18:37:28+00:00",
            "tweet_raw": "What a year. Happy birthday @TigerWoods \ud83d\ude4c https://t.co/2sOSgU0KPa",
            "tweet": "what a year. happy birthday  \ud83d\ude4c "
        },
        {
            "date": "2020-02-26 18:38:28+00:00",
            "tweet_raw": "\ud83d\udc8e\ud83d\udc8e\ud83d\udc8e https://t.co/kbz2RlkpC2",
            "tweet": "\ud83d\udc8e\ud83d\udc8e\ud83d\udc8e "
        },
        {
            "date": "2020-02-07 06:01:00+00:00",
            "tweet_raw": "\ud83d\ude4f https://t.co/40MCsaPpoK",
            "tweet": "\ud83d\ude4f "
        },
        {
            "date": "2020-04-12 00:53:39+00:00",
            "tweet_raw": "my new movie #TrollsWorldTour came out yesterday...and now it's time for our online #SocialDistancing party. here's my @MostRequestLive @iHeartRadio @AskAnythingChat. thanks to @OnAirRomeo for setting this up. https://t.co/57hCSB5lar #TheOtherSide @sza",
            "tweet": "my new movie  came out yesterday...and now it's time for our online  party. here's my   . thanks to  for setting this up.   "
        },
        {
            "date": "2018-10-03 21:05:55+00:00",
            "tweet_raw": "#VOTE! https://t.co/Vtad1cZuGY  @chadwickboseman @MarkRuffalo @DonCheadle @rosariodawson @ChrisEvans @ZoeKravitz @AMarch4OurLives https://t.co/o0rOt1TnNa",
            "tweet": "!          "
        },
        {
            "date": "2018-12-15 22:56:48+00:00",
            "tweet_raw": "Me, as an adult. \n\nhttps://t.co/zKI4D6zmzb https://t.co/Iy4Gt68jmE",
            "tweet": "me, as an adult. \n\n "
        },
        {
            "date": "2019-09-12 12:08:56+00:00",
            "tweet_raw": "As #HurricaneDorian rescue and relief efforts continue, I\u2019m proud to join in the One Bahamas Fund to restore and rebuild. We\u2019re matching dollar for dollar the next $6 million raised. Repost this, spread the word, give if you can. \ud83d\ude4f\nhttps://t.co/iWxiaMCO7d https://t.co/DtSGNOx5yg",
            "tweet": "as  rescue and relief efforts continue, i\u2019m proud to join in the one bahamas fund to restore and rebuild. we\u2019re matching dollar for dollar the next $6 million raised. repost this, spread the word, give if you can. \ud83d\ude4f\n "
        },
        {
            "date": "2021-05-05 01:21:21+00:00",
            "tweet_raw": "My brothers. \ud83d\ude4f\ud83c\udffb @djkhaled @Timbaland @THEREALSWIZZZ https://t.co/8ByHo8Feel",
            "tweet": "my brothers. \ud83d\ude4f\ud83c\udffb    "
        },
        {
            "date": "2019-09-12 12:08:56+00:00",
            "tweet_raw": "As #HurricaneDorian rescue and relief efforts continue, I\u2019m proud to join in the One Bahamas Fund to restore and rebuild. We\u2019re matching dollar for dollar the next $6 million raised. Repost this, spread the word, give if you can. \ud83d\ude4f\nhttps://t.co/iWxiaMCO7d https://t.co/DtSGNOx5yg",
            "tweet": "as  rescue and relief efforts continue, i\u2019m proud to join in the one bahamas fund to restore and rebuild. we\u2019re matching dollar for dollar the next $6 million raised. repost this, spread the word, give if you can. \ud83d\ude4f\n "
        },
        {
            "date": "2020-02-07 20:39:00+00:00",
            "tweet_raw": "BELIEVE https://t.co/AVbmQmgp9M https://t.co/4ZjeuV46vr",
            "tweet": "believe  "
        },
        {
            "date": "2020-02-26 16:17:12+00:00",
            "tweet_raw": "TURN THIS UP \ud83d\udc8e @sza https://t.co/92lCo6j5PA https://t.co/fbFrtSNXIX",
            "tweet": "turn this up \ud83d\udc8e   "
        },
        {
            "date": "2020-02-07 06:01:00+00:00",
            "tweet_raw": "\ud83d\ude4f https://t.co/40MCsaPpoK",
            "tweet": "\ud83d\ude4f "
        },
        {
            "date": "2018-09-27 19:09:32+00:00",
            "tweet_raw": "Backstage #MOTWTOUR \nhttps://t.co/TaeRjroGI1 https://t.co/IVQLoxbmah",
            "tweet": "backstage  \n "
        },
        {
            "date": "2018-12-20 20:06:14+00:00",
            "tweet_raw": "That time again. Bring it down to Wrappingville. #TBT @nbcsnl @jimmyfallon https://t.co/iK8rJMXMcS",
            "tweet": "that time again. bring it down to wrappingville.    "
        },
        {
            "date": "2020-02-08 17:46:50+00:00",
            "tweet_raw": "@Swamps81 Yep",
            "tweet": " yep"
        }
    ],
    "len": 100
}