{
    "account": "@justinbieber",
    "type": "Pop",
    "tweets": [
        {
            "date": "2021-03-11 16:14:42+00:00",
            "tweet_raw": "Thanks @billboard https://t.co/qx7rSN8EzO",
            "tweet": "thanks  "
        },
        {
            "date": "2021-03-18 19:00:57+00:00",
            "tweet_raw": "In honor of #Justice I\u2019m supporting organizations that embody what justice looks like in action\n\n@AntiRecidivism @AHouse_LA @ComptonPledge @baby2baby @eji_org @LIFTCommunities @SHG1970 @TheKingCenter #ThisIsAboutHumanity @UniteThePoor\n\nYou can help too https://t.co/d8BSjXa3LG https://t.co/yAMc6Ag6BG",
            "tweet": "in honor of  i\u2019m supporting organizations that embody what justice looks like in action\n\n         \n\nyou can help too  "
        },
        {
            "date": "2021-03-19 03:04:57+00:00",
            "tweet_raw": "Less than an hour #JusticeTheAlbum",
            "tweet": "less than an hour "
        },
        {
            "date": "2021-03-15 21:21:06+00:00",
            "tweet_raw": "\ud83c\udf51 https://t.co/VAg9Nsqyl3",
            "tweet": "\ud83c\udf51 "
        },
        {
            "date": "2021-02-26 17:01:17+00:00",
            "tweet_raw": "I know that I cannot simply solve injustice by making music but I do know that if we all do our part by using our gifts to serve this planet and each other that we are that much closer to being united",
            "tweet": "i know that i cannot simply solve injustice by making music but i do know that if we all do our part by using our gifts to serve this planet and each other that we are that much closer to being united"
        },
        {
            "date": "2021-03-20 19:24:12+00:00",
            "tweet_raw": "You guys wanted Red Eye. On my store https://t.co/bcThKNn8W4",
            "tweet": "you guys wanted red eye. on my store "
        },
        {
            "date": "2021-03-19 21:52:14+00:00",
            "tweet_raw": "I get the feeling so I\u2019m sure\nhttps://t.co/QYM0D72iXc https://t.co/0sEYg3LxQY",
            "tweet": "i get the feeling so i\u2019m sure\n "
        },
        {
            "date": "2021-01-01 04:42:11+00:00",
            "tweet_raw": "Can\u2019t wait to celebrate new years with you. Going on stage 8:45",
            "tweet": "can\u2019t wait to celebrate new years with you. going on stage 8:45"
        },
        {
            "date": "2020-11-20 04:49:02+00:00",
            "tweet_raw": "About to go live on YouTube @ShawnMendes https://t.co/5o11qhHAk0",
            "tweet": "about to go live on youtube  "
        },
        {
            "date": "2021-03-12 19:31:49+00:00",
            "tweet_raw": "ONE WEEK #Justice \nhttps://t.co/VSc6FCWSVs https://t.co/J7fZfXHpfJ",
            "tweet": "one week  \n "
        },
        {
            "date": "2020-12-04 16:56:47+00:00",
            "tweet_raw": "That time of year... \nhttps://t.co/uMJKBWwLbc https://t.co/suIB5DEFZY",
            "tweet": "that time of year... \n "
        },
        {
            "date": "2021-03-14 16:54:18+00:00",
            "tweet_raw": "5 DAYS #Justice \nhttps://t.co/1wsGnVKxuq https://t.co/zHgWlsCIIo",
            "tweet": "5 days  \n "
        },
        {
            "date": "2021-01-01 02:14:09+00:00",
            "tweet_raw": "Virtual doors for #BieberNYE open in an hour. See you soon https://t.co/r5iaCnY2rW",
            "tweet": "virtual doors for  open in an hour. see you soon "
        },
        {
            "date": "2021-10-08 04:21:40+00:00",
            "tweet_raw": "COMPLETE EDITION WITH 3 ADDITIONAL TRACKS: https://t.co/J0iogVRB4S https://t.co/jcNEA3Fw80",
            "tweet": "complete edition with 3 additional tracks:  "
        },
        {
            "date": "2020-11-23 04:23:59+00:00",
            "tweet_raw": "One for the books. Thanks @tmobile @amas #AMAsWithUs #Ad https://t.co/rKmMwZMOtd",
            "tweet": "one for the books. thanks     "
        },
        {
            "date": "2021-05-24 20:32:55+00:00",
            "tweet_raw": "Justice World Tour 2022 presented by\u00a0@tmobile on sale now https://t.co/AcBtIUse3H https://t.co/V4pHJ3z6kl",
            "tweet": "justice world tour 2022 presented by\u00a0 on sale now  "
        },
        {
            "date": "2020-11-20 04:58:16+00:00",
            "tweet_raw": "#MONSTER video premiering now @ShawnMendes https://t.co/5o11qhHAk0",
            "tweet": " video premiering now  "
        },
        {
            "date": "2021-03-19 21:52:14+00:00",
            "tweet_raw": "I get the feeling so I\u2019m sure\nhttps://t.co/QYM0D72iXc https://t.co/0sEYg3LxQY",
            "tweet": "i get the feeling so i\u2019m sure\n "
        },
        {
            "date": "2021-03-18 14:37:43+00:00",
            "tweet_raw": "@biebersdepths Thanks",
            "tweet": " thanks"
        },
        {
            "date": "2021-03-18 14:36:27+00:00",
            "tweet_raw": "Tonight . #JUSTICE",
            "tweet": "tonight . "
        },
        {
            "date": "2021-01-01 02:14:09+00:00",
            "tweet_raw": "Virtual doors for #BieberNYE open in an hour. See you soon https://t.co/r5iaCnY2rW",
            "tweet": "virtual doors for  open in an hour. see you soon "
        },
        {
            "date": "2020-12-24 20:14:27+00:00",
            "tweet_raw": "One week #BieberNYE https://t.co/r5iaCnY2rW https://t.co/FmZiFMg2O1",
            "tweet": "one week   "
        },
        {
            "date": "2021-03-11 03:16:15+00:00",
            "tweet_raw": "JUSTICE 3/19\nhttps://t.co/VSc6FCWSVs https://t.co/je75ZGGC5D",
            "tweet": "justice 3/19\n "
        },
        {
            "date": "2021-02-22 22:51:43+00:00",
            "tweet_raw": "Did a cool performance with @Spotify. Peep it on YouTube \ud83d\ude4f\ud83d\ude4f https://t.co/WxShMBCU7o https://t.co/3aSHL5HHl3",
            "tweet": "did a cool performance with . peep it on youtube \ud83d\ude4f\ud83d\ude4f  "
        },
        {
            "date": "2021-03-18 14:37:43+00:00",
            "tweet_raw": "@biebersdepths Thanks",
            "tweet": " thanks"
        },
        {
            "date": "2021-02-26 17:01:17+00:00",
            "tweet_raw": "Suffering, injustice and pain can leave people feeling helpless. Music is a great way of reminding each other that we aren\u2019t alone. Music can be a way to relate to one another and connect with one another",
            "tweet": "suffering, injustice and pain can leave people feeling helpless. music is a great way of reminding each other that we aren\u2019t alone. music can be a way to relate to one another and connect with one another"
        },
        {
            "date": "2021-07-05 23:12:27+00:00",
            "tweet_raw": "Friday #Stay @thekidlaroi https://t.co/fetD51nY5E",
            "tweet": "friday   "
        },
        {
            "date": "2020-11-18 20:05:12+00:00",
            "tweet_raw": "#MONSTER CDs available now.\nExclusive cover on my store https://t.co/PTNcAZrjoK https://t.co/gYJ9zl41Db",
            "tweet": " cds available now.\nexclusive cover on my store  "
        },
        {
            "date": "2020-12-24 20:14:27+00:00",
            "tweet_raw": "One week #BieberNYE https://t.co/r5iaCnY2rW https://t.co/FmZiFMg2O1",
            "tweet": "one week   "
        },
        {
            "date": "2021-02-26 17:01:18+00:00",
            "tweet_raw": "This is me doing a small part. My part. I want to continue the conversation of what justice looks like so we can continue to\u00a0heal",
            "tweet": "this is me doing a small part. my part. i want to continue the conversation of what justice looks like so we can continue to\u00a0heal"
        },
        {
            "date": "2021-03-15 21:21:06+00:00",
            "tweet_raw": "\ud83c\udf51 https://t.co/VAg9Nsqyl3",
            "tweet": "\ud83c\udf51 "
        },
        {
            "date": "2020-11-20 01:00:31+00:00",
            "tweet_raw": "#MONSTER tonight @ShawnMendes https://t.co/5o11qhHAk0 https://t.co/wrvtHGRZZz",
            "tweet": " tonight   "
        },
        {
            "date": "2020-11-20 05:05:16+00:00",
            "tweet_raw": "#MONSTER out now with @ShawnMendes https://t.co/ktnSUnmHNs https://t.co/LrvAmCUzgz",
            "tweet": " out now with   "
        },
        {
            "date": "2021-02-11 16:04:57+00:00",
            "tweet_raw": "Excited for this one. Don\u2019t miss it. Journals live from the @drewhouse on tiktok https://t.co/2ph4XzQDgX",
            "tweet": "excited for this one. don\u2019t miss it. journals live from the  on tiktok "
        },
        {
            "date": "2021-03-18 19:00:57+00:00",
            "tweet_raw": "In honor of #Justice I\u2019m supporting organizations that embody what justice looks like in action\n\n@AntiRecidivism @AHouse_LA @ComptonPledge @baby2baby @eji_org @LIFTCommunities @SHG1970 @TheKingCenter #ThisIsAboutHumanity @UniteThePoor\n\nYou can help too https://t.co/d8BSjXa3LG https://t.co/yAMc6Ag6BG",
            "tweet": "in honor of  i\u2019m supporting organizations that embody what justice looks like in action\n\n         \n\nyou can help too  "
        },
        {
            "date": "2021-04-09 21:21:28+00:00",
            "tweet_raw": "#JUSTICE live from Paris April 13th 4pm PST https://t.co/dS5nTGntvt https://t.co/Y4G8PYqt81",
            "tweet": " live from paris april 13th 4pm pst  "
        },
        {
            "date": "2021-03-11 14:03:35+00:00",
            "tweet_raw": "Dropping my second collab with @Crocs and @drewhouse on 3.16.2021. You know I rock my Crocs with socks so this time they're included \ud83d\udc0a\ud83e\udde6 #JBxCrocs https://t.co/WlBON7wZ6Y",
            "tweet": "dropping my second collab with  and  on 3.16.2021. you know i rock my crocs with socks so this time they're included \ud83d\udc0a\ud83e\udde6  "
        },
        {
            "date": "2021-03-04 02:01:07+00:00",
            "tweet_raw": "Call if you need somebody I will be there for you +1 (818) 210-4058",
            "tweet": "call if you need somebody i will be there for you +1 (818) 210-4058"
        },
        {
            "date": "2021-03-05 05:05:58+00:00",
            "tweet_raw": "#HoldOn out now\nhttps://t.co/bjuAwdIQ5y https://t.co/dAbOG64N0t",
            "tweet": " out now\n "
        },
        {
            "date": "2021-03-18 22:00:06+00:00",
            "tweet_raw": "6 hours #JUSTICE https://t.co/ANcQmiazp3",
            "tweet": "6 hours  "
        },
        {
            "date": "2021-02-26 17:01:16+00:00",
            "tweet_raw": "#JUSTICE the album March 19th. Pre-order now: https://t.co/VSc6FCWSVs https://t.co/MpYt7jKeYd",
            "tweet": " the album march 19th. pre-order now:  "
        },
        {
            "date": "2021-03-19 21:52:14+00:00",
            "tweet_raw": "I get the feeling so I\u2019m sure\nhttps://t.co/QYM0D72iXc https://t.co/0sEYg3LxQY",
            "tweet": "i get the feeling so i\u2019m sure\n "
        },
        {
            "date": "2020-12-24 20:14:27+00:00",
            "tweet_raw": "One week #BieberNYE https://t.co/r5iaCnY2rW https://t.co/FmZiFMg2O1",
            "tweet": "one week   "
        },
        {
            "date": "2020-12-31 18:00:04+00:00",
            "tweet_raw": "#BieberNYE tonight. Ring in the New Year with us https://t.co/r5iaCnY2rW https://t.co/ZsJfvhNfNe",
            "tweet": " tonight. ring in the new year with us  "
        },
        {
            "date": "2020-11-20 04:49:02+00:00",
            "tweet_raw": "About to go live on YouTube @ShawnMendes https://t.co/5o11qhHAk0",
            "tweet": "about to go live on youtube  "
        },
        {
            "date": "2020-11-21 18:13:51+00:00",
            "tweet_raw": "#MONSTER \nhttps://t.co/ktnSUnmHNs https://t.co/NZLHh6mU6a",
            "tweet": " \n "
        },
        {
            "date": "2021-01-01 02:00:12+00:00",
            "tweet_raw": "3 hours til #ANYONE",
            "tweet": "3 hours til "
        },
        {
            "date": "2021-03-11 03:16:15+00:00",
            "tweet_raw": "JUSTICE 3/19\nhttps://t.co/VSc6FCWSVs https://t.co/je75ZGGC5D",
            "tweet": "justice 3/19\n "
        },
        {
            "date": "2021-01-19 19:13:21+00:00",
            "tweet_raw": "#ANYONE @vevo footnotes \nhttps://t.co/OeY1mVrYfl https://t.co/vMawjs5Mnw",
            "tweet": "  footnotes \n "
        },
        {
            "date": "2020-12-07 17:00:18+00:00",
            "tweet_raw": "Doing a little something with @tmobile on 12.31.20 https://t.co/r5iaCnY2rW #BieberNYE https://t.co/5pSRmD2rLF",
            "tweet": "doing a little something with  on 12.31.20   "
        },
        {
            "date": "2020-12-31 17:00:28+00:00",
            "tweet_raw": "Dropping the #ANYONE song and music video right after #BieberNYE https://t.co/Uh4E6vUzZv https://t.co/poakx8Qkuh",
            "tweet": "dropping the  song and music video right after   "
        },
        {
            "date": "2021-02-25 21:41:59+00:00",
            "tweet_raw": "Your boy https://t.co/Dh5rXvil2U",
            "tweet": "your boy "
        },
        {
            "date": "2020-11-23 20:47:30+00:00",
            "tweet_raw": "We had fun https://t.co/OkbETypPML",
            "tweet": "we had fun "
        },
        {
            "date": "2021-01-06 20:09:44+00:00",
            "tweet_raw": "Thank you https://t.co/s1ef2zF3fx",
            "tweet": "thank you "
        },
        {
            "date": "2020-11-23 04:23:59+00:00",
            "tweet_raw": "One for the books. Thanks @tmobile @amas #AMAsWithUs #Ad https://t.co/rKmMwZMOtd",
            "tweet": "one for the books. thanks     "
        },
        {
            "date": "2021-01-19 19:13:21+00:00",
            "tweet_raw": "#ANYONE @vevo footnotes \nhttps://t.co/OeY1mVrYfl https://t.co/vMawjs5Mnw",
            "tweet": "  footnotes \n "
        },
        {
            "date": "2021-11-09 18:13:33+00:00",
            "tweet_raw": "#BieberWAVE 11/18/21 6pm PT\nSign up at @TheWaveXR. Sign up: https://t.co/8KNStRidql\nhttps://t.co/3KxnV31VCo",
            "tweet": " 11/18/21 6pm pt\nsign up at . sign up: \n"
        },
        {
            "date": "2021-03-19 04:03:54+00:00",
            "tweet_raw": "#JUSTICE the album OUT NOW https://t.co/K2SXJNM6jy https://t.co/crMGxpbWQC",
            "tweet": " the album out now  "
        },
        {
            "date": "2021-01-19 19:13:21+00:00",
            "tweet_raw": "#ANYONE @vevo footnotes \nhttps://t.co/OeY1mVrYfl https://t.co/vMawjs5Mnw",
            "tweet": "  footnotes \n "
        },
        {
            "date": "2020-11-20 01:00:31+00:00",
            "tweet_raw": "#MONSTER tonight @ShawnMendes https://t.co/5o11qhHAk0 https://t.co/wrvtHGRZZz",
            "tweet": " tonight   "
        },
        {
            "date": "2020-11-20 04:58:16+00:00",
            "tweet_raw": "#MONSTER video premiering now @ShawnMendes https://t.co/5o11qhHAk0",
            "tweet": " video premiering now  "
        },
        {
            "date": "2021-03-06 15:12:11+00:00",
            "tweet_raw": "Your looking for answers in a place unknown https://t.co/bjuAwdIQ5y https://t.co/yfh0rYA1Lb",
            "tweet": "your looking for answers in a place unknown  "
        },
        {
            "date": "2020-11-22 20:06:18+00:00",
            "tweet_raw": "#AMAs tonight https://t.co/nTVfaG8nSo",
            "tweet": " tonight "
        },
        {
            "date": "2020-12-02 21:22:17+00:00",
            "tweet_raw": "Thank you https://t.co/1B1M18hiKh",
            "tweet": "thank you "
        },
        {
            "date": "2021-03-05 05:08:02+00:00",
            "tweet_raw": "#HoldOnVideo \nhttps://t.co/8ODJEqbnfn https://t.co/9qLQzavvil",
            "tweet": " \n "
        },
        {
            "date": "2021-03-19 04:14:45+00:00",
            "tweet_raw": "#PEACHES video out now \ud83c\udf51@danielcaesar @giveon https://t.co/QYM0D7jTOK https://t.co/JcdYkDJ6xm",
            "tweet": " video out now \ud83c\udf51   "
        },
        {
            "date": "2021-03-05 04:40:15+00:00",
            "tweet_raw": "About to go live with my brother @JasonKennedy1 https://t.co/8ODJEqbnfn",
            "tweet": "about to go live with my brother  "
        },
        {
            "date": "2021-03-11 16:14:42+00:00",
            "tweet_raw": "Thanks @billboard https://t.co/qx7rSN8EzO",
            "tweet": "thanks  "
        },
        {
            "date": "2021-02-26 17:01:18+00:00",
            "tweet_raw": "This is me doing a small part. My part. I want to continue the conversation of what justice looks like so we can continue to\u00a0heal",
            "tweet": "this is me doing a small part. my part. i want to continue the conversation of what justice looks like so we can continue to\u00a0heal"
        },
        {
            "date": "2021-03-15 21:21:06+00:00",
            "tweet_raw": "\ud83c\udf51 https://t.co/VAg9Nsqyl3",
            "tweet": "\ud83c\udf51 "
        },
        {
            "date": "2021-01-03 18:06:57+00:00",
            "tweet_raw": "Anyone merch \ud83e\udd4a \nhttps://t.co/aeusX9i3xg https://t.co/pMmasifNPb",
            "tweet": "anyone merch \ud83e\udd4a \n "
        },
        {
            "date": "2021-03-16 17:43:53+00:00",
            "tweet_raw": "3 DAYS #Justice \nhttps://t.co/1wsGnVKxuq https://t.co/D1oByeZ65p",
            "tweet": "3 days  \n "
        },
        {
            "date": "2021-03-20 19:24:12+00:00",
            "tweet_raw": "You guys wanted Red Eye. On my store https://t.co/bcThKNn8W4",
            "tweet": "you guys wanted red eye. on my store "
        },
        {
            "date": "2020-11-23 04:23:59+00:00",
            "tweet_raw": "One for the books. Thanks @tmobile @amas #AMAsWithUs #Ad https://t.co/rKmMwZMOtd",
            "tweet": "one for the books. thanks     "
        },
        {
            "date": "2021-03-14 16:54:18+00:00",
            "tweet_raw": "5 DAYS #Justice \nhttps://t.co/1wsGnVKxuq https://t.co/zHgWlsCIIo",
            "tweet": "5 days  \n "
        },
        {
            "date": "2022-02-16 03:05:25+00:00",
            "tweet_raw": "Go for the Gold, Ladies!!!!!! Cannot wait to watch some of the best hockey ever!!! We are so proud of you! @HockeyCanada",
            "tweet": "go for the gold, ladies!!!!!! cannot wait to watch some of the best hockey ever!!! we are so proud of you! "
        },
        {
            "date": "2021-03-09 19:36:04+00:00",
            "tweet_raw": "Pre-order #JUSTICE on iTunes: https://t.co/BemzwD8LGX",
            "tweet": "pre-order  on itunes: "
        },
        {
            "date": "2021-03-12 19:31:49+00:00",
            "tweet_raw": "ONE WEEK #Justice \nhttps://t.co/VSc6FCWSVs https://t.co/J7fZfXHpfJ",
            "tweet": "one week  \n "
        },
        {
            "date": "2020-11-26 16:24:39+00:00",
            "tweet_raw": "Thankful. Grateful. Blessed",
            "tweet": "thankful. grateful. blessed"
        },
        {
            "date": "2021-03-16 17:43:53+00:00",
            "tweet_raw": "3 DAYS #Justice \nhttps://t.co/1wsGnVKxuq https://t.co/D1oByeZ65p",
            "tweet": "3 days  \n "
        },
        {
            "date": "2021-03-05 05:05:58+00:00",
            "tweet_raw": "#HoldOn out now\nhttps://t.co/bjuAwdIQ5y https://t.co/dAbOG64N0t",
            "tweet": " out now\n "
        },
        {
            "date": "2021-02-25 21:41:59+00:00",
            "tweet_raw": "Your boy https://t.co/Dh5rXvil2U",
            "tweet": "your boy "
        },
        {
            "date": "2021-03-05 20:56:37+00:00",
            "tweet_raw": "\ud83d\udd2b https://t.co/YnQQSWT1Xx",
            "tweet": "\ud83d\udd2b "
        },
        {
            "date": "2020-12-07 17:00:18+00:00",
            "tweet_raw": "Doing a little something with @tmobile on 12.31.20 https://t.co/r5iaCnY2rW #BieberNYE https://t.co/5pSRmD2rLF",
            "tweet": "doing a little something with  on 12.31.20   "
        },
        {
            "date": "2021-03-05 18:34:56+00:00",
            "tweet_raw": "Oscar wants you to watch the hold on video !!! https://t.co/8ODJEqbnfn https://t.co/SvAbwQPOPG",
            "tweet": "oscar wants you to watch the hold on video !!!  "
        },
        {
            "date": "2021-03-20 19:24:12+00:00",
            "tweet_raw": "You guys wanted Red Eye. On my store https://t.co/bcThKNn8W4",
            "tweet": "you guys wanted red eye. on my store "
        },
        {
            "date": "2021-02-26 17:01:17+00:00",
            "tweet_raw": "I know that I cannot simply solve injustice by making music but I do know that if we all do our part by using our gifts to serve this planet and each other that we are that much closer to being united",
            "tweet": "i know that i cannot simply solve injustice by making music but i do know that if we all do our part by using our gifts to serve this planet and each other that we are that much closer to being united"
        },
        {
            "date": "2021-03-07 16:46:30+00:00",
            "tweet_raw": "You need the connection but you cant get close https://t.co/bjuAwdIQ5y https://t.co/aujkQ3MGd7",
            "tweet": "you need the connection but you cant get close  "
        },
        {
            "date": "2021-03-19 16:04:58+00:00",
            "tweet_raw": "JUSTICE\nhttps://t.co/K2SXJNuvs0 https://t.co/1MjukZIc3t",
            "tweet": "justice\n "
        },
        {
            "date": "2021-02-11 22:54:55+00:00",
            "tweet_raw": "10 years #NeverSayNever https://t.co/DNvZ3ytvfG",
            "tweet": "10 years  "
        },
        {
            "date": "2020-11-20 19:12:37+00:00",
            "tweet_raw": "#MONSTER merch \nhttps://t.co/PTNcAZrjoK https://t.co/CBaCZgMTeg",
            "tweet": " merch \n "
        },
        {
            "date": "2021-03-19 04:14:45+00:00",
            "tweet_raw": "#PEACHES video out now \ud83c\udf51@danielcaesar @giveon https://t.co/QYM0D7jTOK https://t.co/JcdYkDJ6xm",
            "tweet": " video out now \ud83c\udf51   "
        },
        {
            "date": "2021-03-13 19:01:15+00:00",
            "tweet_raw": "#KCA TONIGHT https://t.co/DTqclOemsE",
            "tweet": " tonight "
        },
        {
            "date": "2021-03-08 17:05:00+00:00",
            "tweet_raw": "On the set of #HoldOn \nhttps://t.co/6D69907l4G https://t.co/sImtZCO9fE",
            "tweet": "on the set of  \n "
        },
        {
            "date": "2020-11-20 05:05:16+00:00",
            "tweet_raw": "#MONSTER out now with @ShawnMendes https://t.co/ktnSUnmHNs https://t.co/LrvAmCUzgz",
            "tweet": " out now with   "
        },
        {
            "date": "2021-03-08 17:05:00+00:00",
            "tweet_raw": "On the set of #HoldOn \nhttps://t.co/6D69907l4G https://t.co/sImtZCO9fE",
            "tweet": "on the set of  \n "
        },
        {
            "date": "2020-12-31 20:00:15+00:00",
            "tweet_raw": "#ANYONEvideo 9pm PST \nhttps://t.co/SgHgvgFm1c https://t.co/wqk5Qs9sgn",
            "tweet": " 9pm pst \n "
        },
        {
            "date": "2021-11-04 15:43:19+00:00",
            "tweet_raw": "\ud83d\udcf7: @RoryKramer https://t.co/GW9aUnNsAq",
            "tweet": "\ud83d\udcf7:  "
        },
        {
            "date": "2021-03-19 04:14:45+00:00",
            "tweet_raw": "#PEACHES video out now \ud83c\udf51@danielcaesar @giveon https://t.co/QYM0D7jTOK https://t.co/JcdYkDJ6xm",
            "tweet": " video out now \ud83c\udf51   "
        },
        {
            "date": "2021-03-17 16:49:48+00:00",
            "tweet_raw": "I got my Peaches out in Georgia",
            "tweet": "i got my peaches out in georgia"
        }
    ],
    "len": 100
}