{
    "account": "@kanyewest",
    "type": "Rap",
    "tweets": [
        {
            "date": "2020-09-16 13:42:01+00:00",
            "tweet_raw": "Meanwhile https://t.co/62TdLENa9U",
            "tweet": "meanwhile "
        },
        {
            "date": "2020-09-22 12:37:06+00:00",
            "tweet_raw": "I believe Master P and Uncle Luke we\u2019re fully independent     They pressed they own vinyl",
            "tweet": "i believe master p and uncle luke we\u2019re fully independent     they pressed they own vinyl"
        },
        {
            "date": "2020-09-22 04:55:49+00:00",
            "tweet_raw": "Getting our simplified DONDA gardens together      No squash \ud83e\udd37\ud83c\udffe\u200d\u2642\ufe0f aaaaand definitely no broccoli \ud83e\udd23 https://t.co/L82gJLpRWV",
            "tweet": "getting our simplified donda gardens together      no squash \ud83e\udd37\ud83c\udffe\u200d\u2642\ufe0f aaaaand definitely no broccoli \ud83e\udd23 "
        },
        {
            "date": "2020-09-18 21:03:06+00:00",
            "tweet_raw": "GREATNESS IN THE MAKING https://t.co/ndsS8OXkf6",
            "tweet": "greatness in the making "
        },
        {
            "date": "2020-09-26 13:51:48+00:00",
            "tweet_raw": "BELIEVE WHAT I SAY (snippet) https://t.co/U7Y2KQJ5UC",
            "tweet": "believe what i say (snippet) "
        },
        {
            "date": "2020-09-18 16:49:10+00:00",
            "tweet_raw": "I am the head of adidas ... I will bring adidas and puma back together and bring me and jay back together ... all pumas designs are embarrassingly trash but I will personally design puma and adidas and make everything ok",
            "tweet": "i am the head of adidas ... i will bring adidas and puma back together and bring me and jay back together ... all pumas designs are embarrassingly trash but i will personally design puma and adidas and make everything ok"
        },
        {
            "date": "2020-09-18 20:20:09+00:00",
            "tweet_raw": "@Eminem THANK YOU FOR RAPPING ON THE DR DRE REMIX OF USE THIS GOSPEL I HAVW ALWAYS LOVED AND RESPECTED YOU AND IM HONORED TO HAVE YOU BLESS THIS SONG ... ITS ALSO NORTH WEST\u2019S FAVORITE KANYE WEST SONG OF ALL TIME",
            "tweet": " thank you for rapping on the dr dre remix of use this gospel i havw always loved and respected you and im honored to have you bless this song ... its also north west\u2019s favorite kanye west song of all time"
        },
        {
            "date": "2020-09-16 17:39:39+00:00",
            "tweet_raw": "90% of the record contracts on the planet are still on a royalty A standard record deal is a trap to NEVER have you recoup, and there\u2019s all these hidden costs like the \u201cdistribution fees\u201d many labels put in their contracts to make even more money off our work without even trying.",
            "tweet": "90% of the record contracts on the planet are still on a royalty a standard record deal is a trap to never have you recoup, and there\u2019s all these hidden costs like the \u201cdistribution fees\u201d many labels put in their contracts to make even more money off our work without even trying."
        },
        {
            "date": "2020-09-21 18:18:40+00:00",
            "tweet_raw": "THESE ARE ALL GOING TO BE MY BEST FRIENDS SOME DAY \ud83d\ude0a UNIVERSAL https://t.co/R3trGtSB5L",
            "tweet": "these are all going to be my best friends some day \ud83d\ude0a universal "
        },
        {
            "date": "2020-09-16 17:20:41+00:00",
            "tweet_raw": "TRUST ME I WONT STOP UNTIL ALL IS FAIR TRUST ME FROM NAT YE AKA BABY PUTIN",
            "tweet": "trust me i wont stop until all is fair trust me from nat ye aka baby putin"
        },
        {
            "date": "2020-09-22 04:55:49+00:00",
            "tweet_raw": "Getting our simplified DONDA gardens together      No squash \ud83e\udd37\ud83c\udffe\u200d\u2642\ufe0f aaaaand definitely no broccoli \ud83e\udd23 https://t.co/L82gJLpRWV",
            "tweet": "getting our simplified donda gardens together      no squash \ud83e\udd37\ud83c\udffe\u200d\u2642\ufe0f aaaaand definitely no broccoli \ud83e\udd23 "
        },
        {
            "date": "2020-09-21 21:57:52+00:00",
            "tweet_raw": "YZY DESIGN MEETING WITH MARK MINER AND RANDAL YARBOROUGH https://t.co/ayCniv83dr",
            "tweet": "yzy design meeting with mark miner and randal yarborough "
        },
        {
            "date": "2020-09-22 02:48:20+00:00",
            "tweet_raw": "\ud83d\udd4a https://t.co/9A1Lwu1Uec",
            "tweet": "\ud83d\udd4a "
        },
        {
            "date": "2020-09-16 13:35:18+00:00",
            "tweet_raw": "I need prayer I need coverage as I go into battle      Everyone please pray for me ... you know what the system never counted on ... millions of prayers at once ... everyone I appreciate your prayers so much",
            "tweet": "i need prayer i need coverage as i go into battle      everyone please pray for me ... you know what the system never counted on ... millions of prayers at once ... everyone i appreciate your prayers so much"
        },
        {
            "date": "2020-10-12 15:49:21+00:00",
            "tweet_raw": "Black babies lives matter      1000 black children are aborted daily     \ud83d\udc40",
            "tweet": "black babies lives matter      1000 black children are aborted daily     \ud83d\udc40"
        },
        {
            "date": "2020-09-22 12:37:06+00:00",
            "tweet_raw": "I believe Master P and Uncle Luke we\u2019re fully independent     They pressed they own vinyl",
            "tweet": "i believe master p and uncle luke we\u2019re fully independent     they pressed they own vinyl"
        },
        {
            "date": "2020-09-20 17:26:58+00:00",
            "tweet_raw": "NEW RECORDING AND PUBLISHING DEAL GUIDELINES",
            "tweet": "new recording and publishing deal guidelines"
        },
        {
            "date": "2020-10-30 21:02:25+00:00",
            "tweet_raw": "Dear Future started as an op-ed and turned into a VISION PRAYER \ud83d\udd4a https://t.co/hN8Zhz5EUp",
            "tweet": "dear future started as an op-ed and turned into a vision prayer \ud83d\udd4a "
        },
        {
            "date": "2020-09-16 13:19:53+00:00",
            "tweet_raw": "EVERYONE AT UNIVERSAL AND VIVENDI PLEASE UNDERSTAND THAT I WILL DO EVERYTHING IN MY LEGAL POWER AND USE MY VOICE UNTIL ALL ARTIST CONTRACTS ARE CHANGED     STARTING WITH GETTING MY MASTERS FOR MY CHILDREN     I WILL NOT STOP   I PROMISE YOU  IM AM PETTY AND VERY PERSONAL",
            "tweet": "everyone at universal and vivendi please understand that i will do everything in my legal power and use my voice until all artist contracts are changed     starting with getting my masters for my children     i will not stop   i promise you  im am petty and very personal"
        },
        {
            "date": "2020-10-20 19:59:15+00:00",
            "tweet_raw": "VOTE KANYE https://t.co/sXrotfOHE3",
            "tweet": "vote kanye "
        },
        {
            "date": "2020-09-18 13:04:56+00:00",
            "tweet_raw": "Don\u2019t let the system pit us against each other ... JAY IS MY BROTHER ... I have eternal love for all artist that have been through and are still trapped this crooked system.   Jay still doesn\u2019t get his own masters back for ten years. I will see to it that we all get our masters https://t.co/LshyaIVO1Y",
            "tweet": "don\u2019t let the system pit us against each other ... jay is my brother ... i have eternal love for all artist that have been through and are still trapped this crooked system.   jay still doesn\u2019t get his own masters back for ten years. i will see to it that we all get our masters "
        },
        {
            "date": "2020-09-18 20:38:53+00:00",
            "tweet_raw": "WE\u2019RE GONIG TO TRANSPARENTLY CHANGE EVERY ALBUM DEAL EVERY PUBLISHING DEAL EVERY MERCH DEAL EVERY TOURING DEAL EXCEPT FOR DRAKE\u2019S DEALS \ud83e\udd23 JUST KIDDING ... I LOVE DRAKE TOO ... ALL ARTIST MUST BE FREE",
            "tweet": "we\u2019re gonig to transparently change every album deal every publishing deal every merch deal every touring deal except for drake\u2019s deals \ud83e\udd23 just kidding ... i love drake too ... all artist must be free"
        },
        {
            "date": "2020-09-20 17:30:05+00:00",
            "tweet_raw": "2. The record label / publisher is a service provider that receives a share of the income for a limited term. The split can be 80/20 in the artists favor",
            "tweet": "2. the record label / publisher is a service provider that receives a share of the income for a limited term. the split can be 80/20 in the artists favor"
        },
        {
            "date": "2020-09-17 17:47:52+00:00",
            "tweet_raw": "WE\u2019VE NEVER SEEN ANYTHING LIKE THIS BEFORE ... LOOK HOW ALL THE ARTIST STOOD UP     PRAISE GOD MY BROTHERS ITS TIME FOR FREEDOM    KEEP PRAYING",
            "tweet": "we\u2019ve never seen anything like this before ... look how all the artist stood up     praise god my brothers its time for freedom    keep praying"
        },
        {
            "date": "2020-09-21 21:57:52+00:00",
            "tweet_raw": "YZY DESIGN MEETING WITH MARK MINER AND RANDAL YARBOROUGH https://t.co/ayCniv83dr",
            "tweet": "yzy design meeting with mark miner and randal yarborough "
        },
        {
            "date": "2020-09-21 21:57:52+00:00",
            "tweet_raw": "YZY DESIGN MEETING WITH MARK MINER AND RANDAL YARBOROUGH https://t.co/ayCniv83dr",
            "tweet": "yzy design meeting with mark miner and randal yarborough "
        },
        {
            "date": "2020-09-20 17:35:06+00:00",
            "tweet_raw": "NO MORE blanket licenses. It should be clear from day one\u2026 what shares you get NOW and when you leave. If your song helps a deal over the line you invested in that store / app same as they did.",
            "tweet": "no more blanket licenses. it should be clear from day one\u2026 what shares you get now and when you leave. if your song helps a deal over the line you invested in that store / app same as they did."
        },
        {
            "date": "2020-09-18 16:51:26+00:00",
            "tweet_raw": "YEEZY CHRISTIAN ACADEMY ... JESUS  IS SO GOOD ... WON\u2019T HE DO IT https://t.co/Ose9pe0Tul",
            "tweet": "yeezy christian academy ... jesus  is so good ... won\u2019t he do it "
        },
        {
            "date": "2020-10-21 17:26:10+00:00",
            "tweet_raw": "Been doing empty stadiums    Happy 40th birthday!!!  I love you so much https://t.co/dCgHhzP2J8",
            "tweet": "been doing empty stadiums    happy 40th birthday!!!  i love you so much "
        },
        {
            "date": "2020-09-18 04:06:07+00:00",
            "tweet_raw": "Artist are founders",
            "tweet": "artist are founders"
        },
        {
            "date": "2020-09-16 13:42:01+00:00",
            "tweet_raw": "Meanwhile https://t.co/62TdLENa9U",
            "tweet": "meanwhile "
        },
        {
            "date": "2020-09-18 16:52:34+00:00",
            "tweet_raw": "A CREED FOR ALL WARRIORS WHO FIGHT IN THE NAME OF JESUS TO PROTECT OUR CHILDREN AT ALL COST                                                   WE ARE NOT AFRAID OF DEATH     WE ARE NOT AFRAID OF HUMILIATION WE ARE NOT AFRAID BANKRUPTCIES                            WE ONLY FEAR GOD",
            "tweet": "a creed for all warriors who fight in the name of jesus to protect our children at all cost                                                   we are not afraid of death     we are not afraid of humiliation we are not afraid bankruptcies                            we only fear god"
        },
        {
            "date": "2020-09-17 17:47:52+00:00",
            "tweet_raw": "WE\u2019VE NEVER SEEN ANYTHING LIKE THIS BEFORE ... LOOK HOW ALL THE ARTIST STOOD UP     PRAISE GOD MY BROTHERS ITS TIME FOR FREEDOM    KEEP PRAYING",
            "tweet": "we\u2019ve never seen anything like this before ... look how all the artist stood up     praise god my brothers its time for freedom    keep praying"
        },
        {
            "date": "2020-09-18 21:03:06+00:00",
            "tweet_raw": "GREATNESS IN THE MAKING https://t.co/ndsS8OXkf6",
            "tweet": "greatness in the making "
        },
        {
            "date": "2020-09-16 17:36:20+00:00",
            "tweet_raw": "ONLY MUSEUM QUALITY BOYS https://t.co/zsjzzQytDx",
            "tweet": "only museum quality boys "
        },
        {
            "date": "2020-09-21 18:22:28+00:00",
            "tweet_raw": "AND MY SUPER DUPER POOPER SCOOPER STAR SHIP TROOPER BEST FRIENDS AT BOLLORE \ud83d\ude0a https://t.co/0xces8X5TU",
            "tweet": "and my super duper pooper scooper star ship trooper best friends at bollore \ud83d\ude0a "
        },
        {
            "date": "2020-09-20 17:34:35+00:00",
            "tweet_raw": "5. EQUITY &amp; BLANKET LICENSES ARE THE MAJORITY OF FUTURE NEW INCOME.\n\nIf you\u2019re with a major you have invested your \u2018songs\u2019 as shares in their power to get equity and deals. Almost ALL new deals now are based on ALL songs going to a store or app. The equity is the Artists",
            "tweet": "5. equity &amp; blanket licenses are the majority of future new income.\n\nif you\u2019re with a major you have invested your \u2018songs\u2019 as shares in their power to get equity and deals. almost all new deals now are based on all songs going to a store or app. the equity is the artists"
        },
        {
            "date": "2020-11-03 15:09:18+00:00",
            "tweet_raw": "Favs https://t.co/0oO13dEviF",
            "tweet": "favs "
        },
        {
            "date": "2020-09-19 18:18:33+00:00",
            "tweet_raw": "Two years ago we had 50 million people subscribed to music streaming services around the world. Today we have 400 million. 8 x growth. By the end of this year we will have 460 million. By the end of the decade we\u2019ll have 2 billion as projected by J.P. Morgan, Goldman Sachs etc.",
            "tweet": "two years ago we had 50 million people subscribed to music streaming services around the world. today we have 400 million. 8 x growth. by the end of this year we will have 460 million. by the end of the decade we\u2019ll have 2 billion as projected by j.p. morgan, goldman sachs etc."
        },
        {
            "date": "2020-09-20 17:39:47+00:00",
            "tweet_raw": "6. ROYALTIES\n\nAgain back to dependents. You need a business manager to read how you did? So you pay to see your money!!! NO MORE.\n\nRoyalty portals need to show (and do not now)\n\nEvery song you delivered\n\nEvery store you are in\n\nHow many streams per song\n\nIncome per song",
            "tweet": "6. royalties\n\nagain back to dependents. you need a business manager to read how you did? so you pay to see your money!!! no more.\n\nroyalty portals need to show (and do not now)\n\nevery song you delivered\n\nevery store you are in\n\nhow many streams per song\n\nincome per song"
        },
        {
            "date": "2020-09-16 17:39:39+00:00",
            "tweet_raw": "90% of the record contracts on the planet are still on a royalty A standard record deal is a trap to NEVER have you recoup, and there\u2019s all these hidden costs like the \u201cdistribution fees\u201d many labels put in their contracts to make even more money off our work without even trying.",
            "tweet": "90% of the record contracts on the planet are still on a royalty a standard record deal is a trap to never have you recoup, and there\u2019s all these hidden costs like the \u201cdistribution fees\u201d many labels put in their contracts to make even more money off our work without even trying."
        },
        {
            "date": "2020-10-18 18:31:34+00:00",
            "tweet_raw": "H.E.A.L \nHOLDING EVERYBODY ACCOUNTABLE for LOVE ! -M1",
            "tweet": "h.e.a.l \nholding everybody accountable for love ! -m1"
        },
        {
            "date": "2020-09-16 14:19:02+00:00",
            "tweet_raw": "OK GUYS CHECK THIS OUT ... I DONT HAVE A CONTRACT WITH UNIVERSAL ... I HAVE TEN \ud83e\udd23 THEY TRY TO BURRY US ALIVE",
            "tweet": "ok guys check this out ... i dont have a contract with universal ... i have ten \ud83e\udd23 they try to burry us alive"
        },
        {
            "date": "2020-09-20 17:36:57+00:00",
            "tweet_raw": "UMG now has a 2.2 billion share holding stake in Spotify. This is the artists. The system as to how we get share balances on our royalty statement needs to be created and a system on when Artists can cash in.",
            "tweet": "umg now has a 2.2 billion share holding stake in spotify. this is the artists. the system as to how we get share balances on our royalty statement needs to be created and a system on when artists can cash in."
        },
        {
            "date": "2020-09-20 17:31:17+00:00",
            "tweet_raw": "3. DEPENDANTS\n\nArtists must be dependent on no one but themselves to manage their catalog. You should need NO ONE else to understand the business you\u2019re in.",
            "tweet": "3. dependants\n\nartists must be dependent on no one but themselves to manage their catalog. you should need no one else to understand the business you\u2019re in."
        },
        {
            "date": "2020-09-16 17:36:20+00:00",
            "tweet_raw": "ONLY MUSEUM QUALITY BOYS https://t.co/zsjzzQytDx",
            "tweet": "only museum quality boys "
        },
        {
            "date": "2020-09-20 17:38:36+00:00",
            "tweet_raw": "5. ADVANCES ARE JUST LOANS!!\n\nOn Artists re-signing these stop. Advances are Loans with 75% interest rates (or worse). NO other business in the world takes a look at the business, buys shares, starts to profit when it profits. Record Companies have to buy into you, not loan you.",
            "tweet": "5. advances are just loans!!\n\non artists re-signing these stop. advances are loans with 75% interest rates (or worse). no other business in the world takes a look at the business, buys shares, starts to profit when it profits. record companies have to buy into you, not loan you."
        },
        {
            "date": "2020-09-16 14:23:23+00:00",
            "tweet_raw": "Who made up the term major label in the first place??? \ud83d\udca9\ud83d\udca9\ud83d\udca9",
            "tweet": "who made up the term major label in the first place??? \ud83d\udca9\ud83d\udca9\ud83d\udca9"
        },
        {
            "date": "2020-09-16 13:09:28+00:00",
            "tweet_raw": "SONY YOU NOT OFF THE HOOK EITHER ... ONE BATTLE AT A TIME",
            "tweet": "sony you not off the hook either ... one battle at a time"
        },
        {
            "date": "2020-09-17 18:54:08+00:00",
            "tweet_raw": "DIAMONDS UP https://t.co/jtojsCEVu6",
            "tweet": "diamonds up "
        },
        {
            "date": "2020-09-18 16:47:06+00:00",
            "tweet_raw": "HA HA I GOT MY TWITTER BACK \u26f7",
            "tweet": "ha ha i got my twitter back \u26f7"
        },
        {
            "date": "2020-09-16 13:49:54+00:00",
            "tweet_raw": "Ephesians 6 12 https://t.co/F7zbFAMqUH",
            "tweet": "ephesians 6 12 "
        },
        {
            "date": "2020-09-20 17:40:34+00:00",
            "tweet_raw": "It sounds basic and logical but t does NOT exist. They focus on top earners and ZERO look at the 440 stores\u2026. Only the top few. Artists are global. That\u2019s why their contract territory says GLOBAL\n\nRoyalty department in EVERY label. No more separating finance teams from the music",
            "tweet": "it sounds basic and logical but t does not exist. they focus on top earners and zero look at the 440 stores\u2026. only the top few. artists are global. that\u2019s why their contract territory says global\n\nroyalty department in every label. no more separating finance teams from the music"
        },
        {
            "date": "2020-09-20 17:40:34+00:00",
            "tweet_raw": "It sounds basic and logical but t does NOT exist. They focus on top earners and ZERO look at the 440 stores\u2026. Only the top few. Artists are global. That\u2019s why their contract territory says GLOBAL\n\nRoyalty department in EVERY label. No more separating finance teams from the music",
            "tweet": "it sounds basic and logical but t does not exist. they focus on top earners and zero look at the 440 stores\u2026. only the top few. artists are global. that\u2019s why their contract territory says global\n\nroyalty department in every label. no more separating finance teams from the music"
        },
        {
            "date": "2020-09-16 17:00:34+00:00",
            "tweet_raw": "01 This Is The Glory - 07.14.20 Ye Edit.mp3",
            "tweet": "01 this is the glory - 07.14.20 ye edit.mp3"
        },
        {
            "date": "2020-10-12 15:53:18+00:00",
            "tweet_raw": "I love UZI         I be saying the same thing about Steve Jobs    I be feeling just like UZI",
            "tweet": "i love uzi         i be saying the same thing about steve jobs    i be feeling just like uzi"
        },
        {
            "date": "2020-09-21 21:57:52+00:00",
            "tweet_raw": "YZY DESIGN MEETING WITH MARK MINER AND RANDAL YARBOROUGH https://t.co/ayCniv83dr",
            "tweet": "yzy design meeting with mark miner and randal yarborough "
        },
        {
            "date": "2020-09-25 10:09:16+00:00",
            "tweet_raw": "Ernesto Neto https://t.co/dG7dGMpi81",
            "tweet": "ernesto neto "
        },
        {
            "date": "2020-09-21 18:22:28+00:00",
            "tweet_raw": "AND MY SUPER DUPER POOPER SCOOPER STAR SHIP TROOPER BEST FRIENDS AT BOLLORE \ud83d\ude0a https://t.co/0xces8X5TU",
            "tweet": "and my super duper pooper scooper star ship trooper best friends at bollore \ud83d\ude0a "
        },
        {
            "date": "2020-09-22 00:26:15+00:00",
            "tweet_raw": "\u26f7 https://t.co/jEx5jjuXgM",
            "tweet": "\u26f7 "
        },
        {
            "date": "2020-09-20 17:35:06+00:00",
            "tweet_raw": "NO MORE blanket licenses. It should be clear from day one\u2026 what shares you get NOW and when you leave. If your song helps a deal over the line you invested in that store / app same as they did.",
            "tweet": "no more blanket licenses. it should be clear from day one\u2026 what shares you get now and when you leave. if your song helps a deal over the line you invested in that store / app same as they did."
        },
        {
            "date": "2020-09-16 13:31:38+00:00",
            "tweet_raw": "I KNOW MY LORD AND SAVIOR JESUS CHRIST WILL MAKE FOOLS OF AND PUNISH ALL WHO HAVE PARTICIPATED IN UNFAIR CONTRACTS",
            "tweet": "i know my lord and savior jesus christ will make fools of and punish all who have participated in unfair contracts"
        },
        {
            "date": "2020-09-18 20:32:54+00:00",
            "tweet_raw": "WE\u2019RE GOING TO MOVE THE ENTIRE MUSIC INDUSTRY INTO THE 21ST CENTURY",
            "tweet": "we\u2019re going to move the entire music industry into the 21st century"
        },
        {
            "date": "2020-09-18 13:55:58+00:00",
            "tweet_raw": "we will change the paradigm",
            "tweet": "we will change the paradigm"
        },
        {
            "date": "2020-09-24 04:11:11+00:00",
            "tweet_raw": "LAQUAN SMITH AND HYPE WILLIAMS https://t.co/wEe0DwBgub",
            "tweet": "laquan smith and hype williams "
        },
        {
            "date": "2020-09-22 04:55:49+00:00",
            "tweet_raw": "Getting our simplified DONDA gardens together      No squash \ud83e\udd37\ud83c\udffe\u200d\u2642\ufe0f aaaaand definitely no broccoli \ud83e\udd23 https://t.co/L82gJLpRWV",
            "tweet": "getting our simplified donda gardens together      no squash \ud83e\udd37\ud83c\udffe\u200d\u2642\ufe0f aaaaand definitely no broccoli \ud83e\udd23 "
        },
        {
            "date": "2020-09-20 17:35:06+00:00",
            "tweet_raw": "NO MORE blanket licenses. It should be clear from day one\u2026 what shares you get NOW and when you leave. If your song helps a deal over the line you invested in that store / app same as they did.",
            "tweet": "no more blanket licenses. it should be clear from day one\u2026 what shares you get now and when you leave. if your song helps a deal over the line you invested in that store / app same as they did."
        },
        {
            "date": "2020-09-21 18:53:43+00:00",
            "tweet_raw": "THE LAST POST SHOWING THE BOLLORE BOARD WAS MISSING PHOTOS ... HERE GOES EVERYONE \u26f7 https://t.co/iETBuENaE7",
            "tweet": "the last post showing the bollore board was missing photos ... here goes everyone \u26f7 "
        },
        {
            "date": "2020-09-20 17:26:58+00:00",
            "tweet_raw": "NEW RECORDING AND PUBLISHING DEAL GUIDELINES",
            "tweet": "new recording and publishing deal guidelines"
        },
        {
            "date": "2020-09-21 18:22:28+00:00",
            "tweet_raw": "AND MY SUPER DUPER POOPER SCOOPER STAR SHIP TROOPER BEST FRIENDS AT BOLLORE \ud83d\ude0a https://t.co/0xces8X5TU",
            "tweet": "and my super duper pooper scooper star ship trooper best friends at bollore \ud83d\ude0a "
        },
        {
            "date": "2020-09-18 20:20:16+00:00",
            "tweet_raw": "CULTURE IS THE MOST POWERFUL FORCE IN HUMANITY UNDER GOD",
            "tweet": "culture is the most powerful force in humanity under god"
        },
        {
            "date": "2020-09-16 13:09:28+00:00",
            "tweet_raw": "SONY YOU NOT OFF THE HOOK EITHER ... ONE BATTLE AT A TIME",
            "tweet": "sony you not off the hook either ... one battle at a time"
        },
        {
            "date": "2020-09-16 13:42:01+00:00",
            "tweet_raw": "Meanwhile https://t.co/62TdLENa9U",
            "tweet": "meanwhile "
        },
        {
            "date": "2020-09-16 13:42:01+00:00",
            "tweet_raw": "Meanwhile https://t.co/62TdLENa9U",
            "tweet": "meanwhile "
        },
        {
            "date": "2020-09-18 16:51:26+00:00",
            "tweet_raw": "YEEZY CHRISTIAN ACADEMY ... JESUS  IS SO GOOD ... WON\u2019T HE DO IT https://t.co/Ose9pe0Tul",
            "tweet": "yeezy christian academy ... jesus  is so good ... won\u2019t he do it "
        },
        {
            "date": "2020-09-22 02:48:20+00:00",
            "tweet_raw": "\ud83d\udd4a https://t.co/9A1Lwu1Uec",
            "tweet": "\ud83d\udd4a "
        },
        {
            "date": "2020-09-18 16:52:34+00:00",
            "tweet_raw": "A CREED FOR ALL WARRIORS WHO FIGHT IN THE NAME OF JESUS TO PROTECT OUR CHILDREN AT ALL COST                                                   WE ARE NOT AFRAID OF DEATH     WE ARE NOT AFRAID OF HUMILIATION WE ARE NOT AFRAID BANKRUPTCIES                            WE ONLY FEAR GOD",
            "tweet": "a creed for all warriors who fight in the name of jesus to protect our children at all cost                                                   we are not afraid of death     we are not afraid of humiliation we are not afraid bankruptcies                            we only fear god"
        },
        {
            "date": "2020-09-18 16:45:57+00:00",
            "tweet_raw": "FREE SHUG https://t.co/egs9uMa8vD",
            "tweet": "free shug "
        },
        {
            "date": "2020-09-18 13:55:58+00:00",
            "tweet_raw": "we will change the paradigm",
            "tweet": "we will change the paradigm"
        },
        {
            "date": "2020-09-20 18:06:28+00:00",
            "tweet_raw": "There are 5 main pillars in a professional musicians business                        Recording    Publishing    Touring    Merchandise    &amp;   Name and likeness",
            "tweet": "there are 5 main pillars in a professional musicians business                        recording    publishing    touring    merchandise    &amp;   name and likeness"
        },
        {
            "date": "2020-09-21 06:56:46+00:00",
            "tweet_raw": "Ma$e is right about that line ... I always felt funny about that line ... Ma$e is one of my favorite rappers and I based a lot of my flows off of him ...  I\u2019m the king of \u201cooh can I get away with this bars\u201d so I reap what I sow when the next generation does the same to me.",
            "tweet": "ma$e is right about that line ... i always felt funny about that line ... ma$e is one of my favorite rappers and i based a lot of my flows off of him ...  i\u2019m the king of \u201cooh can i get away with this bars\u201d so i reap what i sow when the next generation does the same to me."
        },
        {
            "date": "2020-09-22 02:48:20+00:00",
            "tweet_raw": "\ud83d\udd4a https://t.co/9A1Lwu1Uec",
            "tweet": "\ud83d\udd4a "
        },
        {
            "date": "2020-09-29 04:51:31+00:00",
            "tweet_raw": "Praying for Armenia     Praying for Breonna Taylor\u2019s family  Praying for a world ravaged by the pandemic   Praying for God\u2019s love to cover us all  Cover our friends and family  soften the hearts of the world    Thank you God for our lives.  In Jesus name Amen",
            "tweet": "praying for armenia     praying for breonna taylor\u2019s family  praying for a world ravaged by the pandemic   praying for god\u2019s love to cover us all  cover our friends and family  soften the hearts of the world    thank you god for our lives.  in jesus name amen"
        },
        {
            "date": "2020-09-18 16:52:34+00:00",
            "tweet_raw": "A CREED FOR ALL WARRIORS WHO FIGHT IN THE NAME OF JESUS TO PROTECT OUR CHILDREN AT ALL COST                                                   WE ARE NOT AFRAID OF DEATH     WE ARE NOT AFRAID OF HUMILIATION WE ARE NOT AFRAID BANKRUPTCIES                            WE ONLY FEAR GOD",
            "tweet": "a creed for all warriors who fight in the name of jesus to protect our children at all cost                                                   we are not afraid of death     we are not afraid of humiliation we are not afraid bankruptcies                            we only fear god"
        },
        {
            "date": "2020-09-18 14:44:36+00:00",
            "tweet_raw": "Universal.    Sold ten cent a Chinese co 10 per cent at a 33 billion dollar valuation.    Principal is Vincent bollerre.    Universal own a chunk of Spotify that was given to them for agreeing to license artists masters.  Flowed through nothing to artists.",
            "tweet": "universal.    sold ten cent a chinese co 10 per cent at a 33 billion dollar valuation.    principal is vincent bollerre.    universal own a chunk of spotify that was given to them for agreeing to license artists masters.  flowed through nothing to artists."
        },
        {
            "date": "2020-10-13 18:48:55+00:00",
            "tweet_raw": "My condolences to the family and the people of Manchester, Tennessee who lost their dedicated Mayor, Lonnie Norman to COVID-19.",
            "tweet": "my condolences to the family and the people of manchester, tennessee who lost their dedicated mayor, lonnie norman to covid-19."
        },
        {
            "date": "2020-09-20 17:30:05+00:00",
            "tweet_raw": "2. The record label / publisher is a service provider that receives a share of the income for a limited term. The split can be 80/20 in the artists favor",
            "tweet": "2. the record label / publisher is a service provider that receives a share of the income for a limited term. the split can be 80/20 in the artists favor"
        },
        {
            "date": "2020-09-18 20:20:09+00:00",
            "tweet_raw": "@Eminem      Thank you for rapping on the Dr Dre remix of my daughter\u2019s favorite song of mine USE THIS GOSPEL",
            "tweet": "      thank you for rapping on the dr dre remix of my daughter\u2019s favorite song of mine use this gospel"
        },
        {
            "date": "2020-09-20 17:33:09+00:00",
            "tweet_raw": "4. LAWYERS \n\nthe first thing that changes about Record Deals is actually lawyers.\n\nWe need Plain English contracts. A Lawyers role is to IMPROVE deals\u2026. not charge for contracts we cannot understand or track. Re-write deals to be understandable from FIRST READ.",
            "tweet": "4. lawyers \n\nthe first thing that changes about record deals is actually lawyers.\n\nwe need plain english contracts. a lawyers role is to improve deals\u2026. not charge for contracts we cannot understand or track. re-write deals to be understandable from first read."
        },
        {
            "date": "2020-09-20 18:00:00+00:00",
            "tweet_raw": "This is a call for all artist to unify ... I will get my masters , I got the most powerful lawyer in music and I can afford them but every artist must be freed and treated fairly",
            "tweet": "this is a call for all artist to unify ... i will get my masters , i got the most powerful lawyer in music and i can afford them but every artist must be freed and treated fairly"
        },
        {
            "date": "2020-09-16 17:10:21+00:00",
            "tweet_raw": "ALL THE MUSICIANS WILL BE FREE",
            "tweet": "all the musicians will be free"
        },
        {
            "date": "2020-09-20 17:35:06+00:00",
            "tweet_raw": "NO MORE blanket licenses. It should be clear from day one\u2026 what shares you get NOW and when you leave. If your song helps a deal over the line you invested in that store / app same as they did.",
            "tweet": "no more blanket licenses. it should be clear from day one\u2026 what shares you get now and when you leave. if your song helps a deal over the line you invested in that store / app same as they did."
        },
        {
            "date": "2020-10-28 03:50:34+00:00",
            "tweet_raw": "EVERYDAY    JOEL\u2019S NEW SERMONS ARE SUPER UPLIFTING AND INSPIRING      PRAISE GOD FOR THE MOTIVATION        JESUS STAYS WINNING https://t.co/gitP0B2MJA",
            "tweet": "everyday    joel\u2019s new sermons are super uplifting and inspiring      praise god for the motivation        jesus stays winning "
        },
        {
            "date": "2020-09-18 04:06:07+00:00",
            "tweet_raw": "Artist are founders",
            "tweet": "artist are founders"
        },
        {
            "date": "2020-11-03 14:48:22+00:00",
            "tweet_raw": "Life is the ultimate gift",
            "tweet": "life is the ultimate gift"
        },
        {
            "date": "2020-09-21 06:56:46+00:00",
            "tweet_raw": "Ma$e is right about that line ... I always felt funny about that line ... Ma$e is one of my favorite rappers and I based a lot of my flows off of him ...  I\u2019m the king of \u201cooh can I get away with this bars\u201d so I reap what I sow when the next generation does the same to me.",
            "tweet": "ma$e is right about that line ... i always felt funny about that line ... ma$e is one of my favorite rappers and i based a lot of my flows off of him ...  i\u2019m the king of \u201cooh can i get away with this bars\u201d so i reap what i sow when the next generation does the same to me."
        },
        {
            "date": "2020-09-16 13:45:50+00:00",
            "tweet_raw": "I honestly need all my Royeres to be museum quality... if I see a fake Royere Ima have to Rick James your couch https://t.co/w9Ri1kLFY3",
            "tweet": "i honestly need all my royeres to be museum quality... if i see a fake royere ima have to rick james your couch "
        },
        {
            "date": "2020-09-20 17:42:03+00:00",
            "tweet_raw": "7. PORTALS\n\nAre not just for royalties. They are for your entire business.\u00a0\u00a0Every audio file, every asset, every deal stored WITH the money. Money and Music must stay together. When your term ends, download it all. Leave.",
            "tweet": "7. portals\n\nare not just for royalties. they are for your entire business.\u00a0\u00a0every audio file, every asset, every deal stored with the money. money and music must stay together. when your term ends, download it all. leave."
        },
        {
            "date": "2020-09-20 18:06:28+00:00",
            "tweet_raw": "There are 5 main pillars in a professional musicians business                        Recording    Publishing    Touring    Merchandise    &amp;   Name and likeness",
            "tweet": "there are 5 main pillars in a professional musicians business                        recording    publishing    touring    merchandise    &amp;   name and likeness"
        },
        {
            "date": "2020-09-19 13:41:02+00:00",
            "tweet_raw": "YEEZY CHRISTIAN ACADEMY V1 https://t.co/YRqK9daOCs",
            "tweet": "yeezy christian academy v1 "
        }
    ],
    "len": 100
}