{
    "account": "@katyperry",
    "type": "Pop",
    "tweets": [
        {
            "date": "2021-04-20 00:49:36+00:00",
            "tweet_raw": "A balanced meal was SERVED! We can finally get all the flavas of @faithbecnel \ud83c\udf72 #AmericanIdol https://t.co/L5IaG7wgmU",
            "tweet": "a balanced meal was served! we can finally get all the flavas of  \ud83c\udf72  "
        },
        {
            "date": "2022-03-12 01:22:31+00:00",
            "tweet_raw": "How one \ud83d\udcad\u201cwhat if\u201d\ud83d\udcad turned into #PLAY \ud83c\udf44\u2665\ufe0f\n\nhttps://t.co/mqOX8IRWNb",
            "tweet": "how one \ud83d\udcad\u201cwhat if\u201d\ud83d\udcad turned into  \ud83c\udf44\u2665\ufe0f\n\n"
        },
        {
            "date": "2021-05-18 21:23:01+00:00",
            "tweet_raw": "Don\u2019t get it twisted this is simple and CHIC! Get yours on the @kpcollections website or on @amazon! \ud83e\udd0e #shoesdaytuesday https://t.co/KnerV4opdg",
            "tweet": "don\u2019t get it twisted this is simple and chic! get yours on the  website or on ! \ud83e\udd0e  "
        },
        {
            "date": "2021-04-12 00:30:10+00:00",
            "tweet_raw": ".@alanissophia keeps \u26a1\ufe0f\u26a1\ufe0fshocking\u26a1\ufe0f\u26a1\ufe0f us week after week \ud83d\ude32 #AmericanIdol https://t.co/HRG3aaUchO",
            "tweet": ". keeps \u26a1\ufe0f\u26a1\ufe0fshocking\u26a1\ufe0f\u26a1\ufe0f us week after week \ud83d\ude32  "
        },
        {
            "date": "2021-09-01 00:03:57+00:00",
            "tweet_raw": "dang #CarlSagan the prophet, an excerpt from his book from 1995: https://t.co/9f3crqXJjA",
            "tweet": "dang  the prophet, an excerpt from his book from 1995: "
        },
        {
            "date": "2021-10-25 16:09:46+00:00",
            "tweet_raw": "From folding sweatshirts at the Santa Barbara Gap to 20 years later, starring in a Mark Romanek-directed holiday campaign \u2744\ufe0f dreams do come true! And @Gap is also helping to make dreams come true for @baby2baby \ud83d\udc76\ud83c\udffc https://t.co/VnGe37q5Ik",
            "tweet": "from folding sweatshirts at the santa barbara gap to 20 years later, starring in a mark romanek-directed holiday campaign \u2744\ufe0f dreams do come true! and  is also helping to make dreams come true for  \ud83d\udc76\ud83c\udffc "
        },
        {
            "date": "2021-09-08 00:25:36+00:00",
            "tweet_raw": "@tylerthecreator i got u https://t.co/GgIeC5cXeC",
            "tweet": " i got u "
        },
        {
            "date": "2022-04-05 01:33:22+00:00",
            "tweet_raw": "This is the face of someone being SHOWSTOPPED \ud83d\ude35\u200d\ud83d\udcab r you watching #americanidol?!i https://t.co/gWMgxYcR1O",
            "tweet": "this is the face of someone being showstopped \ud83d\ude35\u200d\ud83d\udcab r you watching ?!i "
        },
        {
            "date": "2021-11-30 21:14:35+00:00",
            "tweet_raw": "Pleased as punch that so many of you streamed my All You Need is Love track on @Spotify. Because of it, @Gap will be donating $100k to @baby2baby #GivingTuesday https://t.co/MB8dzAZTiI",
            "tweet": "pleased as punch that so many of you streamed my all you need is love track on . because of it,  will be donating $100k to   "
        },
        {
            "date": "2021-04-05 03:00:47+00:00",
            "tweet_raw": "West coast hop on over to #AmericanIdol now! \ud83d\udc30 https://t.co/yU3sUgjbIH",
            "tweet": "west coast hop on over to  now! \ud83d\udc30 "
        },
        {
            "date": "2021-04-06 02:01:10+00:00",
            "tweet_raw": "Dont forget to make that stage YOUR BITCH\ud83e\udd18\ud83c\udffc@thecaseybishop #AmericanIdol https://t.co/pjfLABmqvh",
            "tweet": "dont forget to make that stage your bitch\ud83e\udd18\ud83c\udffc  "
        },
        {
            "date": "2021-05-14 17:49:49+00:00",
            "tweet_raw": "\u26a1\ufe0f https://t.co/pkmxDWhPwK",
            "tweet": "\u26a1\ufe0f "
        },
        {
            "date": "2021-06-09 21:40:36+00:00",
            "tweet_raw": "\u201cRefreshing\u201d my #WellnessWednesday with a @BraggLiveFoods refresher PREbiotic \u2600\ufe0f slide for flavors and my fav flav at the end \ud83d\udc81\ud83c\udffc\u200d\u2640\ufe0f\ud83c\udf4e\u2665\ufe0f#anappleaday \nhttps://t.co/KqxTm5BD2x https://t.co/Myh3KgGMlT",
            "tweet": "\u201crefreshing\u201d my  with a  refresher prebiotic \u2600\ufe0f slide for flavors and my fav flav at the end \ud83d\udc81\ud83c\udffc\u200d\u2640\ufe0f\ud83c\udf4e\u2665\ufe0f \n "
        },
        {
            "date": "2021-04-05 02:01:20+00:00",
            "tweet_raw": "Great advice for @GraceKinstler @JossStone - don\u2019t give it all away at once \ud83d\ude09 #AmericanIdol https://t.co/BcvoP4rssb",
            "tweet": "great advice for   - don\u2019t give it all away at once \ud83d\ude09  "
        },
        {
            "date": "2021-05-04 21:36:52+00:00",
            "tweet_raw": "last week I swapped my sweats for spanx (and heels a\u2019course) to get on Amazon Live and talk all things @kpcollections \ud83e\udd17 if u missed it no worries cause you can curb ur FOMO (+ snag some fun for ur feet \ud83d\udc63) at  l https://t.co/HdZTANcOQJ #shoesdaytuesday https://t.co/FkpOT53OHs",
            "tweet": "last week i swapped my sweats for spanx (and heels a\u2019course) to get on amazon live and talk all things  \ud83e\udd17 if u missed it no worries cause you can curb ur fomo (+ snag some fun for ur feet \ud83d\udc63) at  l   "
        },
        {
            "date": "2022-03-29 15:02:51+00:00",
            "tweet_raw": "Sitting on top of the world - literally as 100% owner and CEO of @kpcollections and figuratively on these magnificent new Spring platforms. Go to https://t.co/F1qKGOllSl to shop the lewk \ud83d\udc81\ud83c\udffb\u200d\u2640\ufe0f https://t.co/Gn0x7HvHAe",
            "tweet": "sitting on top of the world - literally as 100% owner and ceo of  and figuratively on these magnificent new spring platforms. go to  to shop the lewk \ud83d\udc81\ud83c\udffb\u200d\u2640\ufe0f "
        },
        {
            "date": "2021-04-12 01:11:23+00:00",
            "tweet_raw": "You\u2019ve made it to the top 16 @colinjamieson_ next goal is to mosh with @ryanseacrest \ud83e\udd18\ud83c\udffc #AmericanIdol https://t.co/LCe3fvVVDL",
            "tweet": "you\u2019ve made it to the top 16  next goal is to mosh with  \ud83e\udd18\ud83c\udffc  "
        },
        {
            "date": "2022-04-19 21:13:03+00:00",
            "tweet_raw": "this SLAPS https://t.co/eFXMMGASuF",
            "tweet": "this slaps "
        },
        {
            "date": "2021-05-15 16:42:25+00:00",
            "tweet_raw": "\u26a1\ufe0f https://t.co/afhnwLA6q9",
            "tweet": "\u26a1\ufe0f "
        },
        {
            "date": "2021-04-06 01:49:13+00:00",
            "tweet_raw": "Wait\u2026now @jeweljk might be onto something @hunterjmetts \ud83d\udd75\ud83c\udffc\u200d\u2640\ufe0f\ud83e\udd14#AmericanIdol https://t.co/5JroBenSXA",
            "tweet": "wait\u2026now  might be onto something  \ud83d\udd75\ud83c\udffc\u200d\u2640\ufe0f\ud83e\udd14 "
        },
        {
            "date": "2021-04-06 01:49:57+00:00",
            "tweet_raw": "me when people ask me if I\u2019m playing shows in 2021 \ud83d\ude08 https://t.co/l4wOKkBrpZ",
            "tweet": "me when people ask me if i\u2019m playing shows in 2021 \ud83d\ude08 "
        },
        {
            "date": "2021-04-27 16:02:10+00:00",
            "tweet_raw": "Sneak(er) peek \ud83d\udc5f\ud83d\udc40 at my @kpcollections launching tomorrow on #AmazonLive! And don\u2019t forget to drop me questions \ud83d\udc47\ud83c\udffb can\u2019t wait to talk to you! #shoesdaytuesday @AmazonFashion #founditonamazon https://t.co/sBvgnjTZV0",
            "tweet": "sneak(er) peek \ud83d\udc5f\ud83d\udc40 at my  launching tomorrow on ! and don\u2019t forget to drop me questions \ud83d\udc47\ud83c\udffb can\u2019t wait to talk to you!    "
        },
        {
            "date": "2021-12-25 05:42:12+00:00",
            "tweet_raw": "@katycatbrit PINK",
            "tweet": " pink"
        },
        {
            "date": "2021-09-13 03:04:42+00:00",
            "tweet_raw": "stream Harley\u2019s In Hawaii to feel like you\u2019re on an all expenses paid vacation",
            "tweet": "stream harley\u2019s in hawaii to feel like you\u2019re on an all expenses paid vacation"
        },
        {
            "date": "2021-08-03 21:12:33+00:00",
            "tweet_raw": "Reach for the \u2b50\ufe0fSTAR\u2b50\ufe0f and go for your own \ud83c\udfc5gold\ud83c\udfc5 this summer #shoesdaytuesday @kpcollections @AmazonFashion https://t.co/wLzErpePCY",
            "tweet": "reach for the \u2b50\ufe0fstar\u2b50\ufe0f and go for your own \ud83c\udfc5gold\ud83c\udfc5 this summer    "
        },
        {
            "date": "2021-04-12 02:00:38+00:00",
            "tweet_raw": "Actual look of @LukeBryanOnline whenever he watches @ChayceBeckham perform \ud83e\uddd0\ud83d\udcdd #AmericanIdol https://t.co/IzzAa4byca",
            "tweet": "actual look of  whenever he watches  perform \ud83e\uddd0\ud83d\udcdd  "
        },
        {
            "date": "2021-04-06 01:37:31+00:00",
            "tweet_raw": "Actual footage of @calebkennedy taking @Jason_Aldean\u2019s advice and getting rid of his crutch (aka his \ud83c\udfb8) \ud83c\udfc3#AmericanIdol https://t.co/jy5ptSJlv4",
            "tweet": "actual footage of  taking \u2019s advice and getting rid of his crutch (aka his \ud83c\udfb8) \ud83c\udfc3 "
        },
        {
            "date": "2021-08-25 00:14:03+00:00",
            "tweet_raw": "Of course I took a heel and \ud83d\udc9b\ud83c\udf3c COVERED IT IN DAISIES \ud83c\udf3c\ud83d\udc9b #shoesdaytuesday @kpcollections @AmazonFashion https://t.co/gRNzObTol2",
            "tweet": "of course i took a heel and \ud83d\udc9b\ud83c\udf3c covered it in daisies \ud83c\udf3c\ud83d\udc9b    "
        },
        {
            "date": "2021-04-12 00:57:47+00:00",
            "tweet_raw": "Once @casscoleman starts believing in herself\u2026 \u2604\ufe0f\ud83d\udcab\ud83c\udf1f #AmericanIdol https://t.co/qk3K40S6Qs",
            "tweet": "once  starts believing in herself\u2026 \u2604\ufe0f\ud83d\udcab\ud83c\udf1f  "
        },
        {
            "date": "2021-05-09 20:58:35+00:00",
            "tweet_raw": "i found everything i was ever searching for when i became a mother. so grateful for that profound, deep love and honored to join the mama club. happiest Mother\u2019s Day \u2665\ufe0f\ud83c\udf3c",
            "tweet": "i found everything i was ever searching for when i became a mother. so grateful for that profound, deep love and honored to join the mama club. happiest mother\u2019s day \u2665\ufe0f\ud83c\udf3c"
        },
        {
            "date": "2022-04-05 05:28:36+00:00",
            "tweet_raw": "VOTE UR FAV (contestant AND my Disney night costume) PLEASE N THANKS #AmericanIdol https://t.co/5t04WR6e08",
            "tweet": "vote ur fav (contestant and my disney night costume) please n thanks  "
        },
        {
            "date": "2021-12-22 08:44:34+00:00",
            "tweet_raw": "@katycat_gurl or is that silver? Omg not this again.",
            "tweet": " or is that silver? omg not this again."
        },
        {
            "date": "2021-08-24 06:29:56+00:00",
            "tweet_raw": "do you like turmeric \ud83d\ude02 https://t.co/SXlPe1UNPH",
            "tweet": "do you like turmeric \ud83d\ude02 "
        },
        {
            "date": "2021-05-21 07:19:04+00:00",
            "tweet_raw": "ily kc\u2019s",
            "tweet": "ily kc\u2019s"
        },
        {
            "date": "2021-04-20 00:11:43+00:00",
            "tweet_raw": "Only one way to settle this boys\u2026.\ud83d\udde3DANCE BATTLE\ud83d\udea8@RyanSeacrest @mrBobbyBones #AmericanIdol https://t.co/ejTJtcXC8l",
            "tweet": "only one way to settle this boys\u2026.\ud83d\udde3dance battle\ud83d\udea8   "
        },
        {
            "date": "2021-10-01 04:31:41+00:00",
            "tweet_raw": "OMG @lorde IS A MOTHER F*CKING G",
            "tweet": "omg  is a mother f*cking g"
        },
        {
            "date": "2021-12-30 19:56:19+00:00",
            "tweet_raw": "Come #PLAY\ud83c\udf44 with me in VEGAS @ResortsWorldLV \u2665\ufe0f\u2665\ufe0f\u2665\ufe0f https://t.co/LUX8ZjMMUz",
            "tweet": "come \ud83c\udf44 with me in vegas  \u2665\ufe0f\u2665\ufe0f\u2665\ufe0f "
        },
        {
            "date": "2021-04-19 01:41:39+00:00",
            "tweet_raw": "If you\u2019re watching are you clutching your pearls like I am? We\u2019re going down to 9. Obviously we are not fine. #AmericanIdol https://t.co/HGqA3uzbuM",
            "tweet": "if you\u2019re watching are you clutching your pearls like i am? we\u2019re going down to 9. obviously we are not fine.  "
        },
        {
            "date": "2021-06-29 15:33:14+00:00",
            "tweet_raw": "When there\u2019s a \u2600\ufe0fheat wave\u2600\ufe0f you can count on these new Geli flip flops to feel dat cool summer breeze between ur toes \ud83e\uddca\ud83d\ude0e #shoesdaytuesday @kpcollections @AmazonFashion https://t.co/h3iUEj6S67",
            "tweet": "when there\u2019s a \u2600\ufe0fheat wave\u2600\ufe0f you can count on these new geli flip flops to feel dat cool summer breeze between ur toes \ud83e\uddca\ud83d\ude0e    "
        },
        {
            "date": "2021-05-09 21:29:34+00:00",
            "tweet_raw": "Happy Mama\u2019s Day to my Mother\u2019s Day idols (sorry not sorry sis) \u2665\ufe0f\nYour Top 7 become your Top 5 with their Mother\u2019s Day tributes (and @coldplay songs) hope you\u2019re \ud83e\udd7acuddling up\ud83e\udd7a / live texting with ur mamas about #americanidol tonight! We\u2019re LIVE coast to coast at 8p ET / 5p PT https://t.co/dd9yUB8Knd",
            "tweet": "happy mama\u2019s day to my mother\u2019s day idols (sorry not sorry sis) \u2665\ufe0f\nyour top 7 become your top 5 with their mother\u2019s day tributes (and  songs) hope you\u2019re \ud83e\udd7acuddling up\ud83e\udd7a / live texting with ur mamas about  tonight! we\u2019re live coast to coast at 8p et / 5p pt "
        },
        {
            "date": "2021-04-05 01:37:08+00:00",
            "tweet_raw": ".@cecilrofficial through the power vested by #AmericanIdol, @JimmieAllen now dubs you \u2018Sir Big Daddy C\u2019 \ud83c\udff0\u269c\ufe0f\u2694\ufe0f https://t.co/sD812Zs8rL",
            "tweet": ". through the power vested by ,  now dubs you \u2018sir big daddy c\u2019 \ud83c\udff0\u269c\ufe0f\u2694\ufe0f "
        },
        {
            "date": "2021-09-14 03:01:10+00:00",
            "tweet_raw": "Share this if you\u2019ve already voted NO on the California recall \ud83d\udc81\ud83c\udffc\u200d\u2640\ufe0f (or if you\u2019ve reminded your fav California friendz n fam to vote! \u2714\ufe0f)\n\nPS \ud83d\udea8YOU ONLY HAVE TIL 8PM TOMORROW!\ud83d\udea8 https://t.co/MZl8eBwHXL",
            "tweet": "share this if you\u2019ve already voted no on the california recall \ud83d\udc81\ud83c\udffc\u200d\u2640\ufe0f (or if you\u2019ve reminded your fav california friendz n fam to vote! \u2714\ufe0f)\n\nps \ud83d\udea8you only have til 8pm tomorrow!\ud83d\udea8 "
        },
        {
            "date": "2021-05-15 15:08:21+00:00",
            "tweet_raw": "\u26a1\ufe0f https://t.co/8loaP1vkZh",
            "tweet": "\u26a1\ufe0f "
        },
        {
            "date": "2021-05-17 00:21:25+00:00",
            "tweet_raw": "ARE YOU WATCHING THIS \ud83d\udd25RED HOT DRAMA?!\ud83d\udd25 DONT FORGET TO VOTE... 4 BECOME 3 TONIGHT \ud83d\ude31\ud83d\ude31\ud83d\ude31 #AMERICANIDOL https://t.co/2Be3k1PyRg",
            "tweet": "are you watching this \ud83d\udd25red hot drama?!\ud83d\udd25 dont forget to vote... 4 become 3 tonight \ud83d\ude31\ud83d\ude31\ud83d\ude31  "
        },
        {
            "date": "2022-02-01 17:46:19+00:00",
            "tweet_raw": "Season 20 of @americanidol is about to \ud83d\ude80BLAST OFF\ud83d\ude80! Tune in to the adventure Feb. 27 on @ABCNetwork cause we really go the distance to find the best talent in the universe \u2728\ud83e\ude90\ud83d\udc7d\u270c\ud83c\udffb https://t.co/IXM5i95Uwy",
            "tweet": "season 20 of  is about to \ud83d\ude80blast off\ud83d\ude80! tune in to the adventure feb. 27 on  cause we really go the distance to find the best talent in the universe \u2728\ud83e\ude90\ud83d\udc7d\u270c\ud83c\udffb "
        },
        {
            "date": "2022-04-04 00:02:38+00:00",
            "tweet_raw": "me #hollywoodweek mewd \ud83e\udd74\ud83d\ude04\ud83e\udd17\ud83d\ude12 which slide is yours\u2049\ufe0f#americanidol is on rn okkkkkk https://t.co/cpA1QrVgYP",
            "tweet": "me  mewd \ud83e\udd74\ud83d\ude04\ud83e\udd17\ud83d\ude12 which slide is yours\u2049\ufe0f is on rn okkkkkk "
        },
        {
            "date": "2022-01-07 17:55:04+00:00",
            "tweet_raw": "Dropping into Vegas like\u2026 \ud83d\ude2f\ud83e\udd0c\ud83c\udffb\n\nSee you tonight @rwlvtheatre! Can\u2019t wait to #PLAY\ud83c\udf44 again lezzz go \ud83e\udd38\ud83c\udffb\u200d\u2640\ufe0f https://t.co/Tb25W31Pi8",
            "tweet": "dropping into vegas like\u2026 \ud83d\ude2f\ud83e\udd0c\ud83c\udffb\n\nsee you tonight ! can\u2019t wait to \ud83c\udf44 again lezzz go \ud83e\udd38\ud83c\udffb\u200d\u2640\ufe0f "
        },
        {
            "date": "2021-08-17 16:21:55+00:00",
            "tweet_raw": "What have we become \ud83d\ude14\ud83d\ude02\n\nToddler Cites Freedom Of Choice In Refusal To Use Potty https://t.co/SuS3QvrwsI",
            "tweet": "what have we become \ud83d\ude14\ud83d\ude02\n\ntoddler cites freedom of choice in refusal to use potty "
        },
        {
            "date": "2021-09-03 16:54:49+00:00",
            "tweet_raw": "California, here is how to not turn into Texas \ud83e\udd26\ud83c\udffc\u200d\u2640\ufe0f\n\n#VoteNoOnTheRecall \ud83d\uddf3\n\nGo to your nearest mailbox, ballot drop box, or early voting location by September 14.\n\nThat\u2019s it \ud83d\udc85\ud83c\udffb (for now) https://t.co/Eam6UUcYO3",
            "tweet": "california, here is how to not turn into texas \ud83e\udd26\ud83c\udffc\u200d\u2640\ufe0f\n\n \ud83d\uddf3\n\ngo to your nearest mailbox, ballot drop box, or early voting location by september 14.\n\nthat\u2019s it \ud83d\udc85\ud83c\udffb (for now) "
        },
        {
            "date": "2021-05-27 23:05:58+00:00",
            "tweet_raw": "If you think this billboard is larger than life... wait til you see \ud83c\udf44 PLAY \ud83c\udf44 \ud83c\udf9f: https://t.co/QNXMJ68iph \u2665\ufe0f https://t.co/h2H1X1XVT8",
            "tweet": "if you think this billboard is larger than life... wait til you see \ud83c\udf44 play \ud83c\udf44 \ud83c\udf9f:  \u2665\ufe0f "
        },
        {
            "date": "2021-04-15 06:26:55+00:00",
            "tweet_raw": "anyway. Ily.",
            "tweet": "anyway. ily."
        },
        {
            "date": "2021-04-12 00:14:19+00:00",
            "tweet_raw": ".@grahamdefranco going to bed tonight at 7:00PM knowing he\u2019s in the Top 16 \ud83d\ude34 #AmericanIdol https://t.co/PK5LkMISIW",
            "tweet": ". going to bed tonight at 7:00pm knowing he\u2019s in the top 16 \ud83d\ude34  "
        },
        {
            "date": "2021-10-12 21:54:36+00:00",
            "tweet_raw": "not this poor baby https://t.co/OJUAIpXfV7",
            "tweet": "not this poor baby "
        },
        {
            "date": "2021-05-17 00:21:25+00:00",
            "tweet_raw": "ARE YOU WATCHING THIS \ud83d\udd25RED HOT DRAMA?!\ud83d\udd25 DONT FORGET TO VOTE... 4 BECOME 3 TONIGHT \ud83d\ude31\ud83d\ude31\ud83d\ude31 #AMERICANIDOL https://t.co/2Be3k1PyRg",
            "tweet": "are you watching this \ud83d\udd25red hot drama?!\ud83d\udd25 dont forget to vote... 4 become 3 tonight \ud83d\ude31\ud83d\ude31\ud83d\ude31  "
        },
        {
            "date": "2021-04-20 01:47:48+00:00",
            "tweet_raw": "When Idol is at 8, but your valedictorian speech is at 8:30 \ud83d\udd63 \ud83d\udc69\u200d\ud83c\udf93@OliviaXimines #AmericanIdol https://t.co/SCG7SWCB0H",
            "tweet": "when idol is at 8, but your valedictorian speech is at 8:30 \ud83d\udd63 \ud83d\udc69\u200d\ud83c\udf93  "
        },
        {
            "date": "2021-09-14 23:31:24+00:00",
            "tweet_raw": "When HiH is having a mome \ud83d\udc9e\ud83c\udf3a but it\u2019s also #ShoesdayTuesday \ud83d\ude1c#YouAndI aka @kpcollections and #KCs @AmazonFashion https://t.co/5zYkrmseJ5",
            "tweet": "when hih is having a mome \ud83d\udc9e\ud83c\udf3a but it\u2019s also  \ud83d\ude1c aka  and   "
        },
        {
            "date": "2021-12-27 04:34:26+00:00",
            "tweet_raw": "@_katyschampion @wipeyourstears Halter! \ud83c\udf44",
            "tweet": "  halter! \ud83c\udf44"
        },
        {
            "date": "2021-06-30 13:04:21+00:00",
            "tweet_raw": "Excited &amp; \ud83d\udc40curious\ud83d\udc40 to be launching my FIRST ever #NFTs later this year w/ @Theta_Network. Look out for memorable &amp; creative moments from my \ud83c\udf44 residency \ud83c\udf44 that\u2019s both a digital collectible AND an IRL experience \ud83d\ude31TANGIBLE\ud83d\ude31 Pre-register for more info! https://t.co/kiEwPLZH4T https://t.co/uYNhpDW8oy",
            "tweet": "excited &amp; \ud83d\udc40curious\ud83d\udc40 to be launching my first ever  later this year w/ . look out for memorable &amp; creative moments from my \ud83c\udf44 residency \ud83c\udf44 that\u2019s both a digital collectible and an irl experience \ud83d\ude31tangible\ud83d\ude31 pre-register for more info!  "
        },
        {
            "date": "2021-04-12 02:14:01+00:00",
            "tweet_raw": "\u203c\ufe0fDONT FORGET\u203c\ufe0f #americanidol https://t.co/3MNoi9AMZ9",
            "tweet": "\u203c\ufe0fdont forget\u203c\ufe0f  "
        },
        {
            "date": "2021-04-15 06:22:41+00:00",
            "tweet_raw": "social media is trash",
            "tweet": "social media is trash"
        },
        {
            "date": "2021-05-17 17:30:10+00:00",
            "tweet_raw": "What\u2019s under my left shoe? \ud83d\udd0e\ud83c\udf9f (this one\u2019s for the KCs) https://t.co/Qz2vdEzgHT",
            "tweet": "what\u2019s under my left shoe? \ud83d\udd0e\ud83c\udf9f (this one\u2019s for the kcs) "
        },
        {
            "date": "2021-12-25 05:44:53+00:00",
            "tweet_raw": "Only 5 days until you can come to \n\u2728\u2665\ufe0f\ud83c\udf08 PERRY PLAYLAND\ud83c\udf08\u2665\ufe0f\u2728\n\nIt\u2019ll be a real trip! \ud83d\ude35\u200d\ud83d\udcab\n\n#PLAY\ud83c\udf44 https://t.co/dGRmNYxNId",
            "tweet": "only 5 days until you can come to \n\u2728\u2665\ufe0f\ud83c\udf08 perry playland\ud83c\udf08\u2665\ufe0f\u2728\n\nit\u2019ll be a real trip! \ud83d\ude35\u200d\ud83d\udcab\n\n\ud83c\udf44 "
        },
        {
            "date": "2021-04-30 20:00:58+00:00",
            "tweet_raw": "Just posted a photo https://t.co/UKOSGP5aKQ",
            "tweet": "just posted a photo "
        },
        {
            "date": "2021-04-12 01:44:49+00:00",
            "tweet_raw": "Us as soon as @hunterjmetts starts singing \ud83d\udc42 #AmericanIdol https://t.co/GRaEF7641R",
            "tweet": "us as soon as  starts singing \ud83d\udc42  "
        },
        {
            "date": "2021-04-20 00:31:50+00:00",
            "tweet_raw": "THIS IS WHAT I MEAN WHEN I SAY PUT THEM THROUGH THE STARWASH @Aliana_Jester! \ud83c\udf1f\ud83e\uddfc #AmericanIdol https://t.co/rpRxve21IL",
            "tweet": "this is what i mean when i say put them through the starwash ! \ud83c\udf1f\ud83e\uddfc  "
        },
        {
            "date": "2021-07-27 21:20:58+00:00",
            "tweet_raw": "It\u2019s officially \u264c\ufe0fLEO SZN\u264c\ufe0f here\u2019s a gold mule for all my \ud83e\udd81 royalty to slip in to \ud83d\udc85\ud83c\udffb #shoesdaytuesday @kpcollections @AmazonFashion https://t.co/DLeJp27orN",
            "tweet": "it\u2019s officially \u264c\ufe0fleo szn\u264c\ufe0f here\u2019s a gold mule for all my \ud83e\udd81 royalty to slip in to \ud83d\udc85\ud83c\udffb    "
        },
        {
            "date": "2021-04-20 00:38:45+00:00",
            "tweet_raw": "Ok @FBooneMusic switching it up with @switchfoot on the big stage \ud83d\udd01\ud83d\udc63 #AmericanIdol",
            "tweet": "ok  switching it up with  on the big stage \ud83d\udd01\ud83d\udc63 "
        },
        {
            "date": "2021-07-04 19:03:43+00:00",
            "tweet_raw": "bebe youz a firework ok",
            "tweet": "bebe youz a firework ok"
        },
        {
            "date": "2021-04-05 01:49:06+00:00",
            "tweet_raw": "Watching @Williespence\u2019s performance made me realize that maybe @ryanseacrest has a point \ud83d\ude14 https://t.co/Oci2SQGZmY",
            "tweet": "watching \u2019s performance made me realize that maybe  has a point \ud83d\ude14 "
        },
        {
            "date": "2021-04-20 00:31:50+00:00",
            "tweet_raw": "THIS IS WHAT I MEAN WHEN I SAY PUT THEM THROUGH THE STARWASH @Aliana_Jester! \ud83c\udf1f\ud83e\uddfc #AmericanIdol https://t.co/rpRxve21IL",
            "tweet": "this is what i mean when i say put them through the starwash ! \ud83c\udf1f\ud83e\uddfc  "
        },
        {
            "date": "2021-04-05 01:19:50+00:00",
            "tweet_raw": "Don\u2019t worry @grahamdefranco this was my \u201ccool face\u201d \ud83d\ude0e #AmericanIdol https://t.co/HOmbtVPGoX",
            "tweet": "don\u2019t worry  this was my \u201ccool face\u201d \ud83d\ude0e  "
        },
        {
            "date": "2021-05-02 22:06:31+00:00",
            "tweet_raw": "legolas\u2019s gf flyin in hot with a pouch full of pixie dust to throw on anyone who doesn\u2019t believe we have the best top 10 in @americanidol history #disneynight ok \u2728 LIVE AT 5PST/8EST COAST 2 COAST LEZ GO\u2728 https://t.co/mz4l6zhvdU",
            "tweet": "legolas\u2019s gf flyin in hot with a pouch full of pixie dust to throw on anyone who doesn\u2019t believe we have the best top 10 in  history  ok \u2728 live at 5pst/8est coast 2 coast lez go\u2728 "
        },
        {
            "date": "2021-06-22 14:40:27+00:00",
            "tweet_raw": "Clutching my \u26aa\ufe0f pearls \u26aa\ufe0f The only thing better than a #ShoesdayTuesday is a #LiveOnPrimeDay #ShoesdayTuesday! Watch at 7:48a PT on #AmazonLive \ud83d\udc69\ud83c\udffc\u200d\ud83d\udcbb@AmazonFashion @kpcollections  https://t.co/9jo1yTzidF https://t.co/NIooopWKT2",
            "tweet": "clutching my \u26aa\ufe0f pearls \u26aa\ufe0f the only thing better than a  is a  ! watch at 7:48a pt on  \ud83d\udc69\ud83c\udffc\u200d\ud83d\udcbb    "
        },
        {
            "date": "2021-04-20 00:04:43+00:00",
            "tweet_raw": "Welcome to 2007 @LukeBryanOnline \ud83e\uddb8\u200d\u2642\ufe0f #AmericanIdol https://t.co/MB4Y30akNd",
            "tweet": "welcome to 2007  \ud83e\uddb8\u200d\u2642\ufe0f  "
        },
        {
            "date": "2021-04-06 02:02:04+00:00",
            "tweet_raw": "Good luck voting America, glad it\u2019s not on us anymore! #AmericanIdol https://t.co/Hb02lnwHai",
            "tweet": "good luck voting america, glad it\u2019s not on us anymore!  "
        },
        {
            "date": "2021-10-25 16:11:33+00:00",
            "tweet_raw": "Starting today Gap is donating $1 per @Spotify stream of my version of the song featured in the Gap ad - up to $100,000 USD - to support @baby2baby\u2019s mission to provide basic essentials to children living in poverty across the country.\u200b https://t.co/cZYUWv0AkB to listen + help\u2665\ufe0f",
            "tweet": "starting today gap is donating $1 per  stream of my version of the song featured in the gap ad - up to $100,000 usd - to support \u2019s mission to provide basic essentials to children living in poverty across the country.\u200b  to listen + help\u2665\ufe0f"
        },
        {
            "date": "2022-03-24 20:59:55+00:00",
            "tweet_raw": "24 hrs left! \ud83c\udfb2 https://t.co/n20v4lUmib",
            "tweet": "24 hrs left! \ud83c\udfb2 "
        },
        {
            "date": "2021-09-13 03:04:42+00:00",
            "tweet_raw": "stream Harley\u2019s In Hawaii to feel like you\u2019re on an all expenses paid vacation",
            "tweet": "stream harley\u2019s in hawaii to feel like you\u2019re on an all expenses paid vacation"
        },
        {
            "date": "2021-04-06 00:11:32+00:00",
            "tweet_raw": ".@iamjasonwarrior - finding that perf mix of keeping it old school, new school, and HIS school \u2696\ufe0f #AmericanIdol https://t.co/Mjv6cormHD",
            "tweet": ". - finding that perf mix of keeping it old school, new school, and his school \u2696\ufe0f  "
        },
        {
            "date": "2021-10-22 04:47:29+00:00",
            "tweet_raw": ". @MichaelJWoodard is at it again\u2026 his new song \u2728hope full\u2728 is out now on @unsubrecords! Listen for some of that glass half full optimism \ud83d\udc9a https://t.co/9OT8NcxpgC https://t.co/OMssFZLOoW",
            "tweet": ".  is at it again\u2026 his new song \u2728hope full\u2728 is out now on ! listen for some of that glass half full optimism \ud83d\udc9a  "
        },
        {
            "date": "2021-11-29 23:44:25+00:00",
            "tweet_raw": "Only 1\ufe0f\u20e3 month until we can officially \ud83c\udf44#PLAY\ud83c\udf44 together at @ResortsWorldLV! \ud83c\udfb2\ud83c\udfb0 Like if you\u2019re coming to the show, comment if you\u2019re coming to the show \ud83d\ude43\ud83d\ude4b\ud83c\udffb\u200d\u2640\ufe0f https://t.co/QNXMJ68iph https://t.co/yX0jmJ9Qsh",
            "tweet": "only 1\ufe0f\u20e3 month until we can officially \ud83c\udf44\ud83c\udf44 together at ! \ud83c\udfb2\ud83c\udfb0 like if you\u2019re coming to the show, comment if you\u2019re coming to the show \ud83d\ude43\ud83d\ude4b\ud83c\udffb\u200d\u2640\ufe0f  "
        },
        {
            "date": "2021-12-27 21:47:58+00:00",
            "tweet_raw": "Love this fandom sm \u2665\ufe0f\ud83c\udf44 https://t.co/ygAsVj8mwq",
            "tweet": "love this fandom sm \u2665\ufe0f\ud83c\udf44 "
        },
        {
            "date": "2021-04-23 18:32:48+00:00",
            "tweet_raw": "A tuna behind the scenes of our very soFISHticated @ResortsWorldLV \ud83d\udc1f\ud83d\udca6 splash \ud83d\udca6\ud83d\udc1f https://t.co/QPWXKVcMQh",
            "tweet": "a tuna behind the scenes of our very sofishticated  \ud83d\udc1f\ud83d\udca6 splash \ud83d\udca6\ud83d\udc1f "
        },
        {
            "date": "2022-01-28 17:01:53+00:00",
            "tweet_raw": "hold on to ur W.I.G. @nbcsnl https://t.co/O8j4X7oZro",
            "tweet": "hold on to ur w.i.g.  "
        },
        {
            "date": "2021-04-05 01:19:50+00:00",
            "tweet_raw": "Don\u2019t worry @grahamdefranco this was my \u201ccool face\u201d \ud83d\ude0e #AmericanIdol https://t.co/HOmbtVPGoX",
            "tweet": "don\u2019t worry  this was my \u201ccool face\u201d \ud83d\ude0e  "
        },
        {
            "date": "2021-10-25 21:16:07+00:00",
            "tweet_raw": "Productive 37 so far \ud83d\udc85\ud83c\udffb @TheEllenShow \n\u2705 traded \ud83c\udf44\ud83e\udde2 &amp; made it \u2614\ufe0f w @lukebryan\n\u2705 raced to kindness w Orion Jean\n\u2705 got a dose of optimism from @MichaelJWoodard to stay \u201chope full\u201d\n\u2705 danced like a couple million ppl were watching\nCelebrate my bday w/ me \ud83c\udf82 check ur tv listings! https://t.co/aRhG1ILi0i",
            "tweet": "productive 37 so far \ud83d\udc85\ud83c\udffb  \n\u2705 traded \ud83c\udf44\ud83e\udde2 &amp; made it \u2614\ufe0f w \n\u2705 raced to kindness w orion jean\n\u2705 got a dose of optimism from  to stay \u201chope full\u201d\n\u2705 danced like a couple million ppl were watching\ncelebrate my bday w/ me \ud83c\udf82 check ur tv listings! "
        },
        {
            "date": "2021-12-15 16:04:59+00:00",
            "tweet_raw": "Don\u2019t worry y\u2019all, you\u2019ll still be able to #PLAY along with me on December 29th, because #WHENIMGONE with @alesso will be coming \ud83e\uddbe pre-save at https://t.co/GuEMxmKGC4\n\n\u2026And mark ur calendars for January 10th, as it will be the day im giving the KCs \ud83d\udc4f\ud83c\udffbevery\ud83d\udc4f\ud83c\udffbthing\ud83d\udc4f\ud83c\udffbthey\ud83d\udc4f\ud83c\udffbwant\ud83d\udc4f\ud83c\udffb https://t.co/WBfCuJ5VAb",
            "tweet": "don\u2019t worry y\u2019all, you\u2019ll still be able to  along with me on december 29th, because  with  will be coming \ud83e\uddbe pre-save at \n\n\u2026and mark ur calendars for january 10th, as it will be the day im giving the kcs \ud83d\udc4f\ud83c\udffbevery\ud83d\udc4f\ud83c\udffbthing\ud83d\udc4f\ud83c\udffbthey\ud83d\udc4f\ud83c\udffbwant\ud83d\udc4f\ud83c\udffb "
        },
        {
            "date": "2021-09-03 07:29:35+00:00",
            "tweet_raw": "fear is the quickest way to lower your immunity system\u2026 JOY is the quickest way to STRENGTHEN your immunity system \u2665\ufe0f",
            "tweet": "fear is the quickest way to lower your immunity system\u2026 joy is the quickest way to strengthen your immunity system \u2665\ufe0f"
        },
        {
            "date": "2021-04-06 00:11:32+00:00",
            "tweet_raw": ".@iamjasonwarrior - finding that perf mix of keeping it old school, new school, and HIS school \u2696\ufe0f #AmericanIdol https://t.co/Mjv6cormHD",
            "tweet": ". - finding that perf mix of keeping it old school, new school, and his school \u2696\ufe0f  "
        },
        {
            "date": "2021-06-29 15:33:14+00:00",
            "tweet_raw": "When there\u2019s a \u2600\ufe0fheat wave\u2600\ufe0f you can count on these new Geli flip flops to feel dat cool summer breeze between ur toes \ud83e\uddca\ud83d\ude0e #shoesdaytuesday @kpcollections @AmazonFashion https://t.co/h3iUEj6S67",
            "tweet": "when there\u2019s a \u2600\ufe0fheat wave\u2600\ufe0f you can count on these new geli flip flops to feel dat cool summer breeze between ur toes \ud83e\uddca\ud83d\ude0e    "
        },
        {
            "date": "2021-05-09 21:29:34+00:00",
            "tweet_raw": "Happy Mama\u2019s Day to my Mother\u2019s Day idols (sorry not sorry sis) \u2665\ufe0f\nYour Top 7 become your Top 5 with their Mother\u2019s Day tributes (and @coldplay songs) hope you\u2019re \ud83e\udd7acuddling up\ud83e\udd7a / live texting with ur mamas about #americanidol tonight! We\u2019re LIVE coast to coast at 8p ET / 5p PT https://t.co/dd9yUB8Knd",
            "tweet": "happy mama\u2019s day to my mother\u2019s day idols (sorry not sorry sis) \u2665\ufe0f\nyour top 7 become your top 5 with their mother\u2019s day tributes (and  songs) hope you\u2019re \ud83e\udd7acuddling up\ud83e\udd7a / live texting with ur mamas about  tonight! we\u2019re live coast to coast at 8p et / 5p pt "
        },
        {
            "date": "2022-05-01 22:21:07+00:00",
            "tweet_raw": "Dug around THE Disney Closet to get some magical inspo for #AmericanIdol\u2019s DISNEY NIGHT (obvi my fav!) Who do you think I\u2019ll be?! \ud83d\ude08 Comment with the right emoji below \u2b07\ufe0f \n\nSexy Pinocchio: \ud83e\udd25\nGrandpa from Up: \ud83d\udc74\ud83c\udffc\nAriel: \ud83e\udddc\ud83c\udffb\u200d\u2640\ufe0f https://t.co/E72J6hPmQo",
            "tweet": "dug around the disney closet to get some magical inspo for \u2019s disney night (obvi my fav!) who do you think i\u2019ll be?! \ud83d\ude08 comment with the right emoji below \u2b07\ufe0f \n\nsexy pinocchio: \ud83e\udd25\ngrandpa from up: \ud83d\udc74\ud83c\udffc\nariel: \ud83e\udddc\ud83c\udffb\u200d\u2640\ufe0f "
        },
        {
            "date": "2021-05-12 13:07:31+00:00",
            "tweet_raw": "!!!\u15e9\u1587\u15f4 YO\u144c \u1587\u15f4\u15e9\u15eaY TO \u146d\u14aa\u15e9Y!!!\n\nIt\u2019s a \ud83c\udf44TRIP\ud83c\udf44 to finally be able to announce my brand new show #\u146d\u14aa\u15e9Y a Las Vegas residency, opening Dec 29 2021 @ The Theatre @ResortsWorldLV. Everything you need to know about tickets is at https://t.co/VNXmphRhJe  #KATYPERRYPLAY https://t.co/QMY0aPejUV",
            "tweet": "!!!\u15e9\u1587\u15f4 yo\u144c \u1587\u15f4\u15e9\u15eay to \u146d\u14aa\u15e9y!!!\n\nit\u2019s a \ud83c\udf44trip\ud83c\udf44 to finally be able to announce my brand new show #\u146d\u14aa\u15e9y a las vegas residency, opening dec 29 2021 @ the theatre . everything you need to know about tickets is at    "
        },
        {
            "date": "2021-04-05 01:49:06+00:00",
            "tweet_raw": "Watching @Williespence\u2019s performance made me realize that maybe @ryanseacrest has a point \ud83d\ude14 https://t.co/Oci2SQGZmY",
            "tweet": "watching \u2019s performance made me realize that maybe  has a point \ud83d\ude14 "
        },
        {
            "date": "2022-05-02 00:31:01+00:00",
            "tweet_raw": "mermaid down #americanidol",
            "tweet": "mermaid down "
        },
        {
            "date": "2021-09-21 03:11:57+00:00",
            "tweet_raw": "You and iiiiiiiiiiiiiiiiiiiiiiiiiiiiiiiiiiiiiiiiiiiiiiiiiiiiiiiiiiiiiuiiiiiiiiiiiiiiiiiiiiiiiiiiiiiiiiiiiiii",
            "tweet": "you and iiiiiiiiiiiiiiiiiiiiiiiiiiiiiiiiiiiiiiiiiiiiiiiiiiiiiiiiiiiiiuiiiiiiiiiiiiiiiiiiiiiiiiiiiiiiiiiiiiii"
        },
        {
            "date": "2021-06-08 17:14:11+00:00",
            "tweet_raw": "You don\u2019t have to jump through hoops to get dressed for this wedding szn \ud83d\udc8d Slide into The Pearl #ShoesdayTuesday @kpcollections @AmazonFashion https://t.co/tqVGzGgaH4",
            "tweet": "you don\u2019t have to jump through hoops to get dressed for this wedding szn \ud83d\udc8d slide into the pearl    "
        },
        {
            "date": "2022-01-26 16:16:29+00:00",
            "tweet_raw": "Head to @papermagazine to see some behind the scenes footage from the #WHENIMGONE video! It\u2019s all brewery, buttons, boobies vibes babes \ud83e\uddbe\n\nhttps://t.co/9uGBdxXcBX https://t.co/gBkcTeQ69o",
            "tweet": "head to  to see some behind the scenes footage from the  video! it\u2019s all brewery, buttons, boobies vibes babes \ud83e\uddbe\n\n "
        },
        {
            "date": "2021-08-06 15:13:39+00:00",
            "tweet_raw": "The only thing that will get the haunting image of LB in the shower \ud83e\udd22 out of my head is some \ud83c\udf1fNEW TALENT!\ud83c\udf1f WE\u2019RE BACK WITH AUDITIONS and I hope my fellow judges @LukeBryanOnline &amp; @LionelRichie + @RyanSeacrest are sharpening their photoshop skills! https://t.co/4jwpc9Kjhq",
            "tweet": "the only thing that will get the haunting image of lb in the shower \ud83e\udd22 out of my head is some \ud83c\udf1fnew talent!\ud83c\udf1f we\u2019re back with auditions and i hope my fellow judges  &amp;  +  are sharpening their photoshop skills! "
        },
        {
            "date": "2021-12-24 06:00:36+00:00",
            "tweet_raw": "soz babes but it\u2019s time to bring back some of the greatest hits \ud83d\udc81\ud83c\udffb\u200d\u2640\ufe0f https://t.co/Om25XnEBrK",
            "tweet": "soz babes but it\u2019s time to bring back some of the greatest hits \ud83d\udc81\ud83c\udffb\u200d\u2640\ufe0f "
        }
    ],
    "len": 100
}