{
    "account": "@KidCudi",
    "type": "Rap",
    "tweets": [
        {
            "date": "2022-03-25 01:53:50+00:00",
            "tweet_raw": "\ud83e\udd7a\ud83d\ude4f\ud83c\udffe if u call me, im there.  I got u- Scott https://t.co/5zmd6voIob",
            "tweet": "\ud83e\udd7a\ud83d\ude4f\ud83c\udffe if u call me, im there.  i got u- scott "
        },
        {
            "date": "2022-03-19 23:00:32+00:00",
            "tweet_raw": "And no im not in a bad mood or in a fucked up place im actually very happy!! \ud83e\udd70\ud83d\ude4f\ud83c\udffe In order to maintain that, im steppin away.  I like being a mystery anyway.",
            "tweet": "and no im not in a bad mood or in a fucked up place im actually very happy!! \ud83e\udd70\ud83d\ude4f\ud83c\udffe in order to maintain that, im steppin away.  i like being a mystery anyway."
        },
        {
            "date": "2022-03-25 04:47:33+00:00",
            "tweet_raw": "Thanx so much!! \ud83d\ude2d\ud83d\udc96\u270c\ud83c\udffe - Scott https://t.co/gVMYDRh86b",
            "tweet": "thanx so much!! \ud83d\ude2d\ud83d\udc96\u270c\ud83c\udffe - scott "
        },
        {
            "date": "2022-04-10 02:10:05+00:00",
            "tweet_raw": "\ud83d\ude4f\ud83c\udffe\u270c\ud83c\udffe\ud83d\udc96 love!! - Scott https://t.co/bxbr2HUc8h",
            "tweet": "\ud83d\ude4f\ud83c\udffe\u270c\ud83c\udffe\ud83d\udc96 love!! - scott "
        },
        {
            "date": "2022-03-25 17:12:28+00:00",
            "tweet_raw": "This is for press just so they know \ud83d\ude0c\u270c\ud83c\udffe-Scott",
            "tweet": "this is for press just so they know \ud83d\ude0c\u270c\ud83c\udffe-scott"
        },
        {
            "date": "2022-03-17 19:08:22+00:00",
            "tweet_raw": "All improv hahahah clownin https://t.co/KR3Ja4gshv",
            "tweet": "all improv hahahah clownin "
        },
        {
            "date": "2022-03-19 22:56:51+00:00",
            "tweet_raw": "Theres a lot of love out there for me which is why i got back on socials, but some of the shit I see, the trolls, I dont need to see that shit.  For my mental.",
            "tweet": "theres a lot of love out there for me which is why i got back on socials, but some of the shit i see, the trolls, i dont need to see that shit.  for my mental."
        },
        {
            "date": "2022-04-10 01:21:34+00:00",
            "tweet_raw": "\u263a\ufe0f https://t.co/nwMSnoAP2m",
            "tweet": "\u263a\ufe0f "
        },
        {
            "date": "2022-03-18 00:19:03+00:00",
            "tweet_raw": "\ud83e\udd23 https://t.co/QrU4wBt6Nj",
            "tweet": "\ud83e\udd23 "
        },
        {
            "date": "2022-03-25 05:00:41+00:00",
            "tweet_raw": "\ud83e\udd23 range https://t.co/vVEhb46hY8",
            "tweet": "\ud83e\udd23 range "
        },
        {
            "date": "2022-03-22 19:55:36+00:00",
            "tweet_raw": "Thanx Melanie!!! \ud83d\ude4f\ud83c\udffe\ud83d\udc96\ud83d\ude2d https://t.co/B6OUPisNG3",
            "tweet": "thanx melanie!!! \ud83d\ude4f\ud83c\udffe\ud83d\udc96\ud83d\ude2d "
        },
        {
            "date": "2022-03-19 01:35:32+00:00",
            "tweet_raw": "This makes me smile. Hangin onset w lil miss magical @MckennaGraceful and the wonderful Gaby Hoffmann on my first movie ever Goodbye World in 2013.  Gaby, wherever u are, I miss u and I love u. \ud83d\udc96\ud83d\udc96\u270c\ud83c\udffe https://t.co/KGzG0d5Hhj",
            "tweet": "this makes me smile. hangin onset w lil miss magical  and the wonderful gaby hoffmann on my first movie ever goodbye world in 2013.  gaby, wherever u are, i miss u and i love u. \ud83d\udc96\ud83d\udc96\u270c\ud83c\udffe "
        },
        {
            "date": "2022-03-17 18:52:13+00:00",
            "tweet_raw": "\ud83d\ude4f\ud83c\udffe\u263a\ufe0f\u270c\ud83c\udffe\ud83d\udc96 https://t.co/kgWnWA591U",
            "tweet": "\ud83d\ude4f\ud83c\udffe\u263a\ufe0f\u270c\ud83c\udffe\ud83d\udc96 "
        },
        {
            "date": "2022-03-17 18:47:12+00:00",
            "tweet_raw": "Too bad ive been acting for over 10 years \ud83d\ude2d https://t.co/wcv3OZRbY7",
            "tweet": "too bad ive been acting for over 10 years \ud83d\ude2d "
        },
        {
            "date": "2022-03-31 22:30:56+00:00",
            "tweet_raw": "Wow thats so awesome!!!  My heart is full \ud83e\udd70 - Scott https://t.co/f65fmEBuLT",
            "tweet": "wow thats so awesome!!!  my heart is full \ud83e\udd70 - scott "
        },
        {
            "date": "2022-04-04 18:16:52+00:00",
            "tweet_raw": "Hiii! Forgot to put my name was  too excitedd ha - Scott https://t.co/lo9tVkzpIB",
            "tweet": "hiii! forgot to put my name was  too excitedd ha - scott "
        },
        {
            "date": "2022-03-28 21:07:38+00:00",
            "tweet_raw": "\"At your highest moment, be careful, that's when the devil comes for you\" - Denzel",
            "tweet": "\"at your highest moment, be careful, that's when the devil comes for you\" - denzel"
        },
        {
            "date": "2022-03-25 19:30:02+00:00",
            "tweet_raw": "If you haven't seen X yet, wtf r u doin?? SEE IT NOW!!",
            "tweet": "if you haven't seen x yet, wtf r u doin?? see it now!!"
        },
        {
            "date": "2022-03-17 18:49:13+00:00",
            "tweet_raw": "Damn thanx man!!  Nice to see the love about that one https://t.co/1IqgImVR3y",
            "tweet": "damn thanx man!!  nice to see the love about that one "
        },
        {
            "date": "2022-03-23 20:46:37+00:00",
            "tweet_raw": "New song tomorrow, Sonic 2 April 8th \ud83d\ude4c\ud83c\udffe \n\nCudi will be doin a screening w fans so stay tuned! https://t.co/F9GqTcUT40",
            "tweet": "new song tomorrow, sonic 2 april 8th \ud83d\ude4c\ud83c\udffe \n\ncudi will be doin a screening w fans so stay tuned! "
        },
        {
            "date": "2022-03-31 02:25:00+00:00",
            "tweet_raw": "The first album I ever bought.  Begged my mom to get it for me.  1994. I was in the 4th grade and just loved this band.  - Scott https://t.co/BpNie8xv8E",
            "tweet": "the first album i ever bought.  begged my mom to get it for me.  1994. i was in the 4th grade and just loved this band.  - scott "
        },
        {
            "date": "2022-03-19 23:00:32+00:00",
            "tweet_raw": "And no im not in a bad mood or in a fucked up place im actually very happy!! \ud83e\udd70\ud83d\ude4f\ud83c\udffe In order to maintain that, im steppin away.  I like being a mystery anyway.",
            "tweet": "and no im not in a bad mood or in a fucked up place im actually very happy!! \ud83e\udd70\ud83d\ude4f\ud83c\udffe in order to maintain that, im steppin away.  i like being a mystery anyway."
        },
        {
            "date": "2022-04-10 02:10:05+00:00",
            "tweet_raw": "\ud83d\ude4f\ud83c\udffe\u270c\ud83c\udffe\ud83d\udc96 love!! - Scott https://t.co/bxbr2HUc8h",
            "tweet": "\ud83d\ude4f\ud83c\udffe\u270c\ud83c\udffe\ud83d\udc96 love!! - scott "
        },
        {
            "date": "2022-04-04 03:16:00+00:00",
            "tweet_raw": "\ud83e\udd23\ud83e\udd23\ud83e\udd23 https://t.co/WG88RQTFAI",
            "tweet": "\ud83e\udd23\ud83e\udd23\ud83e\udd23 "
        },
        {
            "date": "2022-03-26 03:26:55+00:00",
            "tweet_raw": "Tweets by Cudi will be signed w Scott.  Keep checkin in, he'll be poppin up sometimes to say hey to you guys and show love.",
            "tweet": "tweets by cudi will be signed w scott.  keep checkin in, he'll be poppin up sometimes to say hey to you guys and show love."
        },
        {
            "date": "2022-03-23 20:46:37+00:00",
            "tweet_raw": "New song tomorrow, Sonic 2 April 8th \ud83d\ude4c\ud83c\udffe \n\nCudi will be doin a screening w fans so stay tuned! https://t.co/F9GqTcUT40",
            "tweet": "new song tomorrow, sonic 2 april 8th \ud83d\ude4c\ud83c\udffe \n\ncudi will be doin a screening w fans so stay tuned! "
        },
        {
            "date": "2022-03-31 02:25:00+00:00",
            "tweet_raw": "The first album I ever bought.  Begged my mom to get it for me.  1994. I was in the 4th grade and just loved this band.  - Scott https://t.co/BpNie8xv8E",
            "tweet": "the first album i ever bought.  begged my mom to get it for me.  1994. i was in the 4th grade and just loved this band.  - scott "
        },
        {
            "date": "2022-03-25 17:12:28+00:00",
            "tweet_raw": "This is for press just so they know \ud83d\ude0c\u270c\ud83c\udffe-Scott",
            "tweet": "this is for press just so they know \ud83d\ude0c\u270c\ud83c\udffe-scott"
        },
        {
            "date": "2022-03-29 20:11:22+00:00",
            "tweet_raw": "So awesome seein and u and Billie shine so bright.  Mad love brother!!  Academy Award Winning Finneas \ud83d\ude09 has a nice ring to it https://t.co/YCwMMWeT6D",
            "tweet": "so awesome seein and u and billie shine so bright.  mad love brother!!  academy award winning finneas \ud83d\ude09 has a nice ring to it "
        },
        {
            "date": "2022-03-29 20:11:22+00:00",
            "tweet_raw": "So awesome seein and u and Billie shine so bright.  Mad love brother!!  Academy Award Winning Finneas \ud83d\ude09 has a nice ring to it https://t.co/YCwMMWeT6D",
            "tweet": "so awesome seein and u and billie shine so bright.  mad love brother!!  academy award winning finneas \ud83d\ude09 has a nice ring to it "
        },
        {
            "date": "2022-03-31 02:37:37+00:00",
            "tweet_raw": "I dont remember doin this!  Great collection of my favorite albums - Scott https://t.co/QH8tsouVut",
            "tweet": "i dont remember doin this!  great collection of my favorite albums - scott "
        },
        {
            "date": "2022-05-03 03:51:37+00:00",
            "tweet_raw": "@kenzo all day",
            "tweet": " all day"
        },
        {
            "date": "2022-03-17 18:50:00+00:00",
            "tweet_raw": "Please check my IMDb.  Pleaseeee",
            "tweet": "please check my imdb.  pleaseeee"
        },
        {
            "date": "2022-03-25 17:11:32+00:00",
            "tweet_raw": "MOTM3 is gold.  If you write about the album dont leave that part out! Thanx dudes! - Scott \u270c\ud83c\udffe\ud83d\udc96",
            "tweet": "motm3 is gold.  if you write about the album dont leave that part out! thanx dudes! - scott \u270c\ud83c\udffe\ud83d\udc96"
        },
        {
            "date": "2022-04-10 01:09:39+00:00",
            "tweet_raw": "Thank uuuu \u263a\ufe0f\u270c\ud83c\udffe\ud83d\udc96 - Scott https://t.co/aNFgAPzfQ5",
            "tweet": "thank uuuu \u263a\ufe0f\u270c\ud83c\udffe\ud83d\udc96 - scott "
        },
        {
            "date": "2022-04-10 02:13:15+00:00",
            "tweet_raw": "Enjoy!!  Kid Cudi Performs \"Stars In The Sky\" From Sonic the Hedgehog 2 at The 2022 Kids' Choice Awards! \ud83c\udf1f - YouTube https://t.co/khZx4zRQku",
            "tweet": "enjoy!!  kid cudi performs \"stars in the sky\" from sonic the hedgehog 2 at the 2022 kids' choice awards! \ud83c\udf1f - youtube "
        },
        {
            "date": "2022-04-10 01:09:39+00:00",
            "tweet_raw": "Thank uuuu \u263a\ufe0f\u270c\ud83c\udffe\ud83d\udc96 - Scott https://t.co/aNFgAPzfQ5",
            "tweet": "thank uuuu \u263a\ufe0f\u270c\ud83c\udffe\ud83d\udc96 - scott "
        },
        {
            "date": "2022-03-25 05:00:41+00:00",
            "tweet_raw": "\ud83e\udd23 range https://t.co/vVEhb46hY8",
            "tweet": "\ud83e\udd23 range "
        },
        {
            "date": "2022-03-25 19:30:02+00:00",
            "tweet_raw": "If you haven't seen X yet, wtf r u doin?? SEE IT NOW!!",
            "tweet": "if you haven't seen x yet, wtf r u doin?? see it now!!"
        },
        {
            "date": "2022-03-18 05:05:11+00:00",
            "tweet_raw": "Lets get it!!! \u270c\ud83c\udffe\ud83d\udc96 https://t.co/Y1HCbWJgaA",
            "tweet": "lets get it!!! \u270c\ud83c\udffe\ud83d\udc96 "
        },
        {
            "date": "2022-03-17 18:50:00+00:00",
            "tweet_raw": "Please check my IMDb.  Pleaseeee",
            "tweet": "please check my imdb.  pleaseeee"
        },
        {
            "date": "2022-04-10 01:32:06+00:00",
            "tweet_raw": "#KidsChoiceAwards2022 \ud83d\ude1c https://t.co/6nm370auvf",
            "tweet": " \ud83d\ude1c "
        },
        {
            "date": "2022-04-10 01:32:06+00:00",
            "tweet_raw": "#KidsChoiceAwards2022 \ud83d\ude1c https://t.co/6nm370auvf",
            "tweet": " \ud83d\ude1c "
        },
        {
            "date": "2022-04-10 01:09:39+00:00",
            "tweet_raw": "Thank uuuu \u263a\ufe0f\u270c\ud83c\udffe\ud83d\udc96 - Scott https://t.co/aNFgAPzfQ5",
            "tweet": "thank uuuu \u263a\ufe0f\u270c\ud83c\udffe\ud83d\udc96 - scott "
        },
        {
            "date": "2022-04-04 03:16:00+00:00",
            "tweet_raw": "\ud83e\udd23\ud83e\udd23\ud83e\udd23 https://t.co/WG88RQTFAI",
            "tweet": "\ud83e\udd23\ud83e\udd23\ud83e\udd23 "
        },
        {
            "date": "2022-04-10 01:32:06+00:00",
            "tweet_raw": "#KidsChoiceAwards2022 \ud83d\ude1c https://t.co/6nm370auvf",
            "tweet": " \ud83d\ude1c "
        },
        {
            "date": "2022-03-26 13:01:04+00:00",
            "tweet_raw": "It's Vada's Birthday!!!!! Show my baby girl some love today yall!! - Scott",
            "tweet": "it's vada's birthday!!!!! show my baby girl some love today yall!! - scott"
        },
        {
            "date": "2022-03-25 04:50:42+00:00",
            "tweet_raw": "@Winter love the WYLD STALLYNS shout out here Alex u see the love? - Scott https://t.co/0AadKyNlKn",
            "tweet": " love the wyld stallyns shout out here alex u see the love? - scott "
        },
        {
            "date": "2022-04-10 01:09:39+00:00",
            "tweet_raw": "Thank uuuu \u263a\ufe0f\u270c\ud83c\udffe\ud83d\udc96 - Scott https://t.co/aNFgAPzfQ5",
            "tweet": "thank uuuu \u263a\ufe0f\u270c\ud83c\udffe\ud83d\udc96 - scott "
        },
        {
            "date": "2022-03-17 18:51:25+00:00",
            "tweet_raw": "One of my favorite experiences its def top 3.  Thanx Matt!! \ud83d\ude4f\ud83c\udffe\u270c\ud83c\udffe\ud83d\udc96 https://t.co/3wAIsSMwzv",
            "tweet": "one of my favorite experiences its def top 3.  thanx matt!! \ud83d\ude4f\ud83c\udffe\u270c\ud83c\udffe\ud83d\udc96 "
        },
        {
            "date": "2022-03-25 16:05:35+00:00",
            "tweet_raw": "Love youuuu \u270c\ud83c\udffe\ud83d\udc96 - Scott https://t.co/OXuytByNYB",
            "tweet": "love youuuu \u270c\ud83c\udffe\ud83d\udc96 - scott "
        },
        {
            "date": "2022-04-10 02:13:15+00:00",
            "tweet_raw": "Enjoy!!  Kid Cudi Performs \"Stars In The Sky\" From Sonic the Hedgehog 2 at The 2022 Kids' Choice Awards! \ud83c\udf1f - YouTube https://t.co/khZx4zRQku",
            "tweet": "enjoy!!  kid cudi performs \"stars in the sky\" from sonic the hedgehog 2 at the 2022 kids' choice awards! \ud83c\udf1f - youtube "
        },
        {
            "date": "2022-03-29 20:40:40+00:00",
            "tweet_raw": "Finneas added some magic to MOTM3.  The secret sauce \ud83d\ude09 https://t.co/186mtwubRN",
            "tweet": "finneas added some magic to motm3.  the secret sauce \ud83d\ude09 "
        },
        {
            "date": "2022-03-18 23:39:50+00:00",
            "tweet_raw": "Lil BTS w my X fam.  Owen, Jenna and Brittany were gettin in a lil work out between scenes haha @a24 @xmovie #madsolar @jennaortega @brittanysnow I love them so \ud83e\udd7a\ud83d\udc96 X IS OUT NOW EVERYWHERE!!! GET IT BABY!! https://t.co/zudS92alwr",
            "tweet": "lil bts w my x fam.  owen, jenna and brittany were gettin in a lil work out between scenes haha      i love them so \ud83e\udd7a\ud83d\udc96 x is out now everywhere!!! get it baby!! "
        },
        {
            "date": "2022-04-21 16:13:42+00:00",
            "tweet_raw": "So much love out there for me.  I see and feel it!!  \u270c\ud83c\udffe\ud83d\udc96",
            "tweet": "so much love out there for me.  i see and feel it!!  \u270c\ud83c\udffe\ud83d\udc96"
        },
        {
            "date": "2022-03-17 18:47:12+00:00",
            "tweet_raw": "Too bad ive been acting for over 10 years \ud83d\ude2d https://t.co/wcv3OZRbY7",
            "tweet": "too bad ive been acting for over 10 years \ud83d\ude2d "
        },
        {
            "date": "2022-04-10 02:10:05+00:00",
            "tweet_raw": "\ud83d\ude4f\ud83c\udffe\u270c\ud83c\udffe\ud83d\udc96 love!! - Scott https://t.co/bxbr2HUc8h",
            "tweet": "\ud83d\ude4f\ud83c\udffe\u270c\ud83c\udffe\ud83d\udc96 love!! - scott "
        },
        {
            "date": "2022-03-26 13:01:04+00:00",
            "tweet_raw": "It's Vada's Birthday!!!!! Show my baby girl some love today yall!! - Scott",
            "tweet": "it's vada's birthday!!!!! show my baby girl some love today yall!! - scott"
        },
        {
            "date": "2022-04-27 01:26:42+00:00",
            "tweet_raw": "Wow this is VERY cool - Scott https://t.co/Gr2o6W6Q4m",
            "tweet": "wow this is very cool - scott "
        },
        {
            "date": "2022-03-19 22:55:04+00:00",
            "tweet_raw": "Im turnin off all comments on IG for all posts.  And im thinkin about gettin off IG all together honestly.  Think ima just keep my twitter.  And im only gonna do that cuz I have to. I really wanna get off all socials.",
            "tweet": "im turnin off all comments on ig for all posts.  and im thinkin about gettin off ig all together honestly.  think ima just keep my twitter.  and im only gonna do that cuz i have to. i really wanna get off all socials."
        },
        {
            "date": "2022-05-01 07:18:58+00:00",
            "tweet_raw": "I love yall man \ud83e\udd7a",
            "tweet": "i love yall man \ud83e\udd7a"
        },
        {
            "date": "2022-04-03 00:38:12+00:00",
            "tweet_raw": "I love it!!! \ud83e\udd70\ud83d\ude4f\ud83c\udffe\u270c\ud83c\udffe\ud83d\udc96 - Scott https://t.co/Qw92My3XLP",
            "tweet": "i love it!!! \ud83e\udd70\ud83d\ude4f\ud83c\udffe\u270c\ud83c\udffe\ud83d\udc96 - scott "
        },
        {
            "date": "2022-03-25 05:01:14+00:00",
            "tweet_raw": "\ud83e\udd7a\ud83d\ude4f\ud83c\udffe https://t.co/4glImwzEko",
            "tweet": "\ud83e\udd7a\ud83d\ude4f\ud83c\udffe "
        },
        {
            "date": "2022-04-20 17:09:18+00:00",
            "tweet_raw": "Happy 420!! \u270c\ud83c\udffe\ud83d\udc96 smoke good today",
            "tweet": "happy 420!! \u270c\ud83c\udffe\ud83d\udc96 smoke good today"
        },
        {
            "date": "2022-03-31 21:02:36+00:00",
            "tweet_raw": "Im a curious being.  There are no limits. - Scott",
            "tweet": "im a curious being.  there are no limits. - scott"
        },
        {
            "date": "2022-03-19 22:56:51+00:00",
            "tweet_raw": "Theres a lot of love out there for me which is why i got back on socials, but some of the shit I see, the trolls, I dont need to see that shit.  For my mental.",
            "tweet": "theres a lot of love out there for me which is why i got back on socials, but some of the shit i see, the trolls, i dont need to see that shit.  for my mental."
        },
        {
            "date": "2022-03-17 18:21:59+00:00",
            "tweet_raw": "I look at this old picture and see my full potential. https://t.co/1DNCNpIM9e",
            "tweet": "i look at this old picture and see my full potential. "
        },
        {
            "date": "2022-03-22 16:13:25+00:00",
            "tweet_raw": "Just posted a photo https://t.co/otGvTfX1MP",
            "tweet": "just posted a photo "
        },
        {
            "date": "2022-04-04 03:24:33+00:00",
            "tweet_raw": "\ud83d\udca8\ud83d\udca8\ud83d\udca8 @jackblack i love u dude haha - Scott https://t.co/u98IKfjbQC",
            "tweet": "\ud83d\udca8\ud83d\udca8\ud83d\udca8  i love u dude haha - scott "
        },
        {
            "date": "2022-03-17 19:01:17+00:00",
            "tweet_raw": "Couple awesome things on the horizon.  Just locked in my next project starts next week.  Ull hear about it soon https://t.co/0R3q9FuZNL",
            "tweet": "couple awesome things on the horizon.  just locked in my next project starts next week.  ull hear about it soon "
        },
        {
            "date": "2022-04-10 01:32:06+00:00",
            "tweet_raw": "#KidsChoiceAwards2022 \ud83d\ude1c https://t.co/6nm370auvf",
            "tweet": " \ud83d\ude1c "
        },
        {
            "date": "2022-03-31 02:25:00+00:00",
            "tweet_raw": "The first album I ever bought.  Begged my mom to get it for me.  1994. I was in the 4th grade and just loved this band.  - Scott https://t.co/BpNie8xv8E",
            "tweet": "the first album i ever bought.  begged my mom to get it for me.  1994. i was in the 4th grade and just loved this band.  - scott "
        },
        {
            "date": "2022-03-25 19:30:02+00:00",
            "tweet_raw": "If you haven't seen X yet, wtf r u doin?? SEE IT NOW!!",
            "tweet": "if you haven't seen x yet, wtf r u doin?? see it now!!"
        },
        {
            "date": "2022-03-29 19:47:31+00:00",
            "tweet_raw": "Congrats to Finneas and Billie!!! -Scott @finneas @billieeilish",
            "tweet": "congrats to finneas and billie!!! -scott  "
        },
        {
            "date": "2022-03-31 16:49:26+00:00",
            "tweet_raw": "Cannot WAIT for the fun and madness!! https://t.co/9zCtovAPJm",
            "tweet": "cannot wait for the fun and madness!! "
        },
        {
            "date": "2022-03-26 03:26:55+00:00",
            "tweet_raw": "Tweets by Cudi will be signed w Scott.  Keep checkin in, he'll be poppin up sometimes to say hey to you guys and show love.",
            "tweet": "tweets by cudi will be signed w scott.  keep checkin in, he'll be poppin up sometimes to say hey to you guys and show love."
        },
        {
            "date": "2022-03-25 04:50:42+00:00",
            "tweet_raw": "@Winter love the WYLD STALLYNS shout out here Alex u see the love? - Scott https://t.co/0AadKyNlKn",
            "tweet": " love the wyld stallyns shout out here alex u see the love? - scott "
        },
        {
            "date": "2022-03-25 04:22:41+00:00",
            "tweet_raw": "Get into it, baby!!!  Mad love to the GOD Nigo for havin me apart of this.  \u270c\ud83c\udffe\ud83d\udc96 https://t.co/Fb2RkGs3GM",
            "tweet": "get into it, baby!!!  mad love to the god nigo for havin me apart of this.  \u270c\ud83c\udffe\ud83d\udc96 "
        },
        {
            "date": "2022-03-25 04:50:42+00:00",
            "tweet_raw": "@Winter love the WYLD STALLYNS shout out here Alex u see the love? - Scott https://t.co/0AadKyNlKn",
            "tweet": " love the wyld stallyns shout out here alex u see the love? - scott "
        },
        {
            "date": "2022-03-25 05:00:41+00:00",
            "tweet_raw": "\ud83e\udd23 range https://t.co/vVEhb46hY8",
            "tweet": "\ud83e\udd23 range "
        },
        {
            "date": "2022-03-25 19:30:02+00:00",
            "tweet_raw": "If you haven't seen X yet, wtf r u doin?? SEE IT NOW!!",
            "tweet": "if you haven't seen x yet, wtf r u doin?? see it now!!"
        },
        {
            "date": "2022-03-31 20:59:19+00:00",
            "tweet_raw": "Workin on my brand I realize I dont love the word \"designer\".  I guess I'll be considered one, but I'd really like to be known as an explorer - Scott",
            "tweet": "workin on my brand i realize i dont love the word \"designer\".  i guess i'll be considered one, but i'd really like to be known as an explorer - scott"
        },
        {
            "date": "2022-04-10 02:59:35+00:00",
            "tweet_raw": "Let me just say, my baby is a star.  She went up there on that stage and wasnt scared or anything and showed up and gave nothing but energy.  Wow.  I am a really proud dad right now \ud83e\udd70 Vada daddy loves u kid!! - Scott",
            "tweet": "let me just say, my baby is a star.  she went up there on that stage and wasnt scared or anything and showed up and gave nothing but energy.  wow.  i am a really proud dad right now \ud83e\udd70 vada daddy loves u kid!! - scott"
        },
        {
            "date": "2022-03-29 20:11:22+00:00",
            "tweet_raw": "So awesome seein and u and Billie shine so bright.  Mad love brother!!  Academy Award Winning Finneas \ud83d\ude09 has a nice ring to it https://t.co/YCwMMWeT6D",
            "tweet": "so awesome seein and u and billie shine so bright.  mad love brother!!  academy award winning finneas \ud83d\ude09 has a nice ring to it "
        },
        {
            "date": "2022-03-23 16:08:25+00:00",
            "tweet_raw": "Stars in the Sky tomorrow. Pre-save and be the first to hear. #SonicMovie2 \n@sonicmovie \n\nhttps://t.co/cTZAcFyoXi https://t.co/FdvPVf3JiB",
            "tweet": "stars in the sky tomorrow. pre-save and be the first to hear.  \n \n\n "
        },
        {
            "date": "2022-03-22 19:55:36+00:00",
            "tweet_raw": "Thanx Melanie!!! \ud83d\ude4f\ud83c\udffe\ud83d\udc96\ud83d\ude2d https://t.co/B6OUPisNG3",
            "tweet": "thanx melanie!!! \ud83d\ude4f\ud83c\udffe\ud83d\udc96\ud83d\ude2d "
        },
        {
            "date": "2022-03-22 23:49:56+00:00",
            "tweet_raw": "Kid Cudi to Write, Direct and Star in Netflix\u2019s \u2018Teddy,\u2019 Produced by Jeymes Samuel and Jay-Z https://t.co/6mAk2i3uYN via @variety",
            "tweet": "kid cudi to write, direct and star in netflix\u2019s \u2018teddy,\u2019 produced by jeymes samuel and jay-z  via "
        },
        {
            "date": "2022-03-19 22:55:04+00:00",
            "tweet_raw": "Im turnin off all comments on IG for all posts.  And im thinkin about gettin off IG all together honestly.  Think ima just keep my twitter.  And im only gonna do that cuz I have to. I really wanna get off all socials.",
            "tweet": "im turnin off all comments on ig for all posts.  and im thinkin about gettin off ig all together honestly.  think ima just keep my twitter.  and im only gonna do that cuz i have to. i really wanna get off all socials."
        },
        {
            "date": "2022-03-23 16:08:25+00:00",
            "tweet_raw": "Stars in the Sky tomorrow. Pre-save and be the first to hear. #SonicMovie2 \n@sonicmovie \n\nhttps://t.co/cTZAcFyoXi https://t.co/FdvPVf3JiB",
            "tweet": "stars in the sky tomorrow. pre-save and be the first to hear.  \n \n\n "
        },
        {
            "date": "2022-04-10 01:09:39+00:00",
            "tweet_raw": "Thank uuuu \u263a\ufe0f\u270c\ud83c\udffe\ud83d\udc96 - Scott https://t.co/aNFgAPzfQ5",
            "tweet": "thank uuuu \u263a\ufe0f\u270c\ud83c\udffe\ud83d\udc96 - scott "
        },
        {
            "date": "2022-04-10 01:12:52+00:00",
            "tweet_raw": "#KidsChoiceAwards2022 \u270c\ud83c\udffe\ud83d\udc96 https://t.co/3ORadF1AjE",
            "tweet": " \u270c\ud83c\udffe\ud83d\udc96 "
        },
        {
            "date": "2022-04-10 01:12:52+00:00",
            "tweet_raw": "#KidsChoiceAwards2022 \u270c\ud83c\udffe\ud83d\udc96 https://t.co/3ORadF1AjE",
            "tweet": " \u270c\ud83c\udffe\ud83d\udc96 "
        },
        {
            "date": "2022-03-31 02:37:37+00:00",
            "tweet_raw": "I dont remember doin this!  Great collection of my favorite albums - Scott https://t.co/QH8tsouVut",
            "tweet": "i dont remember doin this!  great collection of my favorite albums - scott "
        },
        {
            "date": "2022-04-04 17:53:52+00:00",
            "tweet_raw": "Its a good day when Deadline posts about u \u263a\ufe0f\u270c\ud83c\udffe\ud83d\udc96 cant wait for yall to see this masterpiece from the GOD John Woo.  Joel whats good!! https://t.co/rFUFxEtM3v",
            "tweet": "its a good day when deadline posts about u \u263a\ufe0f\u270c\ud83c\udffe\ud83d\udc96 cant wait for yall to see this masterpiece from the god john woo.  joel whats good!! "
        },
        {
            "date": "2022-03-26 20:52:43+00:00",
            "tweet_raw": "Ever since I found out about this guitar years ago It was my dream to actually have one.  For people that dont know, this is a Fender Jag-Stang.  Designed by Kurt Cobain before he passed. Think I might get back into playing again for fun - Scott https://t.co/AHlALRc68j",
            "tweet": "ever since i found out about this guitar years ago it was my dream to actually have one.  for people that dont know, this is a fender jag-stang.  designed by kurt cobain before he passed. think i might get back into playing again for fun - scott "
        },
        {
            "date": "2022-03-31 22:30:56+00:00",
            "tweet_raw": "Wow thats so awesome!!!  My heart is full \ud83e\udd70 - Scott https://t.co/f65fmEBuLT",
            "tweet": "wow thats so awesome!!!  my heart is full \ud83e\udd70 - scott "
        },
        {
            "date": "2022-04-04 18:16:52+00:00",
            "tweet_raw": "Hiii! Forgot to put my name was  too excitedd ha - Scott https://t.co/lo9tVkzpIB",
            "tweet": "hiii! forgot to put my name was  too excitedd ha - scott "
        },
        {
            "date": "2022-03-26 03:26:55+00:00",
            "tweet_raw": "Tweets by Cudi will be signed w Scott.  Keep checkin in, he'll be poppin up sometimes to say hey to you guys and show love.",
            "tweet": "tweets by cudi will be signed w scott.  keep checkin in, he'll be poppin up sometimes to say hey to you guys and show love."
        },
        {
            "date": "2022-03-27 04:10:29+00:00",
            "tweet_raw": "Dude it is a true honor!! Thanx for havin me!!!\ud83d\ude4f\ud83c\udffe\u270c\ud83c\udffe\ud83d\udc96 cant wait to see this movie Jeff ima see u at the premiere!!!! - Scott https://t.co/nBv2Tu0Win",
            "tweet": "dude it is a true honor!! thanx for havin me!!!\ud83d\ude4f\ud83c\udffe\u270c\ud83c\udffe\ud83d\udc96 cant wait to see this movie jeff ima see u at the premiere!!!! - scott "
        },
        {
            "date": "2022-04-04 17:57:52+00:00",
            "tweet_raw": "Just wait https://t.co/U6NDz8dk2n",
            "tweet": "just wait "
        }
    ],
    "len": 100
}