{
    "account": "@ladygaga",
    "type": "Pop",
    "tweets": [
        {
            "date": "2021-09-03 16:30:50+00:00",
            "tweet_raw": "I\u2019D DO ANYTHING \nFOR YOU TO REALLY SEE ME\nhttps://t.co/ks2qS7NI6x https://t.co/qU87tbnxhf",
            "tweet": "i\u2019d do anything \nfor you to really see me\n "
        },
        {
            "date": "2021-06-08 16:01:10+00:00",
            "tweet_raw": "The BAD KID VAULT is here, available now on\u00a0https://t.co/lfX4GLwMiF. Free yourself, and take the pressure off of perfection. \ud83d\udda4 Follow @hauslabs to get a closer look at this limited-edition collectible: https://t.co/gEdc2cYg4H https://t.co/a9LDpb4PY1",
            "tweet": "the bad kid vault is here, available now on\u00a0 free yourself, and take the pressure off of perfection. \ud83d\udda4 follow  to get a closer look at this limited-edition collectible:  "
        },
        {
            "date": "2021-06-22 21:00:08+00:00",
            "tweet_raw": "The Power of Unlearning with Dr. @BerniceKing starts in one hour. Tune in here at 3pm PT / 6pm ET. https://t.co/58KlrlBoRK",
            "tweet": "the power of unlearning with dr.  starts in one hour. tune in here at 3pm pt / 6pm et. "
        },
        {
            "date": "2021-10-02 01:39:18+00:00",
            "tweet_raw": "#LoveForSale is available now at @BNBuzz online and in stores \ud83e\udd70 @itstonybennett https://t.co/mn536C5g1c https://t.co/eFl2Tflh6s",
            "tweet": " is available now at  online and in stores \ud83e\udd70   "
        },
        {
            "date": "2021-09-01 18:40:54+00:00",
            "tweet_raw": "I\u2019m so excited to celebrate kindness with you for #BeKind21! \ud83c\udf88 @btwfoundation and I can\u2019t wait to see the uplifting ways you\u2019re showing kindness to yourselves and others this month \u2764\ufe0f Learn more at https://t.co/vhZ0cyhN4a https://t.co/GajM8ZgO80",
            "tweet": "i\u2019m so excited to celebrate kindness with you for ! \ud83c\udf88  and i can\u2019t wait to see the uplifting ways you\u2019re showing kindness to yourselves and others this month \u2764\ufe0f learn more at  "
        },
        {
            "date": "2021-10-02 01:32:24+00:00",
            "tweet_raw": "#LoveForSale \ud83e\udd73 @itstonybennett @Spotify https://t.co/UY6ihTzesw https://t.co/wqHztv7Vvf",
            "tweet": " \ud83e\udd73    "
        },
        {
            "date": "2021-08-03 16:15:26+00:00",
            "tweet_raw": "Today, I am so excited to announce that our new album \"Love For Sale\" will be released October 1. You can pre-order the album and listen to our first single \"I Get A Kick Out Of You\" everywhere now!\nPre-order: https://t.co/x4phqHuwlV\nListen: https://t.co/Mq8vZBeWVz https://t.co/7O4T5BH57m",
            "tweet": "today, i am so excited to announce that our new album \"love for sale\" will be released october 1. you can pre-order the album and listen to our first single \"i get a kick out of you\" everywhere now!\npre-order: \nlisten:  "
        },
        {
            "date": "2021-07-08 17:49:04+00:00",
            "tweet_raw": "https://t.co/PNNgxCIfLe to get the look  \u201cGAGA\u2019s GLAM MAKEUP SET\u201d designed by me \ud83d\udc9c\ud83d\udc9c\ud83d\udc9c\ud83d\udc9c\ud83d\udc9c\ud83d\udc9c\ud83d\udc9c\ud83d\udc9c\ud83d\udc9c\ud83d\udc9c\ud83d\udc9c\ud83d\udc9c\ud83d\udc9c\ud83d\udc9c https://t.co/fvxOV0VDdG",
            "tweet": " to get the look  \u201cgaga\u2019s glam makeup set\u201d designed by me \ud83d\udc9c\ud83d\udc9c\ud83d\udc9c\ud83d\udc9c\ud83d\udc9c\ud83d\udc9c\ud83d\udc9c\ud83d\udc9c\ud83d\udc9c\ud83d\udc9c\ud83d\udc9c\ud83d\udc9c\ud83d\udc9c\ud83d\udc9c "
        },
        {
            "date": "2021-10-29 20:45:05+00:00",
            "tweet_raw": "Watch the \u201cNight And Day\u201d music video, out now! \ud83c\udfba\ud83c\udfb9 @itstonybennett https://t.co/uu1nirDKJg https://t.co/eUeArfT0Sz",
            "tweet": "watch the \u201cnight and day\u201d music video, out now! \ud83c\udfba\ud83c\udfb9   "
        },
        {
            "date": "2022-05-10 00:47:41+00:00",
            "tweet_raw": "@skylerxspace @hauslabs I like options \ud83d\ude43",
            "tweet": "  i like options \ud83d\ude43"
        },
        {
            "date": "2021-12-19 23:09:22+00:00",
            "tweet_raw": "Nightmare Alley is an amazing film with an amazing cast, congratulations to @RealGDT. Bradley is spectacular, Cate and Rooney beyond powerful!\u00a0I loved it so much. Go see it!",
            "tweet": "nightmare alley is an amazing film with an amazing cast, congratulations to . bradley is spectacular, cate and rooney beyond powerful!\u00a0i loved it so much. go see it!"
        },
        {
            "date": "2021-08-05 16:48:25+00:00",
            "tweet_raw": "Can\u2019t wait for our last show tonight Tony.  The world loves you, and we\u2019re all so lucky to witness your gift, your generosity, and your joy tonight at Radio City \u2764\ufe0f. https://t.co/463GiYpuDp",
            "tweet": "can\u2019t wait for our last show tonight tony.  the world loves you, and we\u2019re all so lucky to witness your gift, your generosity, and your joy tonight at radio city \u2764\ufe0f. "
        },
        {
            "date": "2021-06-08 19:02:01+00:00",
            "tweet_raw": "Calling all Bad Kids \ud83d\udea8 The BAD KID VAULT is available now on https://t.co/lfX4GLwMiF. This @hauslabs collection celebrates you and the love and support you\u2019ve shown each other over the last 10 years. You're still good to me if you're a bad kid, baby \ud83e\udd18 https://t.co/gEdc2cYg4H https://t.co/foI4jN2D3m",
            "tweet": "calling all bad kids \ud83d\udea8 the bad kid vault is available now on  this  collection celebrates you and the love and support you\u2019ve shown each other over the last 10 years. you're still good to me if you're a bad kid, baby \ud83e\udd18  "
        },
        {
            "date": "2021-09-15 23:35:35+00:00",
            "tweet_raw": "Thank you for celebrating our product and the kindness we stand for! Vegan and Cruelty-free \ud83d\ude4c love, LG https://t.co/JHnS2i9qhO",
            "tweet": "thank you for celebrating our product and the kindness we stand for! vegan and cruelty-free \ud83d\ude4c love, lg "
        },
        {
            "date": "2021-11-17 20:03:43+00:00",
            "tweet_raw": ".@THR November 2021 https://t.co/Y6rlTxKEj1 https://t.co/aQkw2dD5mn",
            "tweet": ". november 2021  "
        },
        {
            "date": "2021-09-14 19:01:31+00:00",
            "tweet_raw": "Tune in today at 3pm PT / 6pm ET. \u2764\ufe0f https://t.co/RLuZ7Yt5xX #BelovedCommunity https://t.co/QUZFuuIUFP",
            "tweet": "tune in today at 3pm pt / 6pm et. \u2764\ufe0f   "
        },
        {
            "date": "2021-08-03 20:20:27+00:00",
            "tweet_raw": "\u201cLove For Sale\u201d music and merch products are available to shop now in the official store \ud83e\udd70\ud83c\udfba https://t.co/Q5CJYNiYkZ https://t.co/vJ4zQwOIzd",
            "tweet": "\u201clove for sale\u201d music and merch products are available to shop now in the official store \ud83e\udd70\ud83c\udfba  "
        },
        {
            "date": "2021-08-05 16:48:25+00:00",
            "tweet_raw": "Can\u2019t wait for our last show tonight Tony.  The world loves you, and we\u2019re all so lucky to witness your gift, your generosity, and your joy tonight at Radio City \u2764\ufe0f. https://t.co/463GiYpuDp",
            "tweet": "can\u2019t wait for our last show tonight tony.  the world loves you, and we\u2019re all so lucky to witness your gift, your generosity, and your joy tonight at radio city \u2764\ufe0f. "
        },
        {
            "date": "2021-09-17 04:01:41+00:00",
            "tweet_raw": "Tony, this is the last album we will have created together, but the celebration of jazz, and us as musical companions, will live on with me forever. We offer the public \u201cLove For Sale\u201d for free love, to make them smile, because that\u2019s what we\u2019re here for. \u2764\ufe0f Love, LG https://t.co/VP6QifdrHA",
            "tweet": "tony, this is the last album we will have created together, but the celebration of jazz, and us as musical companions, will live on with me forever. we offer the public \u201clove for sale\u201d for free love, to make them smile, because that\u2019s what we\u2019re here for. \u2764\ufe0f love, lg "
        },
        {
            "date": "2021-07-23 21:30:07+00:00",
            "tweet_raw": "SELLING OUT it\u2019s a summer MUST natural color that\u2019s innovative &amp; intelligent\u2014amping up your natural lip tone with your PH level AND both hydrating &amp; conditioning w/ smart skin tech \ud83d\ude4c \ud83e\udde0 https://t.co/vrTgGzSDMx",
            "tweet": "selling out it\u2019s a summer must natural color that\u2019s innovative &amp; intelligent\u2014amping up your natural lip tone with your ph level and both hydrating &amp; conditioning w/ smart skin tech \ud83d\ude4c \ud83e\udde0 "
        },
        {
            "date": "2021-10-29 17:51:09+00:00",
            "tweet_raw": "One Last Time: An Evening With Tony Bennett &amp; Lady Gaga \ud83e\udd0d Join @itstonybennett and me on Sunday, November 28th at 8PM ET/PT on CBS \u2728 https://t.co/E2ufeCaCCA",
            "tweet": "one last time: an evening with tony bennett &amp; lady gaga \ud83e\udd0d join  and me on sunday, november 28th at 8pm et/pt on cbs \u2728 "
        },
        {
            "date": "2021-09-03 20:26:28+00:00",
            "tweet_raw": "#DAWNOFCHROMATICA @AUDIOMACK \ud83d\udc93 https://t.co/k53lLXDd8X https://t.co/FY0mtuDNSM",
            "tweet": "  \ud83d\udc93  "
        },
        {
            "date": "2021-10-29 20:45:05+00:00",
            "tweet_raw": "Watch the \u201cNight And Day\u201d music video, out now! \ud83c\udfba\ud83c\udfb9 @itstonybennett https://t.co/uu1nirDKJg https://t.co/eUeArfT0Sz",
            "tweet": "watch the \u201cnight and day\u201d music video, out now! \ud83c\udfba\ud83c\udfb9   "
        },
        {
            "date": "2021-09-16 16:55:08+00:00",
            "tweet_raw": "#LoveForSale \ud83e\udd70\ud83c\udfb6 15 days @itstonybennett https://t.co/x4phqHuwlV https://t.co/R2qJBQXkfm",
            "tweet": " \ud83e\udd70\ud83c\udfb6 15 days   "
        },
        {
            "date": "2021-09-22 22:13:35+00:00",
            "tweet_raw": "Listen to \u201cLove For Sale\u201d on #FreshJazz \ud83c\udfba @itstonybennett @amazonmusic https://t.co/BxZn74YUPA https://t.co/cMFSFPU81j",
            "tweet": "listen to \u201clove for sale\u201d on  \ud83c\udfba    "
        },
        {
            "date": "2021-10-02 01:37:22+00:00",
            "tweet_raw": "Listen to \u201cI\u2019ve Got You Under My Skin\u201d on @AppleMusic! @itstonybennett https://t.co/4CYme1yowi https://t.co/n6Knfw5DS5",
            "tweet": "listen to \u201ci\u2019ve got you under my skin\u201d on !   "
        },
        {
            "date": "2022-05-08 17:32:59+00:00",
            "tweet_raw": "@reneeh1000000 @hauslabs @Sephora I\u2019m so excited \ud83d\ude2d",
            "tweet": "   i\u2019m so excited \ud83d\ude2d"
        },
        {
            "date": "2021-09-03 20:23:51+00:00",
            "tweet_raw": "#DAWNOFCHROMATICA @AMAZONMUSIC \u2694\ufe0f https://t.co/HNXcN3qopm https://t.co/0rLH7YTE3E",
            "tweet": "  \u2694\ufe0f  "
        },
        {
            "date": "2021-06-12 16:01:29+00:00",
            "tweet_raw": "The translucent yellow #Chromatica gatefold vinyl is available today for @recordstoreday! I\u2019m so excited for this special version of the album to be yours \u2694\ufe0f\ud83d\udc93 Visit https://t.co/98yMfpaNvw to find your local store \ud83d\udc9d https://t.co/o58WHKrQb5",
            "tweet": "the translucent yellow  gatefold vinyl is available today for ! i\u2019m so excited for this special version of the album to be yours \u2694\ufe0f\ud83d\udc93 visit  to find your local store \ud83d\udc9d "
        },
        {
            "date": "2022-04-29 19:05:10+00:00",
            "tweet_raw": "#HOLDMYHAND \u2708\ufe0f MAY 3 @TopGunMovie https://t.co/bSPhBnVPpN https://t.co/CAAQyo2qRs",
            "tweet": " \u2708\ufe0f may 3   "
        },
        {
            "date": "2021-06-08 19:02:01+00:00",
            "tweet_raw": "Calling all Bad Kids \ud83d\udea8 The BAD KID VAULT is available now on https://t.co/lfX4GLwMiF. This @hauslabs collection celebrates you and the love and support you\u2019ve shown each other over the last 10 years. You're still good to me if you're a bad kid, baby \ud83e\udd18 https://t.co/gEdc2cYg4H https://t.co/foI4jN2D3m",
            "tweet": "calling all bad kids \ud83d\udea8 the bad kid vault is available now on  this  collection celebrates you and the love and support you\u2019ve shown each other over the last 10 years. you're still good to me if you're a bad kid, baby \ud83e\udd18  "
        },
        {
            "date": "2021-08-03 14:53:42+00:00",
            "tweet_raw": "Please post a video today on Instagram Reels using the hashtag #Tonys95thBdayCard with one reason you love Tony, and we\u2019ll choose the top submissions to edit into a special card for Tony! Let\u2019s give him the gift of love that he deserves. \n\n(No music in the background, please!)",
            "tweet": "please post a video today on instagram reels using the hashtag  with one reason you love tony, and we\u2019ll choose the top submissions to edit into a special card for tony! let\u2019s give him the gift of love that he deserves. \n\n(no music in the background, please!)"
        },
        {
            "date": "2021-08-06 16:03:06+00:00",
            "tweet_raw": "\u201cI Get A Kick Out Of You\u201d music video out now \ud83c\udfba\u2728 @itstonybennett #LoveForSale https://t.co/CUnubpnbeI https://t.co/W5uRITsWcx",
            "tweet": "\u201ci get a kick out of you\u201d music video out now \ud83c\udfba\u2728    "
        },
        {
            "date": "2021-11-22 23:02:49+00:00",
            "tweet_raw": "Pre-order the limited edition \u201cLove For Sale\u201d cream vinyl, available only at Amazon! @amazonmusic \ud83c\udfb7\ud83e\udd0d https://t.co/nX4J7VvmFx https://t.co/cxsACqIrZC",
            "tweet": "pre-order the limited edition \u201clove for sale\u201d cream vinyl, available only at amazon!  \ud83c\udfb7\ud83e\udd0d  "
        },
        {
            "date": "2021-09-30 23:18:53+00:00",
            "tweet_raw": "i love you tony and susan. in just under 5 hrs the world can listen to \"Love For Sale,\" our last album.  my greatest honor, a bittersweet joyous heartbreak. i will never be the same Tony.  thank you for your gift to all of us. https://t.co/AnlgGdcIYr",
            "tweet": "i love you tony and susan. in just under 5 hrs the world can listen to \"love for sale,\" our last album.  my greatest honor, a bittersweet joyous heartbreak. i will never be the same tony.  thank you for your gift to all of us. "
        },
        {
            "date": "2021-06-21 22:18:23+00:00",
            "tweet_raw": "Please join Dr. @BerniceKing and me tomorrow as we discuss the power of unlearning. @TheKingCenter https://t.co/TaucoOsUsM",
            "tweet": "please join dr.  and me tomorrow as we discuss the power of unlearning.  "
        },
        {
            "date": "2021-09-19 17:02:06+00:00",
            "tweet_raw": "Brand new @hauslabs coming very soon \ud83e\udd29 Any guesses? \ud83c\udfb7 https://t.co/sfYuvv85Rt",
            "tweet": "brand new  coming very soon \ud83e\udd29 any guesses? \ud83c\udfb7 "
        },
        {
            "date": "2021-06-13 19:07:08+00:00",
            "tweet_raw": "The BAD KID VAULT is available in limited quantities on https://t.co/lfX4GLwMiF \u2013 16 hand-curated artistry tools from @hauslabs, inspired by #BornThisWay, available in a collector's box. Let your creativity lead without boundaries. \ud83d\udda4 https://t.co/gEdc2cYg4H https://t.co/DqnBWO5ixS",
            "tweet": "the bad kid vault is available in limited quantities on  \u2013 16 hand-curated artistry tools from , inspired by , available in a collector's box. let your creativity lead without boundaries. \ud83d\udda4  "
        },
        {
            "date": "2021-09-22 16:03:53+00:00",
            "tweet_raw": "I\u2019ve been wearing these shades for months, including on stage with @itstonybennett at Radio City. I can\u2019t wait for you to experience this palette and fall in love with it as much as I have!",
            "tweet": "i\u2019ve been wearing these shades for months, including on stage with  at radio city. i can\u2019t wait for you to experience this palette and fall in love with it as much as i have!"
        },
        {
            "date": "2021-07-30 00:45:39+00:00",
            "tweet_raw": "\ud83d\ude4c love you Rid and the whole cast and everyone in Italy who supported us filming during Covid. THANK YOU I LOVE YOU \u2764\ufe0f\u2764\ufe0f\u2764\ufe0f Italy you are the heart of me and my whole family \u2764\ufe0f https://t.co/zkAjR1Xx3W",
            "tweet": "\ud83d\ude4c love you rid and the whole cast and everyone in italy who supported us filming during covid. thank you i love you \u2764\ufe0f\u2764\ufe0f\u2764\ufe0f italy you are the heart of me and my whole family \u2764\ufe0f "
        },
        {
            "date": "2021-09-19 00:07:28+00:00",
            "tweet_raw": "For today\u2019s act of kindness for #BeKind21, I bought gift cards at Starbucks and asked the baristas to buy coffee for the customers who came in after me. @BTWFoundation https://t.co/TMITq0xM1t",
            "tweet": "for today\u2019s act of kindness for , i bought gift cards at starbucks and asked the baristas to buy coffee for the customers who came in after me.  "
        },
        {
            "date": "2022-01-01 19:53:09+00:00",
            "tweet_raw": "Happy New Year everybody! I know a lot of people feel like this holiday is a time to \u201creset\u201d and set goals. What if we also just kept going and brought our history with us? What if we honored that we work hard all the time to be brave and our goal was just to keep that courage \u2764\ufe0f",
            "tweet": "happy new year everybody! i know a lot of people feel like this holiday is a time to \u201creset\u201d and set goals. what if we also just kept going and brought our history with us? what if we honored that we work hard all the time to be brave and our goal was just to keep that courage \u2764\ufe0f"
        },
        {
            "date": "2021-09-29 19:00:29+00:00",
            "tweet_raw": "This Thanksgiving, Join The Family. #HouseOfGucci https://t.co/BhLTchstXe",
            "tweet": "this thanksgiving, join the family.  "
        },
        {
            "date": "2021-10-28 16:01:03+00:00",
            "tweet_raw": "A new trailer, sweeties \ud83d\udc8b #HouseOfGucci \u2013 only in theaters This Thanksgiving https://t.co/4zVhazUo2N",
            "tweet": "a new trailer, sweeties \ud83d\udc8b  \u2013 only in theaters this thanksgiving "
        },
        {
            "date": "2021-09-29 19:00:29+00:00",
            "tweet_raw": "This Thanksgiving, Join The Family. #HouseOfGucci https://t.co/BhLTchstXe",
            "tweet": "this thanksgiving, join the family.  "
        },
        {
            "date": "2021-10-02 01:39:18+00:00",
            "tweet_raw": "#LoveForSale is available now at @BNBuzz online and in stores \ud83e\udd70 @itstonybennett https://t.co/mn536C5g1c https://t.co/eFl2Tflh6s",
            "tweet": " is available now at  online and in stores \ud83e\udd70   "
        },
        {
            "date": "2021-09-21 00:14:27+00:00",
            "tweet_raw": "For today\u2019s act of kindness, I supported @DonorsChoose + @BTWFoundation\u2019s work to build kind classrooms that support mental wellness. If you are able, you can complete a classroom fundraising request today as part of #BeKind21. https://t.co/nswczCIt52 https://t.co/ZqSr4PV0DF",
            "tweet": "for today\u2019s act of kindness, i supported  + \u2019s work to build kind classrooms that support mental wellness. if you are able, you can complete a classroom fundraising request today as part of .  "
        },
        {
            "date": "2021-07-14 18:43:25+00:00",
            "tweet_raw": "It\u2019s officially our 2 YEAR ANNIVERSARY at @hauslabs! We\u2019ve already started celebrating, and you\u2019re invited to the party \ud83c\udf7e Keeping my pout extra glassy with LE RIOT LIP GLOSS in ENTRANCED. P.S. Head over to @hauslabs for a special surprise \ud83d\udc8b https://t.co/6Qvp5Ies0R https://t.co/QlovQXxbjY",
            "tweet": "it\u2019s officially our 2 year anniversary at ! we\u2019ve already started celebrating, and you\u2019re invited to the party \ud83c\udf7e keeping my pout extra glassy with le riot lip gloss in entranced. p.s. head over to  for a special surprise \ud83d\udc8b  "
        },
        {
            "date": "2021-06-11 03:23:50+00:00",
            "tweet_raw": "\ud83c\udf19\ud83c\udf19\ud83c\udf19 https://t.co/yMXbLlVIjn",
            "tweet": "\ud83c\udf19\ud83c\udf19\ud83c\udf19 "
        },
        {
            "date": "2021-10-13 22:42:41+00:00",
            "tweet_raw": "Dream dancing with you \u2728 @itstonybennett #LoveForSale https://t.co/PhOwFEOdvJ https://t.co/OeUlRJqM9k",
            "tweet": "dream dancing with you \u2728    "
        },
        {
            "date": "2021-09-22 16:03:52+00:00",
            "tweet_raw": "In celebration of LOVE FOR SALE, I am excited to announce our brand new @hauslabs limited-edition LOVE FOR SALE SHADOW PALETTE! We\u2019ve been listening, and are bringing all new formulas with luxe pigments. Coming to https://t.co/lfX4GLwMiF on 9/28! https://t.co/8UmHyFf9EE https://t.co/HgcDC6o01K",
            "tweet": "in celebration of love for sale, i am excited to announce our brand new  limited-edition love for sale shadow palette! we\u2019ve been listening, and are bringing all new formulas with luxe pigments. coming to  on 9/28!  "
        },
        {
            "date": "2022-05-01 18:38:52+00:00",
            "tweet_raw": "@_Twigaga_ @hauslabs Noted \ud83e\udd17",
            "tweet": "  noted \ud83e\udd17"
        },
        {
            "date": "2021-09-23 19:16:55+00:00",
            "tweet_raw": "Today we are celebrating the 7 year anniversary of @itstonybennett\u2019s and my first album together, \u201cCheek to Cheek\u201d! I can\u2019t wait for you to hear our new album \u201cLove For Sale\u201d next Friday \u2764\ufe0f https://t.co/x4phqHuwlV https://t.co/LPqk5TVTas",
            "tweet": "today we are celebrating the 7 year anniversary of \u2019s and my first album together, \u201ccheek to cheek\u201d! i can\u2019t wait for you to hear our new album \u201clove for sale\u201d next friday \u2764\ufe0f  "
        },
        {
            "date": "2021-09-10 19:39:43+00:00",
            "tweet_raw": "Only 3 weeks until @itstonybennett and I release \u201cLove For Sale\u201d! I love singing with you Tony, day and night! \ud83e\udd17\ud83c\udfba https://t.co/x4phqHuwlV https://t.co/LyecyaxsZ6",
            "tweet": "only 3 weeks until  and i release \u201clove for sale\u201d! i love singing with you tony, day and night! \ud83e\udd17\ud83c\udfba  "
        },
        {
            "date": "2021-06-04 16:13:38+00:00",
            "tweet_raw": "New posters for #TheTenthAnniversary are available to shop now at https://t.co/Q5CJYNiYkZ #BornThisWay https://t.co/48pVxXE9ny",
            "tweet": "new posters for  are available to shop now at   "
        },
        {
            "date": "2021-05-28 04:04:35+00:00",
            "tweet_raw": "Introducing Born This Way The Tenth Anniversary, a special edition of the album in new packaging that will be available on June 18! The CD is available to pre-order now at https://t.co/Q5CJYNiYkZ https://t.co/RHauzH2k7o",
            "tweet": "introducing born this way the tenth anniversary, a special edition of the album in new packaging that will be available on june 18! the cd is available to pre-order now at  "
        },
        {
            "date": "2022-04-30 17:44:43+00:00",
            "tweet_raw": "@HausOfFiona @hauslabs \ud83e\udd2b\ud83d\udc95\ud83d\udc95",
            "tweet": "  \ud83e\udd2b\ud83d\udc95\ud83d\udc95"
        },
        {
            "date": "2021-08-30 16:00:40+00:00",
            "tweet_raw": "DAWN OF CHROMATICA \u2694\ufe0f\ud83d\udc9a\ud83d\udc97\nTHE REMIX ALBUM\nSEPTEMBER 3\nPRE-SAVE NOW\nhttps://t.co/z6kfSOTt5H https://t.co/EfEefQdLBc",
            "tweet": "dawn of chromatica \u2694\ufe0f\ud83d\udc9a\ud83d\udc97\nthe remix album\nseptember 3\npre-save now\n "
        },
        {
            "date": "2021-10-16 20:55:37+00:00",
            "tweet_raw": "\ud83e\udd70\ud83c\udfba\ud83c\udfb9 #GagaVegas #LoveForSale https://t.co/8zO46rZf5t",
            "tweet": "\ud83e\udd70\ud83c\udfba\ud83c\udfb9   "
        },
        {
            "date": "2021-07-19 13:02:49+00:00",
            "tweet_raw": "One Last Time \ud83e\udd0d An evening with @itstonybennett and me at Radio City Music Hall on August 3rd &amp; 5th. I am so honored and excited to celebrate Tony\u2019s 95th birthday with him at these special shows. Tickets go on sale Thursday, July 22nd at 10am ET on https://t.co/diUM1qWy7A \u2728 https://t.co/gHEcsWb704",
            "tweet": "one last time \ud83e\udd0d an evening with  and me at radio city music hall on august 3rd &amp; 5th. i am so honored and excited to celebrate tony\u2019s 95th birthday with him at these special shows. tickets go on sale thursday, july 22nd at 10am et on  \u2728 "
        },
        {
            "date": "2021-09-19 18:52:26+00:00",
            "tweet_raw": "For today\u2019s act of kindness, I am supporting @miryslist, @RESCUEorg, + @JFCSEastBay as they provide needed supplies and warm welcomes to Afghan refugees who have recently arrived to the U.S. #BeKind21 https://t.co/c8BYtC3OeC",
            "tweet": "for today\u2019s act of kindness, i am supporting , , +  as they provide needed supplies and warm welcomes to afghan refugees who have recently arrived to the u.s.  "
        },
        {
            "date": "2021-08-03 14:53:42+00:00",
            "tweet_raw": "Please post a video today on Instagram Reels using the hashtag #Tonys95thBdayCard with one reason you love Tony, and we\u2019ll choose the top submissions to edit into a special card for Tony! Let\u2019s give him the gift of love that he deserves. \n\n(No music in the background, please!)",
            "tweet": "please post a video today on instagram reels using the hashtag  with one reason you love tony, and we\u2019ll choose the top submissions to edit into a special card for tony! let\u2019s give him the gift of love that he deserves. \n\n(no music in the background, please!)"
        },
        {
            "date": "2021-12-18 01:18:49+00:00",
            "tweet_raw": ". @BTWFoundation \ud83d\udc95\ud83d\udc95\ud83d\udc95https://t.co/Ro58UCkzZd",
            "tweet": ".  \ud83d\udc95\ud83d\udc95\ud83d\udc95"
        },
        {
            "date": "2021-09-22 22:14:46+00:00",
            "tweet_raw": "Listen to \u201cLove For Sale\u201d on #TodaysEasyHits \ud83c\udfb6 @itstonybennett @AppleMusic https://t.co/4CYme1yowi https://t.co/iPEu93NF9Y",
            "tweet": "listen to \u201clove for sale\u201d on  \ud83c\udfb6    "
        },
        {
            "date": "2021-09-17 16:02:17+00:00",
            "tweet_raw": "\u201cLove For Sale\u201d music video with @itstonybennett is out now. \u2764\ufe0f #LoveForSale https://t.co/uIhgj81dYc https://t.co/IbO7qFiyMQ",
            "tweet": "\u201clove for sale\u201d music video with  is out now. \u2764\ufe0f   "
        },
        {
            "date": "2021-09-14 19:01:31+00:00",
            "tweet_raw": "Tune in today at 3pm PT / 6pm ET. \u2764\ufe0f https://t.co/RLuZ7Yt5xX #BelovedCommunity https://t.co/QUZFuuIUFP",
            "tweet": "tune in today at 3pm pt / 6pm et. \u2764\ufe0f   "
        },
        {
            "date": "2021-10-01 03:40:00+00:00",
            "tweet_raw": "Watch #FirstListenGagaBennett live now on @applemusic! \ud83e\udd70 @itstonybennett https://t.co/xfWmnfajnL https://t.co/DTJhpTmiqU",
            "tweet": "watch  live now on ! \ud83e\udd70   "
        },
        {
            "date": "2021-09-30 15:42:33+00:00",
            "tweet_raw": "Join me today for my exclusive online performance brought to you by Westfield in celebration of \u201cLove For Sale\u201d! Tune in at 10:30am PT / 6:30pm BST / 7:30pm CET \u2764\ufe0f https://t.co/5Nn6uytwq1 https://t.co/iic06kuYFF",
            "tweet": "join me today for my exclusive online performance brought to you by westfield in celebration of \u201clove for sale\u201d! tune in at 10:30am pt / 6:30pm bst / 7:30pm cet \u2764\ufe0f  "
        },
        {
            "date": "2021-07-14 18:43:25+00:00",
            "tweet_raw": "It\u2019s officially our 2 YEAR ANNIVERSARY at @hauslabs! We\u2019ve already started celebrating, and you\u2019re invited to the party \ud83c\udf7e Keeping my pout extra glassy with LE RIOT LIP GLOSS in ENTRANCED. P.S. Head over to @hauslabs for a special surprise \ud83d\udc8b https://t.co/6Qvp5Ies0R https://t.co/QlovQXxbjY",
            "tweet": "it\u2019s officially our 2 year anniversary at ! we\u2019ve already started celebrating, and you\u2019re invited to the party \ud83c\udf7e keeping my pout extra glassy with le riot lip gloss in entranced. p.s. head over to  for a special surprise \ud83d\udc8b  "
        },
        {
            "date": "2021-09-05 18:46:50+00:00",
            "tweet_raw": "#DAWNOFCHROMATICA\nTHE REMIX ALBUM\nDOWNLOAD NOW ON ITUNES \u2694\ufe0f\ud83d\udc9a\ud83d\udc97\nhttps://t.co/eJKTXwDh3s https://t.co/wya3hpm91E",
            "tweet": "\nthe remix album\ndownload now on itunes \u2694\ufe0f\ud83d\udc9a\ud83d\udc97\n "
        },
        {
            "date": "2021-05-28 04:18:42+00:00",
            "tweet_raw": "#TheTenthAnniversary CD &amp; merch collection are available to pre-order now at https://t.co/Q5CJYNiYkZ \u2764 https://t.co/MVnDRDjxfB",
            "tweet": " cd &amp; merch collection are available to pre-order now at  \u2764 "
        },
        {
            "date": "2021-09-22 22:13:35+00:00",
            "tweet_raw": "Listen to \u201cLove For Sale\u201d on #FreshJazz \ud83c\udfba @itstonybennett @amazonmusic https://t.co/BxZn74YUPA https://t.co/cMFSFPU81j",
            "tweet": "listen to \u201clove for sale\u201d on  \ud83c\udfba    "
        },
        {
            "date": "2021-09-02 16:00:32+00:00",
            "tweet_raw": "DAWN OF CHROMATICA VINYL\nAVAILABLE TONIGHT AT 9PM PT \n\u2694\ufe0f\ud83d\udc9a\ud83d\udc97 https://t.co/6ToieYMLIV https://t.co/fJRNmgFftN",
            "tweet": "dawn of chromatica vinyl\navailable tonight at 9pm pt \n\u2694\ufe0f\ud83d\udc9a\ud83d\udc97  "
        },
        {
            "date": "2021-06-25 04:46:38+00:00",
            "tweet_raw": "Born This Way The Tenth Anniversary is OUT NOW \ud83c\udf19\u271d\ud83e\udd84\ud83d\udc65\ud83d\udcd0\ud83c\udf08 Thank you to each of the incredible artists who reimagined #BornThisWay songs! And thank you Little Monsters for building our community of love, acceptance, and kindness for the last 10 years. https://t.co/46aqTyCE1m https://t.co/7tOQ8eUfBZ",
            "tweet": "born this way the tenth anniversary is out now \ud83c\udf19\u271d\ud83e\udd84\ud83d\udc65\ud83d\udcd0\ud83c\udf08 thank you to each of the incredible artists who reimagined  songs! and thank you little monsters for building our community of love, acceptance, and kindness for the last 10 years.  "
        },
        {
            "date": "2021-10-02 01:39:18+00:00",
            "tweet_raw": "#LoveForSale is available now at @BNBuzz online and in stores \ud83e\udd70 @itstonybennett https://t.co/mn536C5g1c https://t.co/eFl2Tflh6s",
            "tweet": " is available now at  online and in stores \ud83e\udd70   "
        },
        {
            "date": "2021-09-24 19:10:27+00:00",
            "tweet_raw": "Find inspiration in the world of jazz, and take on the freedom to create endless eye looks, from subtle to sultry. It's iconic color that performs, and it's #MadeInItaly! Available globally on Sept 28, just before @itstonybennett and I release our album on Oct 1! \ud83c\udfba",
            "tweet": "find inspiration in the world of jazz, and take on the freedom to create endless eye looks, from subtle to sultry. it's iconic color that performs, and it's ! available globally on sept 28, just before  and i release our album on oct 1! \ud83c\udfba"
        },
        {
            "date": "2021-09-14 19:01:31+00:00",
            "tweet_raw": "Tune in today at 3pm PT / 6pm ET. \u2764\ufe0f https://t.co/RLuZ7Yt5xX #BelovedCommunity https://t.co/QUZFuuIUFP",
            "tweet": "tune in today at 3pm pt / 6pm et. \u2764\ufe0f   "
        },
        {
            "date": "2021-06-22 22:07:51+00:00",
            "tweet_raw": "I\u2019m honored to join Dr. @BerniceKing for this important conversation. Watch now and join us as we discuss the power of unlearning and building the #BelovedCommunity. #UnlearningBCT #MLK #BeLove https://t.co/ERdjLW05Bi",
            "tweet": "i\u2019m honored to join dr.  for this important conversation. watch now and join us as we discuss the power of unlearning and building the .    "
        },
        {
            "date": "2021-07-23 17:42:55+00:00",
            "tweet_raw": "The freedom to vote is under attack by the country\u2019s partisan lawmakers and dark money special interests. @POTUS and Senate Democrats must do whatever it takes to pass the #ForThePeopleAct.\u00a0Take action today: https://t.co/0aq0U5iA7i",
            "tweet": "the freedom to vote is under attack by the country\u2019s partisan lawmakers and dark money special interests.  and senate democrats must do whatever it takes to pass the .\u00a0take action today: "
        },
        {
            "date": "2021-10-03 00:39:21+00:00",
            "tweet_raw": "Download our new album \u201cLove For Sale\u201d on iTunes! @itstonybennett \ud83c\udfba\ud83c\udfb9\ud83c\udfb6 https://t.co/yiM7Bnvr5Q https://t.co/ioAMSvdHfM",
            "tweet": "download our new album \u201clove for sale\u201d on itunes!  \ud83c\udfba\ud83c\udfb9\ud83c\udfb6  "
        },
        {
            "date": "2021-09-10 19:39:43+00:00",
            "tweet_raw": "Only 3 weeks until @itstonybennett and I release \u201cLove For Sale\u201d! I love singing with you Tony, day and night! \ud83e\udd17\ud83c\udfba https://t.co/x4phqHuwlV https://t.co/LyecyaxsZ6",
            "tweet": "only 3 weeks until  and i release \u201clove for sale\u201d! i love singing with you tony, day and night! \ud83e\udd17\ud83c\udfba  "
        },
        {
            "date": "2021-08-03 16:05:26+00:00",
            "tweet_raw": "The day we released \"Cheek To Cheek\" in 2014, @itstonybennett called me and asked me if I wanted to record another album with him, this time celebrating the songs of Cole Porter. I'm always honored to sing with my friend Tony, so of course I accepted the invitation.",
            "tweet": "the day we released \"cheek to cheek\" in 2014,  called me and asked me if i wanted to record another album with him, this time celebrating the songs of cole porter. i'm always honored to sing with my friend tony, so of course i accepted the invitation."
        },
        {
            "date": "2021-09-15 23:35:35+00:00",
            "tweet_raw": "Thank you for celebrating our product and the kindness we stand for! Vegan and Cruelty-free \ud83d\ude4c love, LG https://t.co/JHnS2i9qhO",
            "tweet": "thank you for celebrating our product and the kindness we stand for! vegan and cruelty-free \ud83d\ude4c love, lg "
        },
        {
            "date": "2021-11-22 19:19:34+00:00",
            "tweet_raw": "Experience Italian Glam with the @hauslabs Tutti Gel-Powder All Over Rouge \ud83c\uddee\ud83c\uddf9 Warm up the gel-to-powder formula and gently tap onto the lips and cheeks \ud83e\udd17 All 4 shades of these monochromatic rouges are available now on https://t.co/lfX4GLfbr7! https://t.co/OTrLDrKBXo https://t.co/TxFICFzpmY",
            "tweet": "experience italian glam with the  tutti gel-powder all over rouge \ud83c\uddee\ud83c\uddf9 warm up the gel-to-powder formula and gently tap onto the lips and cheeks \ud83e\udd17 all 4 shades of these monochromatic rouges are available now on   "
        },
        {
            "date": "2021-07-29 15:01:00+00:00",
            "tweet_raw": "Stasera. https://t.co/msmsFat83t",
            "tweet": "stasera. "
        },
        {
            "date": "2021-12-06 22:22:54+00:00",
            "tweet_raw": "The limited edition \u201cLove For Sale\u201d cream vinyl is now available, only at Amazon! @itstonybennett @amazonmusic \u2764\ufe0f https://t.co/VXop6wlb8p https://t.co/goEcrmWVQV",
            "tweet": "the limited edition \u201clove for sale\u201d cream vinyl is now available, only at amazon!   \u2764\ufe0f  "
        },
        {
            "date": "2021-08-03 14:53:42+00:00",
            "tweet_raw": "Please post a video today on Instagram Reels using the hashtag #Tonys95thBdayCard with one reason you love Tony, and we\u2019ll choose the top submissions to edit into a special card for Tony! Let\u2019s give him the gift of love that he deserves. \n\n(No music in the background, please!)",
            "tweet": "please post a video today on instagram reels using the hashtag  with one reason you love tony, and we\u2019ll choose the top submissions to edit into a special card for tony! let\u2019s give him the gift of love that he deserves. \n\n(no music in the background, please!)"
        },
        {
            "date": "2021-09-17 04:01:43+00:00",
            "tweet_raw": "\u201cLove For Sale\u201d the song is out now! And Love For Sale the album, a celebration of the songs of Cole Porter sung by @itstonybennett and me, is out in 2 weeks on October 1. https://t.co/x4phqHuwlV https://t.co/yCqXJjHvst",
            "tweet": "\u201clove for sale\u201d the song is out now! and love for sale the album, a celebration of the songs of cole porter sung by  and me, is out in 2 weeks on october 1.  "
        },
        {
            "date": "2021-09-30 23:38:31+00:00",
            "tweet_raw": "#FirstListenGagaBennett hosted by @zanelowe is tonight! I can\u2019t wait for you to hear our new songs from \u201cLove For Sale\u201d \ud83c\udfba @applemusic @itstonybennett https://t.co/HbdVlRw9am",
            "tweet": " hosted by  is tonight! i can\u2019t wait for you to hear our new songs from \u201clove for sale\u201d \ud83c\udfba   "
        },
        {
            "date": "2021-10-03 00:26:07+00:00",
            "tweet_raw": "Shop the limited edition vinyl + CD bundle, only available until Monday! Includes the exclusive yellow \u201cLove For Sale\u201d vinyl \ud83d\udc9b https://t.co/ZmkHTFvmsm https://t.co/QjqkwBTxiT",
            "tweet": "shop the limited edition vinyl + cd bundle, only available until monday! includes the exclusive yellow \u201clove for sale\u201d vinyl \ud83d\udc9b  "
        },
        {
            "date": "2021-08-30 16:00:40+00:00",
            "tweet_raw": "DAWN OF CHROMATICA \u2694\ufe0f\ud83d\udc9a\ud83d\udc97\nTHE REMIX ALBUM\nSEPTEMBER 3\nPRE-SAVE NOW\nhttps://t.co/z6kfSOTt5H https://t.co/EfEefQdLBc",
            "tweet": "dawn of chromatica \u2694\ufe0f\ud83d\udc9a\ud83d\udc97\nthe remix album\nseptember 3\npre-save now\n "
        },
        {
            "date": "2021-09-16 16:55:08+00:00",
            "tweet_raw": "#LoveForSale \ud83e\udd70\ud83c\udfb6 15 days @itstonybennett https://t.co/x4phqHuwlV https://t.co/R2qJBQXkfm",
            "tweet": " \ud83e\udd70\ud83c\udfb6 15 days   "
        },
        {
            "date": "2021-10-01 23:58:54+00:00",
            "tweet_raw": "In case you weren\u2019t able to tune in to my performance online or at a Westfield fan zone yesterday, it\u2019s available to watch now on YouTube! \ud83d\ude0a Thank you for celebrating #LoveForSale with me \ud83c\udfb9\u2728 https://t.co/PbLEqC4TTg",
            "tweet": "in case you weren\u2019t able to tune in to my performance online or at a westfield fan zone yesterday, it\u2019s available to watch now on youtube! \ud83d\ude0a thank you for celebrating  with me \ud83c\udfb9\u2728 "
        },
        {
            "date": "2021-10-21 00:11:49+00:00",
            "tweet_raw": "Thank you @MTVEMA! \ud83d\udc93 https://t.co/HIdnvCrEdr https://t.co/Uljyi7J3X2",
            "tweet": "thank you ! \ud83d\udc93  "
        },
        {
            "date": "2021-10-29 20:45:05+00:00",
            "tweet_raw": "Watch the \u201cNight And Day\u201d music video, out now! \ud83c\udfba\ud83c\udfb9 @itstonybennett https://t.co/uu1nirDKJg https://t.co/eUeArfT0Sz",
            "tweet": "watch the \u201cnight and day\u201d music video, out now! \ud83c\udfba\ud83c\udfb9   "
        },
        {
            "date": "2021-10-21 00:11:49+00:00",
            "tweet_raw": "Thank you @MTVEMA! \ud83d\udc93 https://t.co/HIdnvCrEdr https://t.co/Uljyi7J3X2",
            "tweet": "thank you ! \ud83d\udc93  "
        },
        {
            "date": "2021-08-28 17:00:38+00:00",
            "tweet_raw": "Lady Gaga Jazz &amp; Piano \ud83c\udfba \ud83c\udfbc\nThe Las Vegas Residency at @ParkMGM\nTickets for all dates this October are on sale now \u2728 https://t.co/jnMYUgDoRu https://t.co/5PFMtf1CKM",
            "tweet": "lady gaga jazz &amp; piano \ud83c\udfba \ud83c\udfbc\nthe las vegas residency at \ntickets for all dates this october are on sale now \u2728  "
        },
        {
            "date": "2021-09-03 20:20:56+00:00",
            "tweet_raw": "#DAWNOFCHROMATICA @SPOTIFY \ud83d\udc9a https://t.co/tPIh6YNIHO https://t.co/4Y47zrktqu",
            "tweet": "  \ud83d\udc9a  "
        },
        {
            "date": "2021-06-25 23:40:01+00:00",
            "tweet_raw": "#BORNTHISWAY THE TENTH ANNIVERSARY\nOUT NOW ON @AMAZONMUSIC \u2764\ufe0f https://t.co/RcKxLkyNb7 https://t.co/LV1yLlusM6",
            "tweet": " the tenth anniversary\nout now on  \u2764\ufe0f  "
        },
        {
            "date": "2022-05-10 20:48:02+00:00",
            "tweet_raw": "@Hold_My_Gaga Yes hand yes",
            "tweet": " yes hand yes"
        }
    ],
    "len": 100
}