{
    "account": "@MickJagger",
    "type": "Rock",
    "tweets": [
        {
            "date": "2016-10-22 00:41:39+00:00",
            "tweet_raw": "Thanks everyone for your good wishes. Really looking forward to getting back on stage tomorrow night in Vegas! Hope to see you at the show",
            "tweet": "thanks everyone for your good wishes. really looking forward to getting back on stage tomorrow night in vegas! hope to see you at the show"
        },
        {
            "date": "2017-06-30 18:35:45+00:00",
            "tweet_raw": "One to sing along to. #outofcontrol #therollingstones https://t.co/FuCdJbxIL4",
            "tweet": "one to sing along to.   "
        },
        {
            "date": "2017-05-03 09:56:31+00:00",
            "tweet_raw": "With my favourite tree in Richmond park. There seem to be some branches missing this year https://t.co/MTnzg96ew6",
            "tweet": "with my favourite tree in richmond park. there seem to be some branches missing this year "
        },
        {
            "date": "2017-01-27 23:24:32+00:00",
            "tweet_raw": "7 months after #HurricaneMatthew &amp; #Haiti still needs your help. Every dollar helps rebuild: https://t.co/x654ujxbrM  #AidStillRequired https://t.co/uq2YCaRqfP",
            "tweet": "7 months after  &amp;  still needs your help. every dollar helps rebuild:    "
        },
        {
            "date": "2020-04-11 15:26:41+00:00",
            "tweet_raw": "Rehearsing in isolation! Have a great weekend and happy Easter. https://t.co/5byL2Fq4YI",
            "tweet": "rehearsing in isolation! have a great weekend and happy easter. "
        },
        {
            "date": "2016-11-11 19:54:18+00:00",
            "tweet_raw": "Excited that Exhibitionism opens in NYC tomorrow! If you\u2019re going let me know what you think #StonesIsm https://t.co/QQ0k6z4W3x",
            "tweet": "excited that exhibitionism opens in nyc tomorrow! if you\u2019re going let me know what you think  "
        },
        {
            "date": "2017-04-12 11:38:44+00:00",
            "tweet_raw": "Please support #UnaSolaFuerza a fundraising initiative to help relieve the devastating effects of the floods in Per\u00fa\nhttps://t.co/IC7KZhqrth https://t.co/o8nUxzdikd",
            "tweet": "please support  a fundraising initiative to help relieve the devastating effects of the floods in per\u00fa\n "
        },
        {
            "date": "2017-03-18 23:53:31+00:00",
            "tweet_raw": "I am so sad to hear of Chuck Berry's passing. I want to thank him for all the inspirational music he gave to us. 1/3 https://t.co/9zQbH5bo9V",
            "tweet": "i am so sad to hear of chuck berry's passing. i want to thank him for all the inspirational music he gave to us. 1/3 "
        },
        {
            "date": "2016-06-15 16:01:20+00:00",
            "tweet_raw": "The Style room is one of my favourites in the exhibition! #StonesIsm\nhttps://t.co/0qjfeUWxoO",
            "tweet": "the style room is one of my favourites in the exhibition! \n"
        },
        {
            "date": "2016-10-07 05:37:39+00:00",
            "tweet_raw": "Excited that #BlueAndLonesome will be released on Dec 2! Spotted this on the drive to the desert today. See you tomorrow #StonesDesertTrip https://t.co/fvdYR5ZnTN",
            "tweet": "excited that  will be released on dec 2! spotted this on the drive to the desert today. see you tomorrow  "
        },
        {
            "date": "2016-11-30 19:41:35+00:00",
            "tweet_raw": "RT @RealLizzyJagger Please watch this documentary film @equalmeansequal Help us spread the word https://t.co/WFMaVwSYfJ\n#equalmeansequal",
            "tweet": "rt  please watch this documentary film  help us spread the word \n"
        },
        {
            "date": "2016-11-01 17:28:49+00:00",
            "tweet_raw": "Seen on the New York City sidewalk, a cuddly cover of Start Me Up. https://t.co/5A2qCgHAwx",
            "tweet": "seen on the new york city sidewalk, a cuddly cover of start me up. "
        },
        {
            "date": "2017-03-18 23:53:53+00:00",
            "tweet_raw": "He lit up our teenage years, and blew life into our dreams of being musicians and performers. 2/3 #ChuckBerry",
            "tweet": "he lit up our teenage years, and blew life into our dreams of being musicians and performers. 2/3 "
        },
        {
            "date": "2017-06-21 20:21:07+00:00",
            "tweet_raw": "I like the 'French Touch' you have given it @carlabruni #MissYou https://t.co/QM7AJqiW2u https://t.co/mIRqHTwYq0",
            "tweet": "i like the 'french touch' you have given it    "
        },
        {
            "date": "2016-10-24 17:34:25+00:00",
            "tweet_raw": "Thanks to everyone who came to the Vegas show, it was good to be back. See you next at Exhibitionism in New York!\n#StonesVegas #StonesIsm",
            "tweet": "thanks to everyone who came to the vegas show, it was good to be back. see you next at exhibitionism in new york!\n "
        },
        {
            "date": "2016-10-14 01:20:29+00:00",
            "tweet_raw": "On stage in the sunset #StonesDesertTrip https://t.co/BPshdozzuR",
            "tweet": "on stage in the sunset  "
        },
        {
            "date": "2017-07-14 17:04:40+00:00",
            "tweet_raw": "Congrats to @thekellymcgrath for 2 nominations @NimaNashville 2017, all the best with the new single https://t.co/JkxRqeBLEO @CMT https://t.co/lRsg4pNp5L",
            "tweet": "congrats to  for 2 nominations  2017, all the best with the new single   "
        },
        {
            "date": "2021-11-03 17:42:54+00:00",
            "tweet_raw": "Dallas on a cold wet night you really heated us up! https://t.co/wmbKWRib5G",
            "tweet": "dallas on a cold wet night you really heated us up! "
        },
        {
            "date": "2016-06-27 14:53:07+00:00",
            "tweet_raw": "Looking forward to Italy v Spain tonight, and of course England v Iceland. Let's see some goals guys !! #EURO2016",
            "tweet": "looking forward to italy v spain tonight, and of course england v iceland. let's see some goals guys !! "
        },
        {
            "date": "2017-07-28 15:47:05+00:00",
            "tweet_raw": "Chaos, crisis, instability. #GottaGetAGrip #Video #NewMusic Watch the full video at https://t.co/Jm8ggPXBhh https://t.co/icxFw2PpJ3",
            "tweet": "chaos, crisis, instability.    watch the full video at  "
        },
        {
            "date": "2017-10-11 17:36:46+00:00",
            "tweet_raw": "Looking forward to having a look around Stockholm! #StonesNoFilter https://t.co/XHvcKkVVCR",
            "tweet": "looking forward to having a look around stockholm!  "
        },
        {
            "date": "2017-05-03 09:56:31+00:00",
            "tweet_raw": "With my favourite tree in Richmond park. There seem to be some branches missing this year https://t.co/MTnzg96ew6",
            "tweet": "with my favourite tree in richmond park. there seem to be some branches missing this year "
        },
        {
            "date": "2020-04-24 14:32:48+00:00",
            "tweet_raw": "Join on Zoom this Friday! https://t.co/UvG8SkKtcF",
            "tweet": "join on zoom this friday! "
        },
        {
            "date": "2017-07-27 17:59:10+00:00",
            "tweet_raw": "When I started writing England Lost I imagined a British rapper on the track @Skepta stepped in at a moments notice https://t.co/h4WzTNorVU https://t.co/8r6uLa9Ad6",
            "tweet": "when i started writing england lost i imagined a british rapper on the track  stepped in at a moments notice  "
        },
        {
            "date": "2017-08-01 19:45:43+00:00",
            "tweet_raw": "Get my new EP and The Rolling Stones albums at great prices on @iTunes: https://t.co/BEVB9QEiqo https://t.co/oppUEshOSF",
            "tweet": "get my new ep and the rolling stones albums at great prices on :  "
        },
        {
            "date": "2017-07-29 16:15:16+00:00",
            "tweet_raw": "Hey everyone you can listen to my new EP, The Rolling Stones playlists + more on Apple Music! Go check it out.. https://t.co/mgX1yuWbv7 https://t.co/oftOZ2SPiC",
            "tweet": "hey everyone you can listen to my new ep, the rolling stones playlists + more on apple music! go check it out..  "
        },
        {
            "date": "2016-06-11 14:32:13+00:00",
            "tweet_raw": "Off to the euros ! #EURO2016 https://t.co/NepIw7jBGC",
            "tweet": "off to the euros !  "
        },
        {
            "date": "2018-09-07 08:41:57+00:00",
            "tweet_raw": "I\u2019m supporting @Chance2Shine during the final Oval Test Match 7-11 Sep - No pressure on Joe Root\u2019s or Virat Kohli\u2019s guys! \ud83d\ude09 #chancetoshine https://t.co/bEtRQaoCCT https://t.co/u0Fr71C1rj",
            "tweet": "i\u2019m supporting  during the final oval test match 7-11 sep - no pressure on joe root\u2019s or virat kohli\u2019s guys! \ud83d\ude09   "
        },
        {
            "date": "2017-09-23 09:40:38+00:00",
            "tweet_raw": "Looking forward to seeing you tonight in Lucca! #StonesNoFilter\n\nInsta photo by riccardofranchini https://t.co/czVIXPKxjh",
            "tweet": "looking forward to seeing you tonight in lucca! \n\ninsta photo by riccardofranchini "
        },
        {
            "date": "2017-12-05 13:19:07+00:00",
            "tweet_raw": "Coming soon... https://t.co/i2a7FDsgz1",
            "tweet": "coming soon... "
        },
        {
            "date": "2017-05-02 12:07:29+00:00",
            "tweet_raw": "Spring twilight in England https://t.co/5gFogsUZS5",
            "tweet": "spring twilight in england "
        },
        {
            "date": "2017-07-14 17:04:40+00:00",
            "tweet_raw": "Congrats to @thekellymcgrath for 2 nominations @NimaNashville 2017, all the best with the new single https://t.co/JkxRqeBLEO @CMT https://t.co/lRsg4pNp5L",
            "tweet": "congrats to  for 2 nominations  2017, all the best with the new single   "
        },
        {
            "date": "2016-07-27 16:24:03+00:00",
            "tweet_raw": "Thanks so much for all the birthday wishes, you guys made my day!",
            "tweet": "thanks so much for all the birthday wishes, you guys made my day!"
        },
        {
            "date": "2016-10-14 01:20:29+00:00",
            "tweet_raw": "On stage in the sunset #StonesDesertTrip https://t.co/BPshdozzuR",
            "tweet": "on stage in the sunset  "
        },
        {
            "date": "2021-09-27 07:53:29+00:00",
            "tweet_raw": "Thanks St. Louis for a great night! https://t.co/eQauxqXsla",
            "tweet": "thanks st. louis for a great night! "
        },
        {
            "date": "2017-07-28 08:06:33+00:00",
            "tweet_raw": ".@tameimpala's Kevin Parker gives Gotta Get A Grip a remix.. https://t.co/h4WzTNG3ku #GottaGetAGrip #NewMusic #Remix https://t.co/527Nocpsv5",
            "tweet": ".'s kevin parker gives gotta get a grip a remix..     "
        },
        {
            "date": "2017-01-27 23:24:32+00:00",
            "tweet_raw": "7 months after #HurricaneMatthew &amp; #Haiti still needs your help. Every dollar helps rebuild: https://t.co/x654ujxbrM  #AidStillRequired https://t.co/uq2YCaRqfP",
            "tweet": "7 months after  &amp;  still needs your help. every dollar helps rebuild:    "
        },
        {
            "date": "2016-12-02 01:12:02+00:00",
            "tweet_raw": "#BlueAndLonesome is out tomorrow! Here\u2019s the @Twitter Q&amp;A I did to announce it\u2026And I still don\u2019t kiss and tell!\nhttps://t.co/Uca5BpKAqX",
            "tweet": " is out tomorrow! here\u2019s the  q&amp;a i did to announce it\u2026and i still don\u2019t kiss and tell!\n"
        },
        {
            "date": "2017-09-28 15:42:04+00:00",
            "tweet_raw": "Last night was fun! #StonesNoFilter #StonesBarcelona https://t.co/3kQkXC0uLo",
            "tweet": "last night was fun!   "
        },
        {
            "date": "2016-04-28 10:14:25+00:00",
            "tweet_raw": "Remembering L'Wren on her birthday https://t.co/uDNXiab6hP",
            "tweet": "remembering l'wren on her birthday "
        },
        {
            "date": "2017-09-30 14:48:47+00:00",
            "tweet_raw": "Looking forward to the show in Amsterdam this evening! #StonesNoFilter #StonesAmsterdam https://t.co/YfmfGMWK1m",
            "tweet": "looking forward to the show in amsterdam this evening!   "
        },
        {
            "date": "2020-06-23 12:47:15+00:00",
            "tweet_raw": "It\u2019s so sad to hear of Steve Bing\u2019s passing. He was such a kind and generous friend and supported so many good and just causes. I will miss him very much.\nMJ",
            "tweet": "it\u2019s so sad to hear of steve bing\u2019s passing. he was such a kind and generous friend and supported so many good and just causes. i will miss him very much.\nmj"
        },
        {
            "date": "2016-04-04 16:49:09+00:00",
            "tweet_raw": "The exhibition opens tomorrow. If you come and see it let me know what you think. We love it, and I hope you do too! #StonesIsm",
            "tweet": "the exhibition opens tomorrow. if you come and see it let me know what you think. we love it, and i hope you do too! "
        },
        {
            "date": "2017-10-25 17:33:14+00:00",
            "tweet_raw": "Last rehearsal of the tour! It\u2019s been an amazing run #StonesNoFilter #StonesParis https://t.co/22dItGNwye",
            "tweet": "last rehearsal of the tour! it\u2019s been an amazing run   "
        },
        {
            "date": "2017-04-21 20:20:24+00:00",
            "tweet_raw": "Congrats to @BradPaisley on the release of his new album! Check out our duet called \u2018Drive Of Shame\u2019! https://t.co/CdCdh1fI5U https://t.co/jDnAB0D0iE",
            "tweet": "congrats to  on the release of his new album! check out our duet called \u2018drive of shame\u2019!  "
        },
        {
            "date": "2019-02-11 20:37:00+00:00",
            "tweet_raw": "Looking forward to heading back to Canada, this will be a good one ! https://t.co/rMzYTJB3iA",
            "tweet": "looking forward to heading back to canada, this will be a good one ! "
        },
        {
            "date": "2017-05-02 12:07:29+00:00",
            "tweet_raw": "Spring twilight in England https://t.co/5gFogsUZS5",
            "tweet": "spring twilight in england "
        },
        {
            "date": "2017-08-29 19:43:35+00:00",
            "tweet_raw": "In rehearsals for #StonesNoFilter https://t.co/kHDQNv2qnw",
            "tweet": "in rehearsals for  "
        },
        {
            "date": "2021-11-25 20:13:09+00:00",
            "tweet_raw": "Thanks so much to everyone who came to the shows! \u2764\ufe0f We all had a ball, hope you did too! https://t.co/ADy1C22pnb",
            "tweet": "thanks so much to everyone who came to the shows! \u2764\ufe0f we all had a ball, hope you did too! "
        },
        {
            "date": "2017-05-22 19:03:07+00:00",
            "tweet_raw": "Streets of S\u00e3o Paulo https://t.co/cNqOHmD1f8",
            "tweet": "streets of s\u00e3o paulo "
        },
        {
            "date": "2016-10-14 01:20:29+00:00",
            "tweet_raw": "On stage in the sunset #StonesDesertTrip https://t.co/BPshdozzuR",
            "tweet": "on stage in the sunset  "
        },
        {
            "date": "2016-11-30 19:41:35+00:00",
            "tweet_raw": "RT @RealLizzyJagger Please watch this documentary film @equalmeansequal Help us spread the word https://t.co/WFMaVwSYfJ\n#equalmeansequal",
            "tweet": "rt  please watch this documentary film  help us spread the word \n"
        },
        {
            "date": "2021-03-24 10:00:35+00:00",
            "tweet_raw": "Say hi to Nero, he\u2019s a little camera shy \ud83d\ude00 https://t.co/z9E9fgGvjN",
            "tweet": "say hi to nero, he\u2019s a little camera shy \ud83d\ude00 "
        },
        {
            "date": "2016-11-22 18:01:44+00:00",
            "tweet_raw": "Me with one of @johncurrin's new paintings called The Happy House Painters https://t.co/rZ1C029UIP",
            "tweet": "me with one of 's new paintings called the happy house painters "
        },
        {
            "date": "2017-08-06 18:23:25+00:00",
            "tweet_raw": "The calm before the tour.. https://t.co/PK8piVkIDJ",
            "tweet": "the calm before the tour.. "
        },
        {
            "date": "2019-05-18 13:56:49+00:00",
            "tweet_raw": "Rocking out new tunes https://t.co/xD4dFaRp9Q",
            "tweet": "rocking out new tunes "
        },
        {
            "date": "2017-09-18 11:46:45+00:00",
            "tweet_raw": "Great show in Austria! #StonesNoFilter #StonesSpielberg https://t.co/UWX0G9Oiaq",
            "tweet": "great show in austria!   "
        },
        {
            "date": "2016-12-24 21:12:28+00:00",
            "tweet_raw": "Merry Christmas and happy holidays !!! https://t.co/LjJw6bTYx0",
            "tweet": "merry christmas and happy holidays !!! "
        },
        {
            "date": "2016-07-10 16:02:08+00:00",
            "tweet_raw": "Well played Andy! Looking forward to the Euro final tonight \n#WimbledonFinals #Euro2016Final",
            "tweet": "well played andy! looking forward to the euro final tonight \n "
        },
        {
            "date": "2022-02-18 20:29:53+00:00",
            "tweet_raw": "A little down time before things get busy! https://t.co/qFUa7bk9We",
            "tweet": "a little down time before things get busy! "
        },
        {
            "date": "2017-08-06 18:23:25+00:00",
            "tweet_raw": "The calm before the tour.. https://t.co/PK8piVkIDJ",
            "tweet": "the calm before the tour.. "
        },
        {
            "date": "2017-10-26 18:25:20+00:00",
            "tweet_raw": "Thanks to everyone who joined us on the No Filter tour and made it so much fun! #StonesNoFilter https://t.co/dX4VeS89zn",
            "tweet": "thanks to everyone who joined us on the no filter tour and made it so much fun!  "
        },
        {
            "date": "2016-05-03 17:57:05+00:00",
            "tweet_raw": "Looking forward to playing @DesertTripIndio with some old friends! \n#StonesDesertTrip\nhttps://t.co/b9ImDBxeYE",
            "tweet": "looking forward to playing  with some old friends! \n\n"
        },
        {
            "date": "2016-09-19 23:14:51+00:00",
            "tweet_raw": "Don\u2019t miss out on seeing Havana Moon, in cinemas this Friday! Go here to find your nearest screening: https://t.co/wYWcT6wX1p\n#StonesInCuba https://t.co/ihw8V1giRa",
            "tweet": "don\u2019t miss out on seeing havana moon, in cinemas this friday! go here to find your nearest screening: \n "
        },
        {
            "date": "2018-05-07 16:59:55+00:00",
            "tweet_raw": "Hot in the city! https://t.co/ZNma4eTB0F",
            "tweet": "hot in the city! "
        },
        {
            "date": "2016-03-04 02:44:10+00:00",
            "tweet_raw": "Que publico t\u00e3o espetacular Porto Alegre! Voc\u00eas foram demais na chuva!\n#StonesPoa https://t.co/QTnscAfWZe",
            "tweet": "que publico t\u00e3o espetacular porto alegre! voc\u00eas foram demais na chuva!\n "
        },
        {
            "date": "2017-12-31 20:27:25+00:00",
            "tweet_raw": "Thanks for an amazing 2017, I look forward to seeing you all next year! #HappyNewYear https://t.co/VHHHNFcSHV",
            "tweet": "thanks for an amazing 2017, i look forward to seeing you all next year!  "
        },
        {
            "date": "2017-02-25 19:05:21+00:00",
            "tweet_raw": "How odd, I read that I'm going to the Oscars with Priyanka Chopra. I shall not be going to the Oscars at all...",
            "tweet": "how odd, i read that i'm going to the oscars with priyanka chopra. i shall not be going to the oscars at all..."
        },
        {
            "date": "2017-07-26 11:27:49+00:00",
            "tweet_raw": "If you're not yet on the mailing list, join for the latest news &amp; more: https://t.co/kFSMX9Eo3w #speaksoon https://t.co/gTM9BGwfJG",
            "tweet": "if you're not yet on the mailing list, join for the latest news &amp; more:   "
        },
        {
            "date": "2017-10-19 16:42:17+00:00",
            "tweet_raw": "A little warm up for tonight\u2019s show, see you all at the @UArena! #StonesNoFilter #StonesParis https://t.co/PiQzYMDxi1",
            "tweet": "a little warm up for tonight\u2019s show, see you all at the !   "
        },
        {
            "date": "2021-12-01 18:19:31+00:00",
            "tweet_raw": "Warming up the lounge act for Christmas.. https://t.co/gITk45PkJj",
            "tweet": "warming up the lounge act for christmas.. "
        },
        {
            "date": "2017-07-28 12:47:39+00:00",
            "tweet_raw": "Here's @Seeb_official's remix of Gotta Get A Grip, listen to the whole remix EP at: https://t.co/h4WzTNG3ku #GottaGetAGrip #Remix #NewMusic https://t.co/YGZr39v4ob",
            "tweet": "here's 's remix of gotta get a grip, listen to the whole remix ep at:     "
        },
        {
            "date": "2016-06-09 15:02:28+00:00",
            "tweet_raw": "Can't wait to play Sin City on October 19! #StonesVegas \nhttps://t.co/5DilPxuD75",
            "tweet": "can't wait to play sin city on october 19!  \n"
        },
        {
            "date": "2016-02-21 21:52:09+00:00",
            "tweet_raw": "You can find out when episode 2 of @vinylHBO airs in your part of the world here:\nhttps://t.co/1WfrmUSmDX https://t.co/pFdQKEBfmE",
            "tweet": "you can find out when episode 2 of  airs in your part of the world here:\n "
        },
        {
            "date": "2017-09-12 09:07:14+00:00",
            "tweet_raw": "Great to be back in Munich! See you at the Olympic Stadium tonight #StonesNoFilter https://t.co/wYPW9aigKl",
            "tweet": "great to be back in munich! see you at the olympic stadium tonight  "
        },
        {
            "date": "2017-07-27 16:46:55+00:00",
            "tweet_raw": "Watch the videos in full and share your favourite lyrics from https://t.co/Jm8ggPXBhh, just hit the social icons and get your message out!",
            "tweet": "watch the videos in full and share your favourite lyrics from  just hit the social icons and get your message out!"
        },
        {
            "date": "2017-08-10 19:37:34+00:00",
            "tweet_raw": "Just over four weeks to go! #StonesNoFilter \n\nPhoto by Erik Kabik https://t.co/x5wMzEXoCS",
            "tweet": "just over four weeks to go!  \n\nphoto by erik kabik "
        },
        {
            "date": "2016-04-21 20:43:36+00:00",
            "tweet_raw": "Prince was one of the most unique and exciting artists of the last 30 years. 3/3",
            "tweet": "prince was one of the most unique and exciting artists of the last 30 years. 3/3"
        },
        {
            "date": "2017-12-05 13:19:07+00:00",
            "tweet_raw": "Coming soon... https://t.co/i2a7FDsgz1",
            "tweet": "coming soon... "
        },
        {
            "date": "2016-07-10 16:02:08+00:00",
            "tweet_raw": "Well played Andy! Looking forward to the Euro final tonight \n#WimbledonFinals #Euro2016Final",
            "tweet": "well played andy! looking forward to the euro final tonight \n "
        },
        {
            "date": "2017-12-18 13:55:38+00:00",
            "tweet_raw": "Happy birthday @officialKeef  love Mick https://t.co/MazvdKhba4",
            "tweet": "happy birthday   love mick "
        },
        {
            "date": "2016-04-04 16:49:09+00:00",
            "tweet_raw": "The exhibition opens tomorrow. If you come and see it let me know what you think. We love it, and I hope you do too! #StonesIsm",
            "tweet": "the exhibition opens tomorrow. if you come and see it let me know what you think. we love it, and i hope you do too! "
        },
        {
            "date": "2016-02-24 21:07:53+00:00",
            "tweet_raw": "Conferindo o palco em S\u00e3o Paulo, nos vemos hoje a noite em suas capas de chuva!\n#StonesS\u00e3oPaulo https://t.co/tgEBIgM3Q2",
            "tweet": "conferindo o palco em s\u00e3o paulo, nos vemos hoje a noite em suas capas de chuva!\n\u00e3opaulo "
        },
        {
            "date": "2017-09-16 14:22:31+00:00",
            "tweet_raw": "See you soon Spielberg! #StonesNoFIlter https://t.co/jfaLgoSX08",
            "tweet": "see you soon spielberg!  "
        },
        {
            "date": "2017-12-11 20:47:53+00:00",
            "tweet_raw": "Happiest of birthday wishes Darryl. Love Mick https://t.co/8vOsGzLqzx",
            "tweet": "happiest of birthday wishes darryl. love mick "
        },
        {
            "date": "2016-12-02 01:12:02+00:00",
            "tweet_raw": "#BlueAndLonesome is out tomorrow! Here\u2019s the @Twitter Q&amp;A I did to announce it\u2026And I still don\u2019t kiss and tell!\nhttps://t.co/Uca5BpKAqX",
            "tweet": " is out tomorrow! here\u2019s the  q&amp;a i did to announce it\u2026and i still don\u2019t kiss and tell!\n"
        },
        {
            "date": "2016-03-04 02:32:43+00:00",
            "tweet_raw": "Brilliant audience Porto Alegre! You rocked all through the rain !! #StonesPoa https://t.co/7aaAyqnEhY",
            "tweet": "brilliant audience porto alegre! you rocked all through the rain !!  "
        },
        {
            "date": "2017-10-13 15:59:30+00:00",
            "tweet_raw": "Stockholm got me like.. #StonesNoFilter https://t.co/mwAB8aqiI4",
            "tweet": "stockholm got me like..  "
        },
        {
            "date": "2017-09-10 19:16:02+00:00",
            "tweet_raw": "Thank you Hamburg for an amazing first show! #StonesNoFilter https://t.co/xcmDKJwQiQ",
            "tweet": "thank you hamburg for an amazing first show!  "
        },
        {
            "date": "2016-02-29 22:17:57+00:00",
            "tweet_raw": "Cantando na chuva!\nSinging in the rain!\n#StonesS\u00e3oPaulo https://t.co/sAaa5Oa38x",
            "tweet": "cantando na chuva!\nsinging in the rain!\n\u00e3opaulo "
        },
        {
            "date": "2016-11-08 23:22:08+00:00",
            "tweet_raw": "Hope you voted or are going to vote! Will be glued to the TV tonight with some trepidation for the result #ElectionNight #electionday",
            "tweet": "hope you voted or are going to vote! will be glued to the tv tonight with some trepidation for the result  "
        },
        {
            "date": "2016-02-21 21:49:50+00:00",
            "tweet_raw": "Hope you liked last week\u2019s episode of @vinylHBO! Episode 2 airs in North America tonight at 9pm https://t.co/snMzNPmR30",
            "tweet": "hope you liked last week\u2019s episode of ! episode 2 airs in north america tonight at 9pm "
        },
        {
            "date": "2018-10-01 17:23:51+00:00",
            "tweet_raw": "Writing lyrics #newmusic https://t.co/rYQsf6K7Xj",
            "tweet": "writing lyrics  "
        },
        {
            "date": "2022-04-01 07:05:25+00:00",
            "tweet_raw": "I really enjoyed creating the theme track for Slow Horses with @DANIELPEMBERTON I\u2019ve read a lot of the books and was familiar with some of the more dark and unsavoury characters and knew the direction I wanted to take it\u2026hope you enjoy it!\n\nhttps://t.co/uaq1ry6FEq https://t.co/Ca2TGAAe58",
            "tweet": "i really enjoyed creating the theme track for slow horses with  i\u2019ve read a lot of the books and was familiar with some of the more dark and unsavoury characters and knew the direction i wanted to take it\u2026hope you enjoy it!\n\n "
        },
        {
            "date": "2017-10-14 19:54:03+00:00",
            "tweet_raw": "Exploring Amsterdam the best way! https://t.co/ugCJ3izKLX",
            "tweet": "exploring amsterdam the best way! "
        },
        {
            "date": "2018-05-26 17:01:07+00:00",
            "tweet_raw": "Trying my hand at some Friday night standup! #stonesnofilter https://t.co/NTcn1Z6jh0",
            "tweet": "trying my hand at some friday night standup!  "
        },
        {
            "date": "2017-10-14 19:54:03+00:00",
            "tweet_raw": "Exploring Amsterdam the best way! https://t.co/ugCJ3izKLX",
            "tweet": "exploring amsterdam the best way! "
        },
        {
            "date": "2017-09-22 18:44:46+00:00",
            "tweet_raw": "Flicking through my photos, found this from Nymphenburg, \nMunich #view https://t.co/8Z5iuUs9jW",
            "tweet": "flicking through my photos, found this from nymphenburg, \nmunich  "
        },
        {
            "date": "2018-05-22 17:06:16+00:00",
            "tweet_raw": "En-route to London Stadium #stonesnofilter #stoneslondon https://t.co/lSBxGLcHPj",
            "tweet": "en-route to london stadium   "
        },
        {
            "date": "2017-07-27 17:59:10+00:00",
            "tweet_raw": "When I started writing England Lost I imagined a British rapper on the track @Skepta stepped in at a moments notice https://t.co/h4WzTNorVU https://t.co/8r6uLa9Ad6",
            "tweet": "when i started writing england lost i imagined a british rapper on the track  stepped in at a moments notice  "
        }
    ],
    "len": 100
}