{
    "account": "@NICKIMINAJ",
    "type": "Rap",
    "tweets": [
        {
            "date": "2022-04-07 03:32:04+00:00",
            "tweet_raw": "Yasssss!!!!!!! One hour to go!!!! https://t.co/XuowRShsQt",
            "tweet": "yasssss!!!!!!! one hour to go!!!! "
        },
        {
            "date": "2022-04-19 02:05:19+00:00",
            "tweet_raw": "\ud83d\udc40 https://t.co/9NoJDQhtGA",
            "tweet": "\ud83d\udc40 "
        },
        {
            "date": "2022-04-07 03:38:56+00:00",
            "tweet_raw": "That\u2019s a great question. However, I won\u2019t answer it. You included none of the hashtags. \ud83e\udd37\ud83c\udffd\u200d\u2640\ufe0f I\u2019m becoming strict now. Papa bear walks all over me. It has to stop and it has to start with yall \u2728 https://t.co/LyGd7Nw7Eq",
            "tweet": "that\u2019s a great question. however, i won\u2019t answer it. you included none of the hashtags. \ud83e\udd37\ud83c\udffd\u200d\u2640\ufe0f i\u2019m becoming strict now. papa bear walks all over me. it has to stop and it has to start with yall \u2728 "
        },
        {
            "date": "2022-03-22 00:30:28+00:00",
            "tweet_raw": "I created this shit Tyler Tyler Tyler. Grab his \ud83c\udfa4 &amp; sing it FALALALALALA https://t.co/AbYtQ6JJeo",
            "tweet": "i created this shit tyler tyler tyler. grab his \ud83c\udfa4 &amp; sing it falalalalala "
        },
        {
            "date": "2022-04-07 04:54:21+00:00",
            "tweet_raw": "Omg here go this fkng \u201cera\u201d shit btch check please \ud83d\udc4b\ud83c\udffd https://t.co/ymzza9C6pD",
            "tweet": "omg here go this fkng \u201cera\u201d shit btch check please \ud83d\udc4b\ud83c\udffd "
        },
        {
            "date": "2022-04-07 04:20:36+00:00",
            "tweet_raw": "So none of y\u2019all was gon tell me it come on at a diff time in every zone? \ud83e\udd23 I guess I\u2019m only watching with the east coast tonight \ud83e\udd14I thought it\u2019s timed same time everywhere like when you dropping a song ummm \ud83e\udd28 see now I- #CarpoolKaraoke #NICKICARPOOL",
            "tweet": "so none of y\u2019all was gon tell me it come on at a diff time in every zone? \ud83e\udd23 i guess i\u2019m only watching with the east coast tonight \ud83e\udd14i thought it\u2019s timed same time everywhere like when you dropping a song ummm \ud83e\udd28 see now i-  "
        },
        {
            "date": "2022-03-31 00:03:01+00:00",
            "tweet_raw": "That is what",
            "tweet": "that is what"
        },
        {
            "date": "2022-03-28 22:29:14+00:00",
            "tweet_raw": "Twitter got y\u2019all trying to consume music like it\u2019s a course in college. This ain\u2019t school my nigg. I\u2019m so glad I didn\u2019t have Twitter when I was experiencing my fave artists growing up. https://t.co/6hnrwFIphI",
            "tweet": "twitter got y\u2019all trying to consume music like it\u2019s a course in college. this ain\u2019t school my nigg. i\u2019m so glad i didn\u2019t have twitter when i was experiencing my fave artists growing up. "
        },
        {
            "date": "2022-03-28 22:54:04+00:00",
            "tweet_raw": "Like when I tell you the look of confusion \ud83e\udd2f https://t.co/gapGo4PAfM",
            "tweet": "like when i tell you the look of confusion \ud83e\udd2f "
        },
        {
            "date": "2022-03-21 04:03:01+00:00",
            "tweet_raw": "Babiez\u2026Screen shot your favorite part of the #BlickBlick video for me plz. Tryna see sumthn. Doesn\u2019t have to be my verse. Just your exact fave moment. Leave the timecode in your screenshot plz. You can post up to 3 and keep #BlickBlick in the tweet. \ud83d\ude4f\ud83c\udffe \u2665\ufe0f\ud83d\ude18 NO VIDS. PHOTOS ONLY.",
            "tweet": "babiez\u2026screen shot your favorite part of the  video for me plz. tryna see sumthn. doesn\u2019t have to be my verse. just your exact fave moment. leave the timecode in your screenshot plz. you can post up to 3 and keep  in the tweet. \ud83d\ude4f\ud83c\udffe \u2665\ufe0f\ud83d\ude18 no vids. photos only."
        },
        {
            "date": "2022-03-29 23:47:13+00:00",
            "tweet_raw": "Ok why my babies snapped https://t.co/Rp3NMojtnI",
            "tweet": "ok why my babies snapped "
        },
        {
            "date": "2022-03-21 03:30:05+00:00",
            "tweet_raw": "When I say don\u2019t bring stuff on my timeline or ima unfollow, that\u2019s rlly what I mean. Peace &amp; Love.",
            "tweet": "when i say don\u2019t bring stuff on my timeline or ima unfollow, that\u2019s rlly what i mean. peace &amp; love."
        },
        {
            "date": "2022-05-03 22:33:16+00:00",
            "tweet_raw": "Photos by #hunterabrams https://t.co/SjgVKYexau",
            "tweet": "photos by  "
        },
        {
            "date": "2022-03-22 00:53:09+00:00",
            "tweet_raw": "Never said I may want to drop anything Pooh \ud83e\udd27 https://t.co/XOh1hJNoqJ",
            "tweet": "never said i may want to drop anything pooh \ud83e\udd27 "
        },
        {
            "date": "2022-03-22 19:43:41+00:00",
            "tweet_raw": "\ud83d\ude4f\ud83c\udffe @HotNewHipHop https://t.co/B7WLwLn4vC",
            "tweet": "\ud83d\ude4f\ud83c\udffe  "
        },
        {
            "date": "2022-04-03 04:38:36+00:00",
            "tweet_raw": "One last poll. Your fave thing on your face is",
            "tweet": "one last poll. your fave thing on your face is"
        },
        {
            "date": "2022-04-07 04:49:29+00:00",
            "tweet_raw": "EPICNESS!!!!! https://t.co/e2VTcs7wpK",
            "tweet": "epicness!!!!! "
        },
        {
            "date": "2022-03-21 04:03:01+00:00",
            "tweet_raw": "Babiez\u2026Screen shot your favorite part of the #BlickBlick video for me plz. Tryna see sumthn. Doesn\u2019t have to be my verse. Just your exact fave moment. Leave the timecode in your screenshot plz. You can post up to 3 and keep #BlickBlick in the tweet. \ud83d\ude4f\ud83c\udffe \u2665\ufe0f\ud83d\ude18 NO VIDS. PHOTOS ONLY.",
            "tweet": "babiez\u2026screen shot your favorite part of the  video for me plz. tryna see sumthn. doesn\u2019t have to be my verse. just your exact fave moment. leave the timecode in your screenshot plz. you can post up to 3 and keep  in the tweet. \ud83d\ude4f\ud83c\udffe \u2665\ufe0f\ud83d\ude18 no vids. photos only."
        },
        {
            "date": "2022-03-28 12:13:59+00:00",
            "tweet_raw": "You just got to witness in real time what happens in a man\u2019s soul when he looks over to the woman he loves &amp; sees her holding back tears from a \u201clittle joke\u201d at her expense. This is what any &amp; every real man feels in that instant. while y\u2019all seeing the joke he\u2019s seeing her pain",
            "tweet": "you just got to witness in real time what happens in a man\u2019s soul when he looks over to the woman he loves &amp; sees her holding back tears from a \u201clittle joke\u201d at her expense. this is what any &amp; every real man feels in that instant. while y\u2019all seeing the joke he\u2019s seeing her pain"
        },
        {
            "date": "2022-03-25 22:15:16+00:00",
            "tweet_raw": "I didn\u2019t say Nike tho. I said \u201cthese? Nah\u2026\u201d https://t.co/kAr3gHI82t",
            "tweet": "i didn\u2019t say nike tho. i said \u201cthese? nah\u2026\u201d "
        },
        {
            "date": "2022-04-05 23:39:05+00:00",
            "tweet_raw": "Wow. When I tell you I can\u2019t love y\u2019all anymore than I already do?!?! It would be impossible. Y\u2019all radiate such a beautiful energy. When you\u2019re beautiful on the inside AND out &gt; (and if u say anything negative about my fans in these comments you will be blocked. Barb or not)\ud83e\udd84\ud83c\udf80 https://t.co/B0l39G2oBy",
            "tweet": "wow. when i tell you i can\u2019t love y\u2019all anymore than i already do?!?! it would be impossible. y\u2019all radiate such a beautiful energy. when you\u2019re beautiful on the inside and out &gt; (and if u say anything negative about my fans in these comments you will be blocked. barb or not)\ud83e\udd84\ud83c\udf80 "
        },
        {
            "date": "2022-04-19 18:52:46+00:00",
            "tweet_raw": "\ud83e\udd37\ud83c\udffd\u200d\u2640\ufe0f https://t.co/pOTX7tGqtP",
            "tweet": "\ud83e\udd37\ud83c\udffd\u200d\u2640\ufe0f "
        },
        {
            "date": "2022-04-07 04:25:20+00:00",
            "tweet_raw": "Omg wtf let\u2019s go yall!!!! Grab my phone! Grab my keys! Who got the baby bag? We gotta go y\u2019all!!!! Get the gloves for my ICE!!!!!!! https://t.co/NsLcsenWUO",
            "tweet": "omg wtf let\u2019s go yall!!!! grab my phone! grab my keys! who got the baby bag? we gotta go y\u2019all!!!! get the gloves for my ice!!!!!!! "
        },
        {
            "date": "2022-03-21 18:35:03+00:00",
            "tweet_raw": "\ud83c\udf80 Ken &amp; Barbie \ud83c\udf80 https://t.co/Q92IqqeUlH",
            "tweet": "\ud83c\udf80 ken &amp; barbie \ud83c\udf80 "
        },
        {
            "date": "2022-03-25 17:38:12+00:00",
            "tweet_raw": "DID I LIE\u2049\ufe0f\ud83d\ude24 oh ok https://t.co/CBcMQxgj3R",
            "tweet": "did i lie\u2049\ufe0f\ud83d\ude24 oh ok "
        },
        {
            "date": "2022-03-28 11:59:04+00:00",
            "tweet_raw": "Here\u2019s the thing\u2026 And this is such an AMAZING - EYE OPENING example of it\u2026 (continue to last &amp; final tweet)",
            "tweet": "here\u2019s the thing\u2026 and this is such an amazing - eye opening example of it\u2026 (continue to last &amp; final tweet)"
        },
        {
            "date": "2022-03-29 20:20:39+00:00",
            "tweet_raw": "Can y\u2019all please let me enjoy the moment ? Please?",
            "tweet": "can y\u2019all please let me enjoy the moment ? please?"
        },
        {
            "date": "2022-04-07 03:38:56+00:00",
            "tweet_raw": "That\u2019s a great question. However, I won\u2019t answer it. You included none of the hashtags. \ud83e\udd37\ud83c\udffd\u200d\u2640\ufe0f I\u2019m becoming strict now. Papa bear walks all over me. It has to stop and it has to start with yall \u2728 https://t.co/LyGd7Nw7Eq",
            "tweet": "that\u2019s a great question. however, i won\u2019t answer it. you included none of the hashtags. \ud83e\udd37\ud83c\udffd\u200d\u2640\ufe0f i\u2019m becoming strict now. papa bear walks all over me. it has to stop and it has to start with yall \u2728 "
        },
        {
            "date": "2022-03-24 23:05:43+00:00",
            "tweet_raw": "I wish a btch WOULD spin I\u2019m like PLEASE SHOW UP \ud83e\udd1e\ud83c\udffd",
            "tweet": "i wish a btch would spin i\u2019m like please show up \ud83e\udd1e\ud83c\udffd"
        },
        {
            "date": "2022-03-26 20:14:52+00:00",
            "tweet_raw": "I\u2019m obsessed with this. Wtf. How am I just now seeing this? Omg \ud83d\ude0d\ud83d\ude0d\ud83d\ude0d\ud83d\ude0d\ud83d\ude0d\ud83d\ude0d\ud83d\ude0d\ud83d\ude0d\ud83d\ude0d\ud83d\ude0d https://t.co/5idLwLEFBC",
            "tweet": "i\u2019m obsessed with this. wtf. how am i just now seeing this? omg \ud83d\ude0d\ud83d\ude0d\ud83d\ude0d\ud83d\ude0d\ud83d\ude0d\ud83d\ude0d\ud83d\ude0d\ud83d\ude0d\ud83d\ude0d\ud83d\ude0d "
        },
        {
            "date": "2022-04-07 04:31:40+00:00",
            "tweet_raw": "I just had to make sure it wasn\u2019t all popnika cuz you know how they try to do me \ud83d\ude1d https://t.co/nTWIH7plVp",
            "tweet": "i just had to make sure it wasn\u2019t all popnika cuz you know how they try to do me \ud83d\ude1d "
        },
        {
            "date": "2022-03-28 11:57:40+00:00",
            "tweet_raw": "I love Chris Rock. I don\u2019t think he would\u2019ve made that joke had he known what Jada recently shared- but between him &amp; the whole team @ the #Oscars you mean to tell me not ONE of y\u2019all heard this woman just share this heartbreaking story? #ComeOnSon \u2026 (continue to next tweet)",
            "tweet": "i love chris rock. i don\u2019t think he would\u2019ve made that joke had he known what jada recently shared- but between him &amp; the whole team @ the  you mean to tell me not one of y\u2019all heard this woman just share this heartbreaking story?  \u2026 (continue to next tweet)"
        },
        {
            "date": "2022-04-05 23:10:11+00:00",
            "tweet_raw": "\ud83c\udf80TOMORROW\ud83c\udf80\n\nI PROMISE YOU THIS IS \n\u261d\ufe0f FOR THE \ud83d\udcda \n\n\u2728\u2728\u2728\u2728\u2728\n\nMy #CarpoolKaraoke drops on Wednesday night\u2019s @latelateshow at 12:37am on @cbs! https://t.co/rd9tPIJ1b5",
            "tweet": "\ud83c\udf80tomorrow\ud83c\udf80\n\ni promise you this is \n\u261d\ufe0f for the \ud83d\udcda \n\n\u2728\u2728\u2728\u2728\u2728\n\nmy  drops on wednesday night\u2019s  at 12:37am on ! "
        },
        {
            "date": "2022-03-22 00:26:31+00:00",
            "tweet_raw": "Like the dumbest",
            "tweet": "like the dumbest"
        },
        {
            "date": "2022-04-07 04:52:09+00:00",
            "tweet_raw": "\u263a\ufe0f\ud83e\udd23 https://t.co/7MXT11cxtw",
            "tweet": "\u263a\ufe0f\ud83e\udd23 "
        },
        {
            "date": "2022-03-25 16:59:19+00:00",
            "tweet_raw": "Oh yeah, #WeGoUp ft @FivioForeign is out everywhere. Happy #PinkFriday \ud83c\udf80\ud83d\ude05",
            "tweet": "oh yeah,  ft  is out everywhere. happy  \ud83c\udf80\ud83d\ude05"
        },
        {
            "date": "2022-03-27 20:35:15+00:00",
            "tweet_raw": "\u201cThat ain\u2019t Fivio foreign \nDats Barbie new foreign btch.\u201d\n\nI had a diff line there but right b4 I sent the song in, I changed it cuz I don\u2019t think ppl would\u2019ve understood the line right away &amp; I wanted a simple line in that transition.  \n\n#WeGoUp \ud83c\udd99\ud83c\udd99\ud83c\udd99",
            "tweet": "\u201cthat ain\u2019t fivio foreign \ndats barbie new foreign btch.\u201d\n\ni had a diff line there but right b4 i sent the song in, i changed it cuz i don\u2019t think ppl would\u2019ve understood the line right away &amp; i wanted a simple line in that transition.  \n\n \ud83c\udd99\ud83c\udd99\ud83c\udd99"
        },
        {
            "date": "2022-03-21 06:51:42+00:00",
            "tweet_raw": "Y\u2019all I- \ud83e\udd14\ud83d\ude12 https://t.co/phXVJpYWcw",
            "tweet": "y\u2019all i- \ud83e\udd14\ud83d\ude12 "
        },
        {
            "date": "2022-03-26 20:40:49+00:00",
            "tweet_raw": "@AriLennox Happy Birthday, Beautiful \ud83c\udf80\u2665\ufe0f",
            "tweet": " happy birthday, beautiful \ud83c\udf80\u2665\ufe0f"
        },
        {
            "date": "2022-03-25 23:49:17+00:00",
            "tweet_raw": "@RapCaviar \u2665\ufe0f https://t.co/fnKWRu8AWz",
            "tweet": " \u2665\ufe0f "
        },
        {
            "date": "2022-05-04 15:52:09+00:00",
            "tweet_raw": "Wait https://t.co/ygOkATq706",
            "tweet": "wait "
        },
        {
            "date": "2022-03-22 00:26:31+00:00",
            "tweet_raw": "Like the dumbest",
            "tweet": "like the dumbest"
        },
        {
            "date": "2022-03-29 20:23:16+00:00",
            "tweet_raw": "I love you guys so much. I\u2019ve mentally checked out of so many moments. Pls let me enjoy this 1. \ud83c\udf80",
            "tweet": "i love you guys so much. i\u2019ve mentally checked out of so many moments. pls let me enjoy this 1. \ud83c\udf80"
        },
        {
            "date": "2022-03-31 21:18:32+00:00",
            "tweet_raw": "SAY MY NAME\u203c\ufe0f\u203c\ufe0f\u203c\ufe0f\u203c\ufe0f\u203c\ufe0f",
            "tweet": "say my name\u203c\ufe0f\u203c\ufe0f\u203c\ufe0f\u203c\ufe0f\u203c\ufe0f"
        },
        {
            "date": "2022-04-05 00:37:54+00:00",
            "tweet_raw": "I appreciate them very much. \ud83d\ude4f\ud83c\udffeThey were one of, if not the first to call me that. Who remembers the year? https://t.co/SIt8ljzFb1",
            "tweet": "i appreciate them very much. \ud83d\ude4f\ud83c\udffethey were one of, if not the first to call me that. who remembers the year? "
        },
        {
            "date": "2022-03-22 04:39:26+00:00",
            "tweet_raw": "Finally \ud83e\udd37\ud83c\udffd\u200d\u2640\ufe0f",
            "tweet": "finally \ud83e\udd37\ud83c\udffd\u200d\u2640\ufe0f"
        },
        {
            "date": "2022-04-05 00:37:54+00:00",
            "tweet_raw": "I appreciate them very much. \ud83d\ude4f\ud83c\udffeThey were one of, if not the first to call me that. Who remembers the year? https://t.co/SIt8ljzFb1",
            "tweet": "i appreciate them very much. \ud83d\ude4f\ud83c\udffethey were one of, if not the first to call me that. who remembers the year? "
        },
        {
            "date": "2022-04-07 04:52:09+00:00",
            "tweet_raw": "\u263a\ufe0f\ud83e\udd23 https://t.co/7MXT11cxtw",
            "tweet": "\u263a\ufe0f\ud83e\udd23 "
        },
        {
            "date": "2022-04-03 04:37:16+00:00",
            "tweet_raw": "Y\u2019all I\u2019m not talking about me. I\u2019m talking about YOUR best feature\u2026 \ud83e\udd26\ud83c\udffd\u200d\u2640\ufe0f btch how w",
            "tweet": "y\u2019all i\u2019m not talking about me. i\u2019m talking about your best feature\u2026 \ud83e\udd26\ud83c\udffd\u200d\u2640\ufe0f btch how w"
        },
        {
            "date": "2022-04-22 00:08:36+00:00",
            "tweet_raw": "But baby let caresha know I been sayin \u201cperiod\u201d. I can\u2019t give you that one sag sis \ud83e\udd23\ud83c\udf1a pull up the wale &amp; joe budden video. And that\u2019s on . \ud83d\ude18 ok y\u2019all made it trend tho lemme have my fake moment https://t.co/KME17pAVw2",
            "tweet": "but baby let caresha know i been sayin \u201cperiod\u201d. i can\u2019t give you that one sag sis \ud83e\udd23\ud83c\udf1a pull up the wale &amp; joe budden video. and that\u2019s on . \ud83d\ude18 ok y\u2019all made it trend tho lemme have my fake moment "
        },
        {
            "date": "2022-04-05 00:37:54+00:00",
            "tweet_raw": "I appreciate them very much. \ud83d\ude4f\ud83c\udffeThey were one of, if not the first to call me that. Who remembers the year? https://t.co/SIt8ljzFb1",
            "tweet": "i appreciate them very much. \ud83d\ude4f\ud83c\udffethey were one of, if not the first to call me that. who remembers the year? "
        },
        {
            "date": "2022-03-24 03:55:20+00:00",
            "tweet_raw": "Hugs &amp; kisses mama!!! \ud83d\ude18\ud83d\ude18\ud83d\ude18 https://t.co/sZrieYOfmh",
            "tweet": "hugs &amp; kisses mama!!! \ud83d\ude18\ud83d\ude18\ud83d\ude18 "
        },
        {
            "date": "2022-04-05 00:54:31+00:00",
            "tweet_raw": "@Tomas_Mier @hiattb Oh hi \ud83d\udc4b\ud83c\udffd lol. Thank you \ud83d\ude4f\ud83c\udffe",
            "tweet": "  oh hi \ud83d\udc4b\ud83c\udffd lol. thank you \ud83d\ude4f\ud83c\udffe"
        },
        {
            "date": "2022-04-08 21:02:57+00:00",
            "tweet_raw": "I\u2019ll update you guys shortly on the exact date of #QueenRadio. There were certain things I thought were too essential to the show to go w/o them for our premiere episode that we originally scheduled for today. It\u2019ll be sometime between tmrw &amp; next week #PinkFriday tho. Standby\ud83c\udf80",
            "tweet": "i\u2019ll update you guys shortly on the exact date of . there were certain things i thought were too essential to the show to go w/o them for our premiere episode that we originally scheduled for today. it\u2019ll be sometime between tmrw &amp; next week  tho. standby\ud83c\udf80"
        },
        {
            "date": "2022-03-21 22:26:30+00:00",
            "tweet_raw": "Say what now?",
            "tweet": "say what now?"
        },
        {
            "date": "2022-04-19 21:18:17+00:00",
            "tweet_raw": "Would it have bothered u dumb fkng hoes to simply STFD &amp; STFU?!?!!!! BUT NOOOOOOO!!!!!!! \ud83e\udd23\ud83e\udd2a\ud83d\ude2d",
            "tweet": "would it have bothered u dumb fkng hoes to simply stfd &amp; stfu?!?!!!! but nooooooo!!!!!!! \ud83e\udd23\ud83e\udd2a\ud83d\ude2d"
        },
        {
            "date": "2022-03-22 00:40:44+00:00",
            "tweet_raw": "And that is what getssssssssssssssssssssssssssss me",
            "tweet": "and that is what getssssssssssssssssssssssssssss me"
        },
        {
            "date": "2022-04-07 04:49:29+00:00",
            "tweet_raw": "EPICNESS!!!!! https://t.co/e2VTcs7wpK",
            "tweet": "epicness!!!!! "
        },
        {
            "date": "2022-03-22 05:01:39+00:00",
            "tweet_raw": "\ud83d\ude1d\u2665\ufe0f\u2665\ufe0f\u2665\ufe0f\u2665\ufe0f\u2665\ufe0f\u2665\ufe0f\ud83d\ude24 https://t.co/2oFQ0j3ONr",
            "tweet": "\ud83d\ude1d\u2665\ufe0f\u2665\ufe0f\u2665\ufe0f\u2665\ufe0f\u2665\ufe0f\u2665\ufe0f\ud83d\ude24 "
        },
        {
            "date": "2022-03-22 00:43:45+00:00",
            "tweet_raw": "So you gon just give it a whole OTHER name? That ain\u2019t eem the name of the song chi \ud83d\ude44 https://t.co/O63rKRkFIm",
            "tweet": "so you gon just give it a whole other name? that ain\u2019t eem the name of the song chi \ud83d\ude44 "
        },
        {
            "date": "2022-04-07 04:20:36+00:00",
            "tweet_raw": "So none of y\u2019all was gon tell me it come on at a diff time in every zone? \ud83e\udd23 I guess I\u2019m only watching with the east coast tonight \ud83e\udd14I thought it\u2019s timed same time everywhere like when you dropping a song ummm \ud83e\udd28 see now I- #CarpoolKaraoke #NICKICARPOOL",
            "tweet": "so none of y\u2019all was gon tell me it come on at a diff time in every zone? \ud83e\udd23 i guess i\u2019m only watching with the east coast tonight \ud83e\udd14i thought it\u2019s timed same time everywhere like when you dropping a song ummm \ud83e\udd28 see now i-  "
        },
        {
            "date": "2022-04-05 23:39:05+00:00",
            "tweet_raw": "Wow. When I tell you I can\u2019t love y\u2019all anymore than I already do?!?! It would be impossible. Y\u2019all radiate such a beautiful energy. When you\u2019re beautiful on the inside AND out &gt; (and if u say anything negative about my fans in these comments you will be blocked. Barb or not)\ud83e\udd84\ud83c\udf80 https://t.co/B0l39G2oBy",
            "tweet": "wow. when i tell you i can\u2019t love y\u2019all anymore than i already do?!?! it would be impossible. y\u2019all radiate such a beautiful energy. when you\u2019re beautiful on the inside and out &gt; (and if u say anything negative about my fans in these comments you will be blocked. barb or not)\ud83e\udd84\ud83c\udf80 "
        },
        {
            "date": "2022-03-22 21:11:13+00:00",
            "tweet_raw": "\u261d\ufe0fHoes ain\u2019t phkn wit Barbie\n\ud83c\udd71\ufe0flick\ud83c\udd71\ufe0flick OUT NOW\u203c\ufe0f\u203c\ufe0f\u203c\ufe0f https://t.co/XDoyUEToio",
            "tweet": "\u261d\ufe0fhoes ain\u2019t phkn wit barbie\n\ud83c\udd71\ufe0flick\ud83c\udd71\ufe0flick out now\u203c\ufe0f\u203c\ufe0f\u203c\ufe0f "
        },
        {
            "date": "2022-03-23 00:33:07+00:00",
            "tweet_raw": "Look @ my boo @coileray_ \ud83c\udd91\ud83d\ude1d\n#BlickBlick #1 added on Urban &amp; Rhythmic Radio today\u203c\ufe0f\ud83d\ude4f\ud83c\udffe\ud83c\udf80 https://t.co/So95TrO8ZT",
            "tweet": "look @ my boo  \ud83c\udd91\ud83d\ude1d\n  added on urban &amp; rhythmic radio today\u203c\ufe0f\ud83d\ude4f\ud83c\udffe\ud83c\udf80 "
        },
        {
            "date": "2022-04-07 03:32:04+00:00",
            "tweet_raw": "Yasssss!!!!!!! One hour to go!!!! https://t.co/XuowRShsQt",
            "tweet": "yasssss!!!!!!! one hour to go!!!! "
        },
        {
            "date": "2022-03-28 23:23:00+00:00",
            "tweet_raw": "\ud83d\ude18\ud83d\ude18\ud83d\ude18\ud83d\ude18\ud83d\ude18 https://t.co/hkcOj4ryMi",
            "tweet": "\ud83d\ude18\ud83d\ude18\ud83d\ude18\ud83d\ude18\ud83d\ude18 "
        },
        {
            "date": "2022-04-06 20:09:54+00:00",
            "tweet_raw": "Anyway, who\u2019s ready for my #CarpoolKaraoke on Tonight\u2019s @latelateshow at 12:37am on @cbs \u2049\ufe0f\u2049\ufe0f\u2049\ufe0f\u2049\ufe0f\u2049\ufe0f\u2049\ufe0f\u2049\ufe0f \nI might live tweet with you guys \ud83d\ude1d\ud83e\udd84\u2728\u2665\ufe0f\ud83d\ude18 \ud83d\udcfa",
            "tweet": "anyway, who\u2019s ready for my  on tonight\u2019s  at 12:37am on  \u2049\ufe0f\u2049\ufe0f\u2049\ufe0f\u2049\ufe0f\u2049\ufe0f\u2049\ufe0f\u2049\ufe0f \ni might live tweet with you guys \ud83d\ude1d\ud83e\udd84\u2728\u2665\ufe0f\ud83d\ude18 \ud83d\udcfa"
        },
        {
            "date": "2022-04-26 18:15:16+00:00",
            "tweet_raw": "Steal Wayne girls \nI steal Drake girls \nYou know the real bchs luh me phuck da fake girls \nSo if u pretty \nI sign titties\nI got da \ud83d\udd11 to every mthaphkn \ud83c\udfd9",
            "tweet": "steal wayne girls \ni steal drake girls \nyou know the real bchs luh me phuck da fake girls \nso if u pretty \ni sign titties\ni got da \ud83d\udd11 to every mthaphkn \ud83c\udfd9"
        },
        {
            "date": "2022-03-23 02:53:17+00:00",
            "tweet_raw": "Check it out y\u2019all! \ud83d\ude03\ud83d\ude05\ud83e\udd2a\ud83e\udd23\ud83d\ude02\ud83d\ude02\ud83d\ude02\ud83d\ude02\ud83d\ude02\ud83d\ude02\ud83d\ude02\ud83d\ude02\ud83d\ude02 https://t.co/W6loHgP7Mh",
            "tweet": "check it out y\u2019all! \ud83d\ude03\ud83d\ude05\ud83e\udd2a\ud83e\udd23\ud83d\ude02\ud83d\ude02\ud83d\ude02\ud83d\ude02\ud83d\ude02\ud83d\ude02\ud83d\ude02\ud83d\ude02\ud83d\ude02 "
        },
        {
            "date": "2022-04-26 16:34:54+00:00",
            "tweet_raw": "I\u2019m bouta make you regret",
            "tweet": "i\u2019m bouta make you regret"
        },
        {
            "date": "2022-03-22 00:30:28+00:00",
            "tweet_raw": "I created this shit Tyler Tyler Tyler. Grab his \ud83c\udfa4 &amp; sing it FALALALALALA https://t.co/AbYtQ6JJeo",
            "tweet": "i created this shit tyler tyler tyler. grab his \ud83c\udfa4 &amp; sing it falalalalala "
        },
        {
            "date": "2022-04-09 00:24:59+00:00",
            "tweet_raw": "Ppl rly hate it when you happy.",
            "tweet": "ppl rly hate it when you happy."
        },
        {
            "date": "2022-04-21 22:59:29+00:00",
            "tweet_raw": "I\u2019m saying \u201cbaby\u201d cuz of jt. I just realized. I couldn\u2019t figure where I got it from. Sag tingz \u2650\ufe0f",
            "tweet": "i\u2019m saying \u201cbaby\u201d cuz of jt. i just realized. i couldn\u2019t figure where i got it from. sag tingz \u2650\ufe0f"
        },
        {
            "date": "2022-05-03 15:03:11+00:00",
            "tweet_raw": "\ud83d\udc8b\ud83c\udf80\ud83d\udc95\ud83d\ude4f dm me this barbz https://t.co/NzeaXlL0Dw",
            "tweet": "\ud83d\udc8b\ud83c\udf80\ud83d\udc95\ud83d\ude4f dm me this barbz "
        },
        {
            "date": "2022-04-05 00:37:54+00:00",
            "tweet_raw": "I appreciate them very much. \ud83d\ude4f\ud83c\udffeThey were one of, if not the first to call me that. Who remembers the year? https://t.co/SIt8ljzFb1",
            "tweet": "i appreciate them very much. \ud83d\ude4f\ud83c\udffethey were one of, if not the first to call me that. who remembers the year? "
        },
        {
            "date": "2022-04-07 04:52:09+00:00",
            "tweet_raw": "\u263a\ufe0f\ud83e\udd23 https://t.co/7MXT11cxtw",
            "tweet": "\u263a\ufe0f\ud83e\udd23 "
        },
        {
            "date": "2022-03-31 21:18:32+00:00",
            "tweet_raw": "SAY MY NAME\u203c\ufe0f\u203c\ufe0f\u203c\ufe0f\u203c\ufe0f\u203c\ufe0f",
            "tweet": "say my name\u203c\ufe0f\u203c\ufe0f\u203c\ufe0f\u203c\ufe0f\u203c\ufe0f"
        },
        {
            "date": "2022-03-22 00:42:22+00:00",
            "tweet_raw": "So miss thing you just named the song for me huh? That ain\u2019t eem the name of it chi \ud83d\ude44 https://t.co/tFzVfIBoSi",
            "tweet": "so miss thing you just named the song for me huh? that ain\u2019t eem the name of it chi \ud83d\ude44 "
        },
        {
            "date": "2022-03-29 19:19:40+00:00",
            "tweet_raw": "Tell me you don\u2019t know anything about Nicki Minaj w/o telling me. \ud83d\ude11\ud83d\ude02 ppl rlly create their own perception of you then tell you not to be you. Girl eat shit please. Thank you. out of all the 3 wishes a btch get a btch using 1 wish to tell me not to be who I\u2019ve ALWAYS fkng been\ud83e\udd73 https://t.co/iyum63hE3d",
            "tweet": "tell me you don\u2019t know anything about nicki minaj w/o telling me. \ud83d\ude11\ud83d\ude02 ppl rlly create their own perception of you then tell you not to be you. girl eat shit please. thank you. out of all the 3 wishes a btch get a btch using 1 wish to tell me not to be who i\u2019ve always fkng been\ud83e\udd73 "
        },
        {
            "date": "2022-04-07 04:58:04+00:00",
            "tweet_raw": "I love him \ud83c\udf80 https://t.co/3dvIWp7HMM",
            "tweet": "i love him \ud83c\udf80 "
        },
        {
            "date": "2022-03-28 22:29:14+00:00",
            "tweet_raw": "Twitter got y\u2019all trying to consume music like it\u2019s a course in college. This ain\u2019t school my nigg. I\u2019m so glad I didn\u2019t have Twitter when I was experiencing my fave artists growing up. https://t.co/6hnrwFIphI",
            "tweet": "twitter got y\u2019all trying to consume music like it\u2019s a course in college. this ain\u2019t school my nigg. i\u2019m so glad i didn\u2019t have twitter when i was experiencing my fave artists growing up. "
        },
        {
            "date": "2022-04-07 04:52:09+00:00",
            "tweet_raw": "\u263a\ufe0f\ud83e\udd23 https://t.co/7MXT11cxtw",
            "tweet": "\u263a\ufe0f\ud83e\udd23 "
        },
        {
            "date": "2022-03-28 12:09:17+00:00",
            "tweet_raw": "The husband gets a front row seat to his wife\u2019s pain\u2026 he\u2019s the 1 consoling her\u2026 drying her tears behind closed doors when those cameras go off. Social media has made ppl feel that these \u201chusbands\u201d won\u2019t ever run into them in real life. (Continued again(last time)on next tweet)",
            "tweet": "the husband gets a front row seat to his wife\u2019s pain\u2026 he\u2019s the 1 consoling her\u2026 drying her tears behind closed doors when those cameras go off. social media has made ppl feel that these \u201chusbands\u201d won\u2019t ever run into them in real life. (continued again(last time)on next tweet)"
        },
        {
            "date": "2022-03-29 19:19:40+00:00",
            "tweet_raw": "Tell me you don\u2019t know anything about Nicki Minaj w/o telling me. \ud83d\ude11\ud83d\ude02 ppl rlly create their own perception of you then tell you not to be you. Girl eat shit please. Thank you. out of all the 3 wishes a btch get a btch using 1 wish to tell me not to be who I\u2019ve ALWAYS fkng been\ud83e\udd73 https://t.co/iyum63hE3d",
            "tweet": "tell me you don\u2019t know anything about nicki minaj w/o telling me. \ud83d\ude11\ud83d\ude02 ppl rlly create their own perception of you then tell you not to be you. girl eat shit please. thank you. out of all the 3 wishes a btch get a btch using 1 wish to tell me not to be who i\u2019ve always fkng been\ud83e\udd73 "
        },
        {
            "date": "2022-03-26 03:03:49+00:00",
            "tweet_raw": "But I love the way they mob when we roll up",
            "tweet": "but i love the way they mob when we roll up"
        },
        {
            "date": "2022-04-07 04:31:40+00:00",
            "tweet_raw": "I just had to make sure it wasn\u2019t all popnika cuz you know how they try to do me \ud83d\ude1d https://t.co/nTWIH7plVp",
            "tweet": "i just had to make sure it wasn\u2019t all popnika cuz you know how they try to do me \ud83d\ude1d "
        },
        {
            "date": "2022-04-23 15:18:39+00:00",
            "tweet_raw": "@BillsAhmed What I say \ud83c\udf1a",
            "tweet": " what i say \ud83c\udf1a"
        },
        {
            "date": "2022-04-03 04:02:25+00:00",
            "tweet_raw": "Take this poll. My best feature is",
            "tweet": "take this poll. my best feature is"
        },
        {
            "date": "2022-03-28 12:16:18+00:00",
            "tweet_raw": "Imagine what it must feel like to be losing your hair to the point where you have to shave it bald. You think that\u2019s easy to deal with for anyone? You don\u2019t think she\u2019s cried about that many times? 2022 y\u2019all gon have to see these men about those jokes you made about their wives.",
            "tweet": "imagine what it must feel like to be losing your hair to the point where you have to shave it bald. you think that\u2019s easy to deal with for anyone? you don\u2019t think she\u2019s cried about that many times? 2022 y\u2019all gon have to see these men about those jokes you made about their wives."
        },
        {
            "date": "2022-03-29 19:41:07+00:00",
            "tweet_raw": "Ppl rlly make up an imaginary \u201cyou\u201d in their head. Shit wild https://t.co/4l9Ldcy9PM",
            "tweet": "ppl rlly make up an imaginary \u201cyou\u201d in their head. shit wild "
        },
        {
            "date": "2022-03-25 22:11:14+00:00",
            "tweet_raw": "Everyone drop your favorite line from #WeGoUp ft @FivioForeign",
            "tweet": "everyone drop your favorite line from  ft "
        },
        {
            "date": "2022-03-29 20:20:39+00:00",
            "tweet_raw": "Can y\u2019all please let me enjoy the moment ? Please?",
            "tweet": "can y\u2019all please let me enjoy the moment ? please?"
        },
        {
            "date": "2022-04-07 04:31:40+00:00",
            "tweet_raw": "I just had to make sure it wasn\u2019t all popnika cuz you know how they try to do me \ud83d\ude1d https://t.co/nTWIH7plVp",
            "tweet": "i just had to make sure it wasn\u2019t all popnika cuz you know how they try to do me \ud83d\ude1d "
        },
        {
            "date": "2022-04-07 04:35:14+00:00",
            "tweet_raw": "Y\u2019all don\u2019t always see my gloves? Vinyl gloves only. The real ones. Omg. It\u2019s the best thing I\u2019ve ever felt in life ugh!!! I throw them out after like every 3 cubes of ice #CarpoolKaraoke #NICKICARPOOL https://t.co/Zv42N7PhIn",
            "tweet": "y\u2019all don\u2019t always see my gloves? vinyl gloves only. the real ones. omg. it\u2019s the best thing i\u2019ve ever felt in life ugh!!! i throw them out after like every 3 cubes of ice   "
        },
        {
            "date": "2022-03-31 21:18:32+00:00",
            "tweet_raw": "SAY MY NAME\u203c\ufe0f\u203c\ufe0f\u203c\ufe0f\u203c\ufe0f\u203c\ufe0f",
            "tweet": "say my name\u203c\ufe0f\u203c\ufe0f\u203c\ufe0f\u203c\ufe0f\u203c\ufe0f"
        },
        {
            "date": "2022-03-22 21:11:13+00:00",
            "tweet_raw": "\u261d\ufe0fHoes ain\u2019t phkn wit Barbie\n\ud83c\udd71\ufe0flick\ud83c\udd71\ufe0flick OUT NOW\u203c\ufe0f\u203c\ufe0f\u203c\ufe0f https://t.co/XDoyUEToio",
            "tweet": "\u261d\ufe0fhoes ain\u2019t phkn wit barbie\n\ud83c\udd71\ufe0flick\ud83c\udd71\ufe0flick out now\u203c\ufe0f\u203c\ufe0f\u203c\ufe0f "
        },
        {
            "date": "2022-03-28 11:59:04+00:00",
            "tweet_raw": "Here\u2019s the thing\u2026 And this is such an AMAZING - EYE OPENING example of it\u2026 (continue to last &amp; final tweet)",
            "tweet": "here\u2019s the thing\u2026 and this is such an amazing - eye opening example of it\u2026 (continue to last &amp; final tweet)"
        },
        {
            "date": "2022-04-24 02:10:50+00:00",
            "tweet_raw": "\ud83d\ude2d",
            "tweet": "\ud83d\ude2d"
        },
        {
            "date": "2022-03-28 11:59:04+00:00",
            "tweet_raw": "Here\u2019s the thing\u2026 And this is such an AMAZING - EYE OPENING example of it\u2026 (continue to last &amp; final tweet)",
            "tweet": "here\u2019s the thing\u2026 and this is such an amazing - eye opening example of it\u2026 (continue to last &amp; final tweet)"
        },
        {
            "date": "2022-03-26 03:12:54+00:00",
            "tweet_raw": "Yea- want a bad btch like me keep on wishin baby \ud83e\udd1e\ud83c\udffd",
            "tweet": "yea- want a bad btch like me keep on wishin baby \ud83e\udd1e\ud83c\udffd"
        }
    ],
    "len": 100
}