{
    "account": "@NikkiSixx",
    "type": "Rock",
    "tweets": [
        {
            "date": "2022-01-05 01:05:57+00:00",
            "tweet_raw": "My daughter Ruby was just ripping it up dancing to Red Hot. I wonder what she\u2019s gonna do when she sees dad onstage?",
            "tweet": "my daughter ruby was just ripping it up dancing to red hot. i wonder what she\u2019s gonna do when she sees dad onstage?"
        },
        {
            "date": "2021-12-11 19:07:09+00:00",
            "tweet_raw": "\ud83c\udf82 \ud83c\udf88 https://t.co/fioIGg4LSF",
            "tweet": "\ud83c\udf82 \ud83c\udf88 "
        },
        {
            "date": "2022-03-15 15:35:19+00:00",
            "tweet_raw": "Happy Anniversary-https://t.co/B9Wj5wIkKa",
            "tweet": "happy anniversary-"
        },
        {
            "date": "2021-11-14 00:35:30+00:00",
            "tweet_raw": "#AskSixx Caribbean edition.",
            "tweet": " caribbean edition."
        },
        {
            "date": "2021-11-14 00:43:17+00:00",
            "tweet_raw": "More to be revealed. https://t.co/1SbptY5Y1B",
            "tweet": "more to be revealed. "
        },
        {
            "date": "2022-01-06 04:10:45+00:00",
            "tweet_raw": "Let\u2019s just say I am growing it back.  I agree but maybe I can cut some of those 90\u2019s razor lines into it.  Maybe even a eyebrow. Hmmm? https://t.co/39968RyzKq",
            "tweet": "let\u2019s just say i am growing it back.  i agree but maybe i can cut some of those 90\u2019s razor lines into it.  maybe even a eyebrow. hmmm? "
        },
        {
            "date": "2021-12-05 05:34:30+00:00",
            "tweet_raw": "Sicily https://t.co/YUOtON5Lwn",
            "tweet": "sicily "
        },
        {
            "date": "2021-10-23 23:04:03+00:00",
            "tweet_raw": "Thank you. I love writing books.  Many more to come\u2026\u2026. https://t.co/Or6eBR3PBV",
            "tweet": "thank you. i love writing books.  many more to come\u2026\u2026. "
        },
        {
            "date": "2021-11-14 00:42:40+00:00",
            "tweet_raw": "Great photo with my daughter Storm. https://t.co/wvIGmfFVFs",
            "tweet": "great photo with my daughter storm. "
        },
        {
            "date": "2022-01-16 15:33:22+00:00",
            "tweet_raw": "Todays \ud83c\udfc8 picks.  What you got? https://t.co/PzHMPYgwjn",
            "tweet": "todays \ud83c\udfc8 picks.  what you got? "
        },
        {
            "date": "2021-10-24 19:57:22+00:00",
            "tweet_raw": "Had a great time talking shop with @EddieTrunk #TrunkNation #TheFirst21 https://t.co/uitgrEFhgU",
            "tweet": "had a great time talking shop with    "
        },
        {
            "date": "2022-01-16 15:33:22+00:00",
            "tweet_raw": "Todays \ud83c\udfc8 picks.  What you got? https://t.co/PzHMPYgwjn",
            "tweet": "todays \ud83c\udfc8 picks.  what you got? "
        },
        {
            "date": "2022-02-05 05:34:39+00:00",
            "tweet_raw": "@Estefan97167029 @MotleyCrue Or just sing to the baby with marbles In your mouth\u2026Very zen.",
            "tweet": "  or just sing to the baby with marbles in your mouth\u2026very zen."
        },
        {
            "date": "2022-01-22 05:39:10+00:00",
            "tweet_raw": "Was so looking forward to Ozark but they seem to of lost the plot.   Looking for a new show.  Enjoying The Morning Show.    Any suggestions. ????",
            "tweet": "was so looking forward to ozark but they seem to of lost the plot.   looking for a new show.  enjoying the morning show.    any suggestions. ????"
        },
        {
            "date": "2021-12-05 05:31:49+00:00",
            "tweet_raw": "We tour America June-Sept next year. Is not about our desire to play overseas as much as where we will be at with whatever variant is out.  We have our fingers crossed. https://t.co/FqudO0mIhA",
            "tweet": "we tour america june-sept next year. is not about our desire to play overseas as much as where we will be at with whatever variant is out.  we have our fingers crossed. "
        },
        {
            "date": "2022-01-17 17:12:46+00:00",
            "tweet_raw": "HBD https://t.co/vFa7v53D0J",
            "tweet": "hbd "
        },
        {
            "date": "2021-12-23 03:22:40+00:00",
            "tweet_raw": "Join me and the guys in @MotleyCrue -https://t.co/Aq4EtlhiSE",
            "tweet": "join me and the guys in  -"
        },
        {
            "date": "2022-01-05 06:21:58+00:00",
            "tweet_raw": "This is too GREAT not to share. \n\nhttps://t.co/5RMdVhJ840",
            "tweet": "this is too great not to share. \n\n"
        },
        {
            "date": "2021-12-09 17:29:48+00:00",
            "tweet_raw": "@JonnyBoyJones2 Happy B Day \ud83d\udc4d\ud83c\udffd",
            "tweet": " happy b day \ud83d\udc4d\ud83c\udffd"
        },
        {
            "date": "2022-01-06 04:12:38+00:00",
            "tweet_raw": "Live off the floor? Old school? Raw and dirty? Bob Rock?    Count me in. https://t.co/wvw8c230Hk",
            "tweet": "live off the floor? old school? raw and dirty? bob rock?    count me in. "
        },
        {
            "date": "2021-11-02 17:03:48+00:00",
            "tweet_raw": "\ud83e\udd18\ud83c\udffd https://t.co/7rQJvLwlMi",
            "tweet": "\ud83e\udd18\ud83c\udffd "
        },
        {
            "date": "2021-11-14 00:43:52+00:00",
            "tweet_raw": "That\u2019s Paradise\ufffc https://t.co/CG9L8IgXaD",
            "tweet": "that\u2019s paradise\ufffc "
        },
        {
            "date": "2021-11-14 00:43:52+00:00",
            "tweet_raw": "That\u2019s Paradise\ufffc https://t.co/CG9L8IgXaD",
            "tweet": "that\u2019s paradise\ufffc "
        },
        {
            "date": "2021-10-23 16:49:30+00:00",
            "tweet_raw": "Thank you @ABC for the interview.  https://t.co/f38BJ805WF",
            "tweet": "thank you  for the interview.  "
        },
        {
            "date": "2021-11-25 01:51:55+00:00",
            "tweet_raw": "Happy birthday. https://t.co/SqAg9se9N2",
            "tweet": "happy birthday. "
        },
        {
            "date": "2022-01-20 00:53:36+00:00",
            "tweet_raw": "YOU could score this badass Pontiac GTO, all to support @MusiCares. What are you waiting for? ENTER NOW: https://t.co/KL0iTvr71n https://t.co/j5evUFzAIX",
            "tweet": "you could score this badass pontiac gto, all to support . what are you waiting for? enter now:  "
        },
        {
            "date": "2022-01-06 04:00:31+00:00",
            "tweet_raw": "No https://t.co/rta4A6QbME",
            "tweet": "no "
        },
        {
            "date": "2021-12-23 03:22:40+00:00",
            "tweet_raw": "Join me and the guys in @MotleyCrue -https://t.co/Aq4EtlhiSE",
            "tweet": "join me and the guys in  -"
        },
        {
            "date": "2022-02-14 03:43:08+00:00",
            "tweet_raw": "@JustEggWhitez @thevinceneil @mrmickmars @MrTommyLand Looks real.",
            "tweet": "    looks real."
        },
        {
            "date": "2022-01-16 05:36:51+00:00",
            "tweet_raw": "@RogueZorex Gonna really connect with kids and parents.   Time is slow when your excited.",
            "tweet": " gonna really connect with kids and parents.   time is slow when your excited."
        },
        {
            "date": "2021-12-05 05:33:38+00:00",
            "tweet_raw": "@motloboy We would visit once a month.  As a kid I loved it.",
            "tweet": " we would visit once a month.  as a kid i loved it."
        },
        {
            "date": "2022-01-09 20:29:48+00:00",
            "tweet_raw": "That first Brides Of Destruction album was so fun to make.  Just raw rock n roll.  Heard it? Favorite track? https://t.co/BC7IWmTSPj",
            "tweet": "that first brides of destruction album was so fun to make.  just raw rock n roll.  heard it? favorite track? "
        },
        {
            "date": "2021-11-06 15:40:05+00:00",
            "tweet_raw": "@sixxamhollandnl All the way.",
            "tweet": " all the way."
        },
        {
            "date": "2022-01-09 16:38:24+00:00",
            "tweet_raw": "Some good \ud83c\udfc8 games today. #FootballSunday",
            "tweet": "some good \ud83c\udfc8 games today. "
        },
        {
            "date": "2022-01-16 05:28:37+00:00",
            "tweet_raw": "Update-https://t.co/hJ8aQZeN60",
            "tweet": "update-"
        },
        {
            "date": "2021-12-05 23:50:54+00:00",
            "tweet_raw": "@eyeockoh Never seen this. Pretty cool.",
            "tweet": " never seen this. pretty cool."
        },
        {
            "date": "2022-01-06 04:18:39+00:00",
            "tweet_raw": "I look forward to that day too.  You got this. https://t.co/zalAt5p4w0",
            "tweet": "i look forward to that day too.  you got this. "
        },
        {
            "date": "2022-02-08 07:21:03+00:00",
            "tweet_raw": "\ud83e\udd18\ud83c\udffd https://t.co/3ja4fKPyts",
            "tweet": "\ud83e\udd18\ud83c\udffd "
        },
        {
            "date": "2021-11-14 00:46:14+00:00",
            "tweet_raw": "Time is the enemy. https://t.co/nsxwoBHxIn",
            "tweet": "time is the enemy. "
        },
        {
            "date": "2022-01-06 04:12:38+00:00",
            "tweet_raw": "Live off the floor? Old school? Raw and dirty? Bob Rock?    Count me in. https://t.co/wvw8c230Hk",
            "tweet": "live off the floor? old school? raw and dirty? bob rock?    count me in. "
        },
        {
            "date": "2022-01-06 17:07:18+00:00",
            "tweet_raw": "For those asking about meeting me and getting a stage played and signed bass. \ud83e\udd18\ud83c\udffd https://t.co/WrefI5IzJn",
            "tweet": "for those asking about meeting me and getting a stage played and signed bass. \ud83e\udd18\ud83c\udffd "
        },
        {
            "date": "2021-12-05 19:32:45+00:00",
            "tweet_raw": "@layinsmackdown Tour ends in America end of September 22.   Weather dictates where we can play in stadiums.",
            "tweet": " tour ends in america end of september 22.   weather dictates where we can play in stadiums."
        },
        {
            "date": "2022-01-09 20:29:48+00:00",
            "tweet_raw": "That first Brides Of Destruction album was so fun to make.  Just raw rock n roll.  Heard it? Favorite track? https://t.co/BC7IWmTSPj",
            "tweet": "that first brides of destruction album was so fun to make.  just raw rock n roll.  heard it? favorite track? "
        },
        {
            "date": "2022-05-01 00:57:37+00:00",
            "tweet_raw": "I remember walking on stage that night with Tommy, Mick and Vince know there was magic in those songs and how we played together\u2026I felt like I made it that night.. https://t.co/Jg0WLtdCAC",
            "tweet": "i remember walking on stage that night with tommy, mick and vince know there was magic in those songs and how we played together\u2026i felt like i made it that night.. "
        },
        {
            "date": "2022-01-12 00:57:20+00:00",
            "tweet_raw": "@e_mangenius Thank you Eric.",
            "tweet": " thank you eric."
        },
        {
            "date": "2022-01-16 05:34:18+00:00",
            "tweet_raw": "@HeavyDiscoBaby Don\u2019t really watch horror movies.",
            "tweet": " don\u2019t really watch horror movies."
        },
        {
            "date": "2021-12-05 05:27:15+00:00",
            "tweet_raw": "Red and black. https://t.co/BkQq1tQJyX",
            "tweet": "red and black. "
        },
        {
            "date": "2022-01-28 03:57:51+00:00",
            "tweet_raw": "Fast #AskSixx ?",
            "tweet": "fast  ?"
        },
        {
            "date": "2022-01-06 04:07:58+00:00",
            "tweet_raw": "Some really great songs in that album\u2026\u2026That\u2019s all that matters. https://t.co/5P8VnrEdzn",
            "tweet": "some really great songs in that album\u2026\u2026that\u2019s all that matters. "
        },
        {
            "date": "2022-01-25 21:30:51+00:00",
            "tweet_raw": "Such a crazy story-.  https://t.co/0FQnk3eq1Q",
            "tweet": "such a crazy story-.  "
        },
        {
            "date": "2022-01-06 04:19:40+00:00",
            "tweet_raw": "Peace out\u2026.Have a great night.  Thanks for the questions.   I\u2019m off to watch 1883.",
            "tweet": "peace out\u2026.have a great night.  thanks for the questions.   i\u2019m off to watch 1883."
        },
        {
            "date": "2021-11-08 05:44:24+00:00",
            "tweet_raw": "Monkey time. https://t.co/DK0YK9REXr",
            "tweet": "monkey time. "
        },
        {
            "date": "2021-11-14 00:43:52+00:00",
            "tweet_raw": "That\u2019s Paradise\ufffc https://t.co/CG9L8IgXaD",
            "tweet": "that\u2019s paradise\ufffc "
        },
        {
            "date": "2021-11-23 00:14:00+00:00",
            "tweet_raw": "Oh man #TigerKing2",
            "tweet": "oh man "
        },
        {
            "date": "2021-11-08 05:44:24+00:00",
            "tweet_raw": "Monkey time. https://t.co/DK0YK9REXr",
            "tweet": "monkey time. "
        },
        {
            "date": "2022-01-06 03:59:12+00:00",
            "tweet_raw": "Thanks Mott The Hoople and David Bowie and All The Young Dudes https://t.co/Ku47VA2zfm",
            "tweet": "thanks mott the hoople and david bowie and all the young dudes "
        },
        {
            "date": "2021-11-16 02:17:30+00:00",
            "tweet_raw": "Thank you very much https://t.co/4F9KBf88kG",
            "tweet": "thank you very much "
        },
        {
            "date": "2022-01-22 05:39:10+00:00",
            "tweet_raw": "Was so looking forward to Ozark but they seem to of lost the plot.   Looking for a new show.  Enjoying The Morning Show.    Any suggestions. ????",
            "tweet": "was so looking forward to ozark but they seem to of lost the plot.   looking for a new show.  enjoying the morning show.    any suggestions. ????"
        },
        {
            "date": "2022-01-16 05:29:14+00:00",
            "tweet_raw": "Fast #AskSixx?",
            "tweet": "fast ?"
        },
        {
            "date": "2022-01-05 04:07:53+00:00",
            "tweet_raw": "All my kids spent lots of time on the road. Taking in sights, museums, parks and restaurants.   I imagine this time we\u2019re gonna tour in a very tight bubble to ensure the fans in every city get a full show.",
            "tweet": "all my kids spent lots of time on the road. taking in sights, museums, parks and restaurants.   i imagine this time we\u2019re gonna tour in a very tight bubble to ensure the fans in every city get a full show."
        },
        {
            "date": "2021-11-14 00:43:01+00:00",
            "tweet_raw": "Thank you. https://t.co/Lowj9bXrZY",
            "tweet": "thank you. "
        },
        {
            "date": "2022-04-17 03:34:13+00:00",
            "tweet_raw": "I still love radio. https://t.co/DGvPK6NQe1",
            "tweet": "i still love radio. "
        },
        {
            "date": "2022-01-20 00:53:36+00:00",
            "tweet_raw": "YOU could score this badass Pontiac GTO, all to support @MusiCares. What are you waiting for? ENTER NOW: https://t.co/KL0iTvr71n https://t.co/j5evUFzAIX",
            "tweet": "you could score this badass pontiac gto, all to support . what are you waiting for? enter now:  "
        },
        {
            "date": "2021-10-27 07:08:42+00:00",
            "tweet_raw": "Hey Fuckers. https://t.co/NvvY2PuLSJ",
            "tweet": "hey fuckers. "
        },
        {
            "date": "2021-10-23 15:38:33+00:00",
            "tweet_raw": "This was fun\u2026.https://t.co/AxaVPc3wWS",
            "tweet": "this was fun\u2026."
        },
        {
            "date": "2022-01-06 03:59:12+00:00",
            "tweet_raw": "Thanks Mott The Hoople and David Bowie and All The Young Dudes https://t.co/Ku47VA2zfm",
            "tweet": "thanks mott the hoople and david bowie and all the young dudes "
        },
        {
            "date": "2021-12-05 07:10:04+00:00",
            "tweet_raw": "@boygeorgelatam To be invisible",
            "tweet": " to be invisible"
        },
        {
            "date": "2022-01-07 04:44:04+00:00",
            "tweet_raw": "The writer did a great job.  I\u2019m not shabby either \ud83d\ude02 https://t.co/wYzbCriHYg",
            "tweet": "the writer did a great job.  i\u2019m not shabby either \ud83d\ude02 "
        },
        {
            "date": "2022-02-04 23:51:04+00:00",
            "tweet_raw": "@alannahsophia_ Wild Side is pretty good.",
            "tweet": " wild side is pretty good."
        },
        {
            "date": "2021-11-15 04:06:34+00:00",
            "tweet_raw": "https://t.co/R0lDxcIjYp hate me for the jacket later.",
            "tweet": " hate me for the jacket later."
        },
        {
            "date": "2021-12-15 01:07:57+00:00",
            "tweet_raw": "Had to delete TicToc cause cause it started to make me feel stoopid\u2026",
            "tweet": "had to delete tictoc cause cause it started to make me feel stoopid\u2026"
        },
        {
            "date": "2021-11-06 15:39:24+00:00",
            "tweet_raw": "@CjWest333 Yeah. For guitar picks, rings and other cool stuff \ud83d\udc4d\ud83c\udffd",
            "tweet": " yeah. for guitar picks, rings and other cool stuff \ud83d\udc4d\ud83c\udffd"
        },
        {
            "date": "2022-02-10 07:20:22+00:00",
            "tweet_raw": "@BneJovi Getting the ball rolling on the new animation project.The team is in place and now the sun begins.",
            "tweet": " getting the ball rolling on the new animation project.the team is in place and now the sun begins."
        },
        {
            "date": "2022-01-10 22:55:07+00:00",
            "tweet_raw": "\ud83d\udcf7 - https://t.co/X0p3KtwyjU",
            "tweet": "\ud83d\udcf7 - "
        },
        {
            "date": "2022-01-05 00:51:52+00:00",
            "tweet_raw": "@Linksdad2018 \ud83d\udc4d\ud83c\udffd",
            "tweet": " \ud83d\udc4d\ud83c\udffd"
        },
        {
            "date": "2021-12-23 22:20:52+00:00",
            "tweet_raw": "@sophielynxo That\u2019s unbelievable",
            "tweet": " that\u2019s unbelievable"
        },
        {
            "date": "2022-01-06 03:59:35+00:00",
            "tweet_raw": "Maybe we will. https://t.co/GmvN1flvlK",
            "tweet": "maybe we will. "
        },
        {
            "date": "2021-12-05 05:31:49+00:00",
            "tweet_raw": "We tour America June-Sept next year. Is not about our desire to play overseas as much as where we will be at with whatever variant is out.  We have our fingers crossed. https://t.co/FqudO0mIhA",
            "tweet": "we tour america june-sept next year. is not about our desire to play overseas as much as where we will be at with whatever variant is out.  we have our fingers crossed. "
        },
        {
            "date": "2022-01-09 16:38:24+00:00",
            "tweet_raw": "Some good \ud83c\udfc8 games today. #FootballSunday",
            "tweet": "some good \ud83c\udfc8 games today. "
        },
        {
            "date": "2021-11-03 23:12:07+00:00",
            "tweet_raw": "Yes it\u2019s true. https://t.co/VFnMCvhwrF",
            "tweet": "yes it\u2019s true. "
        },
        {
            "date": "2022-01-06 04:05:39+00:00",
            "tweet_raw": "That\u2019s cool.  Thank you. https://t.co/mWIvS1Qz6P",
            "tweet": "that\u2019s cool.  thank you. "
        },
        {
            "date": "2021-12-05 05:33:06+00:00",
            "tweet_raw": "@motloboy Good question.  Only on TV.",
            "tweet": " good question.  only on tv."
        },
        {
            "date": "2022-01-16 05:29:34+00:00",
            "tweet_raw": "@sasquatchpatrol Thank you",
            "tweet": " thank you"
        },
        {
            "date": "2022-01-05 06:21:58+00:00",
            "tweet_raw": "This is too GREAT not to share. \n\nhttps://t.co/5RMdVhJ840",
            "tweet": "this is too great not to share. \n\n"
        },
        {
            "date": "2022-02-19 23:17:01+00:00",
            "tweet_raw": "Goodbye-https://t.co/zHp8rirm6j",
            "tweet": "goodbye-"
        },
        {
            "date": "2021-12-02 20:05:40+00:00",
            "tweet_raw": "Last of a dying breed.#Lifer #RocknRoll How about you?",
            "tweet": "last of a dying breed.  how about you?"
        },
        {
            "date": "2022-04-17 03:47:49+00:00",
            "tweet_raw": "@DBWillia I had a few from Gibson.",
            "tweet": " i had a few from gibson."
        },
        {
            "date": "2022-01-12 00:57:20+00:00",
            "tweet_raw": "@e_mangenius Thank you Eric.",
            "tweet": " thank you eric."
        },
        {
            "date": "2022-01-06 04:10:45+00:00",
            "tweet_raw": "Let\u2019s just say I am growing it back.  I agree but maybe I can cut some of those 90\u2019s razor lines into it.  Maybe even a eyebrow. Hmmm? https://t.co/39968RyzKq",
            "tweet": "let\u2019s just say i am growing it back.  i agree but maybe i can cut some of those 90\u2019s razor lines into it.  maybe even a eyebrow. hmmm? "
        },
        {
            "date": "2021-12-05 05:28:19+00:00",
            "tweet_raw": "I\u2019m hiding in the mountains. I come down to whoville from time to time. https://t.co/MURr431R5b",
            "tweet": "i\u2019m hiding in the mountains. i come down to whoville from time to time. "
        },
        {
            "date": "2021-11-22 03:59:37+00:00",
            "tweet_raw": "True-https://t.co/2uziVIxxSO",
            "tweet": "true-"
        },
        {
            "date": "2022-01-16 18:47:02+00:00",
            "tweet_raw": "@RublePete18 HBD \ud83e\udd18\ud83c\udffd",
            "tweet": " hbd \ud83e\udd18\ud83c\udffd"
        },
        {
            "date": "2022-01-16 18:47:02+00:00",
            "tweet_raw": "@RublePete18 HBD \ud83e\udd18\ud83c\udffd",
            "tweet": " hbd \ud83e\udd18\ud83c\udffd"
        },
        {
            "date": "2021-11-02 17:03:48+00:00",
            "tweet_raw": "\ud83e\udd18\ud83c\udffd https://t.co/7rQJvLwlMi",
            "tweet": "\ud83e\udd18\ud83c\udffd "
        },
        {
            "date": "2021-12-24 06:01:17+00:00",
            "tweet_raw": "Please God get be back onstage. https://t.co/oqTmN2PnA8",
            "tweet": "please god get be back onstage. "
        },
        {
            "date": "2022-01-09 20:29:48+00:00",
            "tweet_raw": "That first Brides Of Destruction album was so fun to make.  Just raw rock n roll.  Heard it? Favorite track? https://t.co/BC7IWmTSPj",
            "tweet": "that first brides of destruction album was so fun to make.  just raw rock n roll.  heard it? favorite track? "
        },
        {
            "date": "2022-05-04 05:07:31+00:00",
            "tweet_raw": "That was a great song.  Thumbing our nose at people magizine, reality TV and the negative influence it is having in our younger generation. https://t.co/C4u1y01Nos",
            "tweet": "that was a great song.  thumbing our nose at people magizine, reality tv and the negative influence it is having in our younger generation. "
        },
        {
            "date": "2021-12-11 19:07:09+00:00",
            "tweet_raw": "\ud83c\udf82 \ud83c\udf88 https://t.co/fioIGg4LSF",
            "tweet": "\ud83c\udf82 \ud83c\udf88 "
        },
        {
            "date": "2022-01-16 05:29:14+00:00",
            "tweet_raw": "Fast #AskSixx?",
            "tweet": "fast ?"
        },
        {
            "date": "2022-01-16 05:34:56+00:00",
            "tweet_raw": "@RichieramirezNS F\u00fcck Yes",
            "tweet": " f\u00fcck yes"
        }
    ],
    "len": 100
}