{
    "account": "@OfficialRJDio",
    "type": "Rock",
    "tweets": [
        {
            "date": "2020-11-25 09:14:28+00:00",
            "tweet_raw": "Exclusive @RecordStoreDay Black Friday DIO picture disc coming this Friday!  Dream Evil Live at Donnington, 87\u2019!     Limited to just 2500 pressings!  #RSDBF #DIO\n\nhttps://t.co/QTyhkcpx8G https://t.co/G1KFmHG2aZ",
            "tweet": "exclusive  black friday dio picture disc coming this friday!  dream evil live at donnington, 87\u2019!     limited to just 2500 pressings!   \n\n "
        },
        {
            "date": "2020-04-24 18:36:58+00:00",
            "tweet_raw": "Tomorrow marks the 40th anniversary of an important album in heavy metal history. https://t.co/lOUjgb9Zk5",
            "tweet": "tomorrow marks the 40th anniversary of an important album in heavy metal history. "
        },
        {
            "date": "2022-02-10 22:34:59+00:00",
            "tweet_raw": "DIO: Dreamers Never Die, the long-awaited documentary will have its World Premiere at the @SXSW Film Festival in Austin, TX on March 17.  News via @Variety:\nhttps://t.co/AssZeJFvBO",
            "tweet": "dio: dreamers never die, the long-awaited documentary will have its world premiere at the  film festival in austin, tx on march 17.  news via :\n"
        },
        {
            "date": "2020-08-28 12:29:37+00:00",
            "tweet_raw": "Released 13 years ago today. Aug 28, 2007,  Heaven and Hell LIVE at @RadioCity Music Hall.  A historic performance released on DVD &amp; BluRay. https://t.co/Oew2cxUwtP",
            "tweet": "released 13 years ago today. aug 28, 2007,  heaven and hell live at  music hall.  a historic performance released on dvd &amp; bluray. "
        },
        {
            "date": "2021-12-28 03:44:13+00:00",
            "tweet_raw": "Great to see everyone in their new DIO ugly Christmas sweaters!  \ud83e\udd18\ud83c\udffc\ud83c\udf84\n\nGrab one here: https://t.co/63kI4nZq0W https://t.co/q9HTDGVBBR",
            "tweet": "great to see everyone in their new dio ugly christmas sweaters!  \ud83e\udd18\ud83c\udffc\ud83c\udf84\n\ngrab one here:  "
        },
        {
            "date": "2022-02-20 06:15:04+00:00",
            "tweet_raw": "Wishing a very Happy Birthday to @TonyIommi! \ud83e\udd18\ud83c\udffc https://t.co/rKQ5xuDpsV",
            "tweet": "wishing a very happy birthday to ! \ud83e\udd18\ud83c\udffc "
        },
        {
            "date": "2020-07-27 04:38:33+00:00",
            "tweet_raw": "Ronnie and Steve Harris of @IronMaiden! https://t.co/wtfWfzuN7B",
            "tweet": "ronnie and steve harris of ! "
        },
        {
            "date": "2020-05-22 19:10:11+00:00",
            "tweet_raw": "Great new items added to the @DioCancerFund store: https://t.co/FvNj8fhysr",
            "tweet": "great new items added to the  store: "
        },
        {
            "date": "2020-08-09 23:43:27+00:00",
            "tweet_raw": "RIP Martin Birch. Legendary producer of countless albums by Black Sabbath, Rainbow, Deep Purple, Whitesnake, Iron Maiden &amp; more.\n\n\"My thoughts &amp; prayers go out to his wife Vera &amp; his daughter Haley. He was a genius producer &amp; a very dear friend of Ronnie\u2019s. May he RIP\"- Wendy Dio https://t.co/9GTqNs36WC",
            "tweet": "rip martin birch. legendary producer of countless albums by black sabbath, rainbow, deep purple, whitesnake, iron maiden &amp; more.\n\n\"my thoughts &amp; prayers go out to his wife vera &amp; his daughter haley. he was a genius producer &amp; a very dear friend of ronnie\u2019s. may he rip\"- wendy dio "
        },
        {
            "date": "2020-11-15 18:25:02+00:00",
            "tweet_raw": "Rainbow. 1977 https://t.co/UKdJziS4iW",
            "tweet": "rainbow. 1977 "
        },
        {
            "date": "2021-02-19 14:10:28+00:00",
            "tweet_raw": "\u201cStand Up And Shout\u201d from the Evil or Divine: Live In NYC deluxe reissue. Get your copy today!\n\nEvil Or Divine: Live In NYC: https://t.co/HVMzg2u3NG\n\nHoly Diver Live: https://t.co/F22yS1GzaW https://t.co/hQ7HLIoUUL",
            "tweet": "\u201cstand up and shout\u201d from the evil or divine: live in nyc deluxe reissue. get your copy today!\n\nevil or divine: live in nyc: \n\nholy diver live:  "
        },
        {
            "date": "2020-06-18 09:04:01+00:00",
            "tweet_raw": "Thanks to Brian Slagel for sharing this one. \nRepost from @brianslagel: Amazing picture of two of the greatest singers ever! @dUgpinnick_ #dio #kingsx #rainbow #blacksabbath https://t.co/n3XQZ98YMF",
            "tweet": "thanks to brian slagel for sharing this one. \nrepost from : amazing picture of two of the greatest singers ever!      "
        },
        {
            "date": "2020-09-18 17:11:24+00:00",
            "tweet_raw": "Black Sabbath. 1980. https://t.co/rICd7pGV8s",
            "tweet": "black sabbath. 1980. "
        },
        {
            "date": "2020-08-08 18:52:22+00:00",
            "tweet_raw": "Here's a great candid shot of Ronnie and Klaus Meine, having fun backsgtage at a festival somewhere!   #Scorpions https://t.co/d2Zr6IBXoH",
            "tweet": "here's a great candid shot of ronnie and klaus meine, having fun backsgtage at a festival somewhere!    "
        },
        {
            "date": "2021-01-01 23:52:54+00:00",
            "tweet_raw": "Celebrating New Year\u2019s Eve at Ronnie\u2019s bar.  Bjorn Englen, Adam Parsons, Oni Logan and Simon Wright wish all our friends and fans a very Happy New Year! https://t.co/icTnfMrDZe",
            "tweet": "celebrating new year\u2019s eve at ronnie\u2019s bar.  bjorn englen, adam parsons, oni logan and simon wright wish all our friends and fans a very happy new year! "
        },
        {
            "date": "2020-03-23 20:16:31+00:00",
            "tweet_raw": "Listen now on @AppleMusic!\nDIO studio albums 1996-2004 remastered and re-released with rare bonus material!  Listen here:  https://t.co/573lDIajfJ",
            "tweet": "listen now on !\ndio studio albums 1996-2004 remastered and re-released with rare bonus material!  listen here:  "
        },
        {
            "date": "2020-06-08 17:15:34+00:00",
            "tweet_raw": "Ronnie takes the 2nd verse of \u201cSmoke on the Water\u201d with Deep Purple and the London Symphony Orchestra at Royal Albert Hall.  September 1999.  \n\nhttps://t.co/zTOUPrl5N1",
            "tweet": "ronnie takes the 2nd verse of \u201csmoke on the water\u201d with deep purple and the london symphony orchestra at royal albert hall.  september 1999.  \n\n"
        },
        {
            "date": "2021-03-05 17:55:10+00:00",
            "tweet_raw": "Out TODAY!  @BlackSabbath's Heaven and Hell &amp; Mob Rules Deluxe Editions!   2CD and 2LP versions of both!  Grab them here:  https://t.co/JZ1O4TI2jE https://t.co/WPebSOBz6C",
            "tweet": "out today!  's heaven and hell &amp; mob rules deluxe editions!   2cd and 2lp versions of both!  grab them here:   "
        },
        {
            "date": "2020-11-18 22:03:03+00:00",
            "tweet_raw": "ROCK \u2018N\u2019 ROLL MEMORABILIA AUCTION TO GENERATE FUNDS FOR THE @DioCancerFund!\n\nNews via @Loudwire:\n\nhttps://t.co/W2HX0dM8Zq",
            "tweet": "rock \u2018n\u2019 roll memorabilia auction to generate funds for the !\n\nnews via :\n\n"
        },
        {
            "date": "2021-07-20 12:52:56+00:00",
            "tweet_raw": "One week to go!  Coming on July 27th; Rainbow In The Dark: The Autobiography.  \n\nPre-order here: https://t.co/2sSQUNFhst\n\nRead an exclusive excerpt via @RollingStone here: https://t.co/eUMkOfYxwQ https://t.co/xv0pB51GCI",
            "tweet": "one week to go!  coming on july 27th; rainbow in the dark: the autobiography.  \n\npre-order here: \n\nread an exclusive excerpt via  here:  "
        },
        {
            "date": "2020-08-08 18:52:22+00:00",
            "tweet_raw": "Here's a great candid shot of Ronnie and Klaus Meine, having fun backsgtage at a festival somewhere!   #Scorpions https://t.co/d2Zr6IBXoH",
            "tweet": "here's a great candid shot of ronnie and klaus meine, having fun backsgtage at a festival somewhere!    "
        },
        {
            "date": "2020-08-04 06:21:27+00:00",
            "tweet_raw": "Today in DIO history: 45 years ago.  Ritchie Blackmore's Rainbow, was released on Aug 4, 1975!  Hard to choose a favorite track, but I will say Man On The Silver Mountain.   Let\u2019s hear it; name your favorite song. https://t.co/GO11fgakom",
            "tweet": "today in dio history: 45 years ago.  ritchie blackmore's rainbow, was released on aug 4, 1975!  hard to choose a favorite track, but i will say man on the silver mountain.   let\u2019s hear it; name your favorite song. "
        },
        {
            "date": "2020-07-06 17:42:56+00:00",
            "tweet_raw": "40 years ago this week...\nRonnie embarked on his first U.S. tour with @BlackSabbath.  The U.S. leg of the tour kicked-off in El Paso, TX on July 2, 1980. https://t.co/jfcfSyS8w1",
            "tweet": "40 years ago this week...\nronnie embarked on his first u.s. tour with .  the u.s. leg of the tour kicked-off in el paso, tx on july 2, 1980. "
        },
        {
            "date": "2020-11-22 18:11:43+00:00",
            "tweet_raw": "Wishing a very Happy Birthday to @RowanRobertson! https://t.co/OY9vT1vUyY",
            "tweet": "wishing a very happy birthday to ! "
        },
        {
            "date": "2021-01-07 05:04:02+00:00",
            "tweet_raw": "Some amazing new paintings. We love seeing these beautiful tributes to Ronnie!  If you've created one of your own, please share it here in a reply https://t.co/tMB4j8srwQ",
            "tweet": "some amazing new paintings. we love seeing these beautiful tributes to ronnie!  if you've created one of your own, please share it here in a reply "
        },
        {
            "date": "2020-08-29 03:25:45+00:00",
            "tweet_raw": "Celebrate @RecordStoreDay with this DIO picture disc featuring the rare track Annica!\nhttps://t.co/6toGFNXIXT\n\n#RSD2020 #RecordStoreDay https://t.co/2waVkH1E0F",
            "tweet": "celebrate  with this dio picture disc featuring the rare track annica!\n\n\n  "
        },
        {
            "date": "2020-12-09 00:45:12+00:00",
            "tweet_raw": "Something new coming every day this week.  Subscribe to the new official DIO YouTube channel here: https://t.co/usPRCz7zAd",
            "tweet": "something new coming every day this week.  subscribe to the new official dio youtube channel here: "
        },
        {
            "date": "2020-05-22 19:10:11+00:00",
            "tweet_raw": "Great new items added to the @DioCancerFund store: https://t.co/FvNj8fhysr",
            "tweet": "great new items added to the  store: "
        },
        {
            "date": "2021-06-29 17:10:18+00:00",
            "tweet_raw": "Rob Halford, @SammyHagar, @LzzyHale and @SebastianBach among artists added to the upcoming Ronnie James Dio birthday virtual fundraiser.\nNews via @BLABBERMOUTHNET :\n\nhttps://t.co/c0M0ShVtIg",
            "tweet": "rob halford, ,  and  among artists added to the upcoming ronnie james dio birthday virtual fundraiser.\nnews via  :\n\n"
        },
        {
            "date": "2021-01-25 17:13:01+00:00",
            "tweet_raw": "Streaming now; \"Heaven and Hell\" live from the Hartford Civic Center on Amazon Music!https://t.co/oqjdL2h2eJ",
            "tweet": "streaming now; \"heaven and hell\" live from the hartford civic center on amazon music!"
        },
        {
            "date": "2020-07-21 13:02:03+00:00",
            "tweet_raw": "Legendary photographer @NeilZlozower talks about working with Ronnie: \n\nhttps://t.co/sd39wNGHuM",
            "tweet": "legendary photographer  talks about working with ronnie: \n\n"
        },
        {
            "date": "2020-10-21 07:25:26+00:00",
            "tweet_raw": "37 years ago today! The Rainbow In The Dark single was released on Oct 21, 1983! https://t.co/ZwXD7vyODe",
            "tweet": "37 years ago today! the rainbow in the dark single was released on oct 21, 1983! "
        },
        {
            "date": "2020-05-28 20:49:38+00:00",
            "tweet_raw": "Ronnie with Adrian Smith from @IronMaiden.  \n\nPhoto by Brian Rasic https://t.co/tNruZfIbTv",
            "tweet": "ronnie with adrian smith from .  \n\nphoto by brian rasic "
        },
        {
            "date": "2020-12-17 18:05:30+00:00",
            "tweet_raw": "BEHOLD! The Limited Edition Vinyl Picture Disc LP of \u2018Holy Diver\u2019 is here. \ud83d\udc09\u2694\ufe0f Pre-order the one-of-a-kind vinyl and exclusive art prints only with the official deluxe edition Holy Diver graphic novel from @Z2Comics at https://t.co/bAI4kVNBdY \ud83e\udd18 https://t.co/QKcJj2R2cB",
            "tweet": "behold! the limited edition vinyl picture disc lp of \u2018holy diver\u2019 is here. \ud83d\udc09\u2694\ufe0f pre-order the one-of-a-kind vinyl and exclusive art prints only with the official deluxe edition holy diver graphic novel from  at  \ud83e\udd18 "
        },
        {
            "date": "2021-01-29 13:31:09+00:00",
            "tweet_raw": "\"The Last In Line\u201d from the upcoming Evil Or Divine: Live In NYC deluxe reissue, coming February 12th. Order your copy today!\n\nhttps://t.co/dxzEa4QgcO",
            "tweet": "\"the last in line\u201d from the upcoming evil or divine: live in nyc deluxe reissue, coming february 12th. order your copy today!\n\n"
        },
        {
            "date": "2020-07-21 13:12:09+00:00",
            "tweet_raw": "33 years ago today!   Dream Evil was released on July 21, 1987.  We celebrate each album anniversary by spinning the record a few times. Give this one a spin today and let us know which is your favorite track! https://t.co/ywejgWLUm5",
            "tweet": "33 years ago today!   dream evil was released on july 21, 1987.  we celebrate each album anniversary by spinning the record a few times. give this one a spin today and let us know which is your favorite track! "
        },
        {
            "date": "2020-06-16 17:29:04+00:00",
            "tweet_raw": ".@LILIACBAND covers Holy Diver!  This young family band consisting of 3 brothers and 2 sisters does an amazing job at covering one of their favorite DIO tracks. (Also check out their video for Rainbow in the Dark too!)\n\nhttps://t.co/wEHtKyyKUL",
            "tweet": ". covers holy diver!  this young family band consisting of 3 brothers and 2 sisters does an amazing job at covering one of their favorite dio tracks. (also check out their video for rainbow in the dark too!)\n\n"
        },
        {
            "date": "2020-04-11 19:18:42+00:00",
            "tweet_raw": "Wishing a very very Happy Birthday to Wendy Dio!  \ud83e\udd18\ud83c\udffc https://t.co/T07V4KTZbG",
            "tweet": "wishing a very very happy birthday to wendy dio!  \ud83e\udd18\ud83c\udffc "
        },
        {
            "date": "2020-07-08 03:56:14+00:00",
            "tweet_raw": "Today in DIO history; 43 years ago...  Rainbow released \"On Stage\" on 7-7-77.  (Recorded live in Germany and Japan in September and December of 1976) https://t.co/AcYyIw7re8",
            "tweet": "today in dio history; 43 years ago...  rainbow released \"on stage\" on 7-7-77.  (recorded live in germany and japan in september and december of 1976) "
        },
        {
            "date": "2020-12-09 00:45:12+00:00",
            "tweet_raw": "Something new coming every day this week.  Subscribe to the new official DIO YouTube channel here: https://t.co/usPRCz7zAd",
            "tweet": "something new coming every day this week.  subscribe to the new official dio youtube channel here: "
        },
        {
            "date": "2020-04-18 17:55:34+00:00",
            "tweet_raw": "\u201cLook for the light, and find the secret heart.\u201d.  Fantastic fan-artwork by @Amelia_Sabbath, a talented 17-year-old artist from Russia! https://t.co/Y87WiZLo4v",
            "tweet": "\u201clook for the light, and find the secret heart.\u201d.  fantastic fan-artwork by , a talented 17-year-old artist from russia! "
        },
        {
            "date": "2021-10-24 06:44:01+00:00",
            "tweet_raw": "11 years ago today!\nThe city of Kavarna, Bulgaria unveiled this amazing statue of Ronnie in their Central Park on October 23, 2010.  Such a beautiful tribute! https://t.co/UmdrjeEd2F",
            "tweet": "11 years ago today!\nthe city of kavarna, bulgaria unveiled this amazing statue of ronnie in their central park on october 23, 2010.  such a beautiful tribute! "
        },
        {
            "date": "2021-09-14 03:24:11+00:00",
            "tweet_raw": "Happy Birthday @TimRipperOwens! https://t.co/NHuflf9FUy",
            "tweet": "happy birthday ! "
        },
        {
            "date": "2020-04-24 18:36:58+00:00",
            "tweet_raw": "Tomorrow marks the 40th anniversary of an important album in heavy metal history. https://t.co/lOUjgb9Zk5",
            "tweet": "tomorrow marks the 40th anniversary of an important album in heavy metal history. "
        },
        {
            "date": "2020-07-27 04:38:33+00:00",
            "tweet_raw": "Ronnie and Steve Harris of @IronMaiden! https://t.co/wtfWfzuN7B",
            "tweet": "ronnie and steve harris of ! "
        },
        {
            "date": "2021-12-31 23:26:37+00:00",
            "tweet_raw": "Wishing YOU a very Happy New Year. \ud83e\udd18\ud83c\udffc\ud83e\udd42\ud83c\udf7e https://t.co/uj1TfuBHgi",
            "tweet": "wishing you a very happy new year. \ud83e\udd18\ud83c\udffc\ud83e\udd42\ud83c\udf7e "
        },
        {
            "date": "2020-06-18 09:04:01+00:00",
            "tweet_raw": "Thanks to Brian Slagel for sharing this one. \nRepost from @brianslagel: Amazing picture of two of the greatest singers ever! @dUgpinnick_ #dio #kingsx #rainbow #blacksabbath https://t.co/n3XQZ98YMF",
            "tweet": "thanks to brian slagel for sharing this one. \nrepost from : amazing picture of two of the greatest singers ever!      "
        },
        {
            "date": "2021-01-25 17:13:01+00:00",
            "tweet_raw": "Streaming now; \"Heaven and Hell\" live from the Hartford Civic Center on Amazon Music!https://t.co/oqjdL2h2eJ",
            "tweet": "streaming now; \"heaven and hell\" live from the hartford civic center on amazon music!"
        },
        {
            "date": "2020-08-21 18:07:20+00:00",
            "tweet_raw": "Ronnie and Glenn. Decades of friendship.  Wishing a very Happy Birthday to @glenn_hughes ! https://t.co/XGWuULOcZV",
            "tweet": "ronnie and glenn. decades of friendship.  wishing a very happy birthday to  ! "
        },
        {
            "date": "2020-06-11 17:19:49+00:00",
            "tweet_raw": "Ronnie featured on the cover of the new July issue of @Rock_Hard_de magazine in Germany!  - https://t.co/RYpqlHz9C9 https://t.co/SbzlluAHRr",
            "tweet": "ronnie featured on the cover of the new july issue of  magazine in germany!  -  "
        },
        {
            "date": "2020-09-26 18:13:08+00:00",
            "tweet_raw": "\u201cA DECADE OF DIO\u201d vinyl boxed set spotted in the wild! \n\nRepost from @xxbradmanxx:\nThrilled to death to have all Dio albums on vinyl now! This is such a cool box set of Ronnie's first 6 albums plus the seven inch single of Evil Eyes and Time to Burn. https://t.co/pMc0Lr7gXS",
            "tweet": "\u201ca decade of dio\u201d vinyl boxed set spotted in the wild! \n\nrepost from :\nthrilled to death to have all dio albums on vinyl now! this is such a cool box set of ronnie's first 6 albums plus the seven inch single of evil eyes and time to burn. "
        },
        {
            "date": "2022-04-10 00:04:38+00:00",
            "tweet_raw": "44 years ago today!\nRainbow\u2019s \u201cLong Live Rock N\u2019 Roll\u201d was released on April 9, 1978. Back when Tower Records on Sunset Blvd would feature album covers on the side of the building during release week.  A true classic!  What\u2019s your favorite track on this record? https://t.co/wth8IuLVav",
            "tweet": "44 years ago today!\nrainbow\u2019s \u201clong live rock n\u2019 roll\u201d was released on april 9, 1978. back when tower records on sunset blvd would feature album covers on the side of the building during release week.  a true classic!  what\u2019s your favorite track on this record? "
        },
        {
            "date": "2020-05-18 23:31:59+00:00",
            "tweet_raw": "When there\u2019s lightning...\n\nhttps://t.co/1qbnaYTqs8",
            "tweet": "when there\u2019s lightning...\n\n"
        },
        {
            "date": "2020-07-21 13:12:09+00:00",
            "tweet_raw": "33 years ago today!   Dream Evil was released on July 21, 1987.  We celebrate each album anniversary by spinning the record a few times. Give this one a spin today and let us know which is your favorite track! https://t.co/ywejgWLUm5",
            "tweet": "33 years ago today!   dream evil was released on july 21, 1987.  we celebrate each album anniversary by spinning the record a few times. give this one a spin today and let us know which is your favorite track! "
        },
        {
            "date": "2020-05-17 22:03:29+00:00",
            "tweet_raw": ".@LILIACBAND visits Ronnie\u2019s resting place to pay their respects on the 10th anniversary of his passing: \n\nhttps://t.co/vU4OpMT949",
            "tweet": ". visits ronnie\u2019s resting place to pay their respects on the 10th anniversary of his passing: \n\n"
        },
        {
            "date": "2020-11-25 23:43:01+00:00",
            "tweet_raw": "\ud83e\udd18\ud83c\udffc Wishing all of you a very Happy Thanksgiving! \ud83e\udd18\ud83c\udffc https://t.co/H1wKT83wYC",
            "tweet": "\ud83e\udd18\ud83c\udffc wishing all of you a very happy thanksgiving! \ud83e\udd18\ud83c\udffc "
        },
        {
            "date": "2020-12-17 18:05:30+00:00",
            "tweet_raw": "BEHOLD! The Limited Edition Vinyl Picture Disc LP of \u2018Holy Diver\u2019 is here. \ud83d\udc09\u2694\ufe0f Pre-order the one-of-a-kind vinyl and exclusive art prints only with the official deluxe edition Holy Diver graphic novel from @Z2Comics at https://t.co/bAI4kVNBdY \ud83e\udd18 https://t.co/QKcJj2R2cB",
            "tweet": "behold! the limited edition vinyl picture disc lp of \u2018holy diver\u2019 is here. \ud83d\udc09\u2694\ufe0f pre-order the one-of-a-kind vinyl and exclusive art prints only with the official deluxe edition holy diver graphic novel from  at  \ud83e\udd18 "
        },
        {
            "date": "2020-10-06 20:18:58+00:00",
            "tweet_raw": "Rest In Peace Edward Van Halen. https://t.co/VdUACX5zJn",
            "tweet": "rest in peace edward van halen. "
        },
        {
            "date": "2020-06-11 17:19:49+00:00",
            "tweet_raw": "Ronnie featured on the cover of the new July issue of @Rock_Hard_de magazine in Germany!  - https://t.co/RYpqlHz9C9 https://t.co/SbzlluAHRr",
            "tweet": "ronnie featured on the cover of the new july issue of  magazine in germany!  -  "
        },
        {
            "date": "2020-12-10 16:50:38+00:00",
            "tweet_raw": "\u201cThe Eyes\u201d from Master of The Moon (Deluxe Edition).\nSomething new arriving every day this week.  Subscribe to the new DIO YouTube channel here: https://t.co/InY7X0zwip",
            "tweet": "\u201cthe eyes\u201d from master of the moon (deluxe edition).\nsomething new arriving every day this week.  subscribe to the new dio youtube channel here: "
        },
        {
            "date": "2020-05-16 19:38:13+00:00",
            "tweet_raw": "The Dio Family thanks everyone for their emails, texts, kind messages and thoughts. Ronnie is forever in our hearts. \n- Wendy Dio https://t.co/vZTlclqbxx",
            "tweet": "the dio family thanks everyone for their emails, texts, kind messages and thoughts. ronnie is forever in our hearts. \n- wendy dio "
        },
        {
            "date": "2021-12-09 01:31:07+00:00",
            "tweet_raw": "Available for the first time in the official DIO store!  Personalized and signed by Wendy Dio; \"Rainbow in the Dark: The Autobiography\". (Shipping to USA only)  Shop here, and enter your name for personalization when adding to your cart: https://t.co/505YGNIO3H https://t.co/XOKH0oxscT",
            "tweet": "available for the first time in the official dio store!  personalized and signed by wendy dio; \"rainbow in the dark: the autobiography\". (shipping to usa only)  shop here, and enter your name for personalization when adding to your cart:  "
        },
        {
            "date": "2020-11-15 18:25:02+00:00",
            "tweet_raw": "Rainbow. 1977 https://t.co/UKdJziS4iW",
            "tweet": "rainbow. 1977 "
        },
        {
            "date": "2020-12-24 07:21:47+00:00",
            "tweet_raw": "Merry Christmas to All! \ud83e\udd18\ud83c\udffc\ud83c\udf84 https://t.co/OWMyJKbTkA",
            "tweet": "merry christmas to all! \ud83e\udd18\ud83c\udffc\ud83c\udf84 "
        },
        {
            "date": "2020-08-27 18:37:45+00:00",
            "tweet_raw": "45 years ago in Hollywood, right in front of the Chateau Marmont Hotel on Sunset Blvd, a billboard to announce the debut album by Rainbow!   1975. https://t.co/SCsmYsrRDX",
            "tweet": "45 years ago in hollywood, right in front of the chateau marmont hotel on sunset blvd, a billboard to announce the debut album by rainbow!   1975. "
        },
        {
            "date": "2020-12-31 23:26:47+00:00",
            "tweet_raw": "Wishing YOU.... a very Happy New Year!  \ud83e\udd18\ud83c\udffc https://t.co/3m7SkqZi9K",
            "tweet": "wishing you.... a very happy new year!  \ud83e\udd18\ud83c\udffc "
        },
        {
            "date": "2021-01-21 03:24:40+00:00",
            "tweet_raw": "One hell of a backstage party.  Steve Harris, Ronnie, Jimmy Bain, and Vince Neil. https://t.co/usGoBmzC9g",
            "tweet": "one hell of a backstage party.  steve harris, ronnie, jimmy bain, and vince neil. "
        },
        {
            "date": "2021-01-12 16:03:25+00:00",
            "tweet_raw": "Deluxe reissues of Holy Diver Live &amp; Evil Or Divine:  Live In NYC! Newly remastered w/ new cover art, 3LP w/ Lenticular cover, 2CD, standard 3LP &amp; digitally on Feb 12! Pre-order:\n\nHoly Diver Live: https://t.co/F22yS1GzaW\nEvil Or Divine: Live In NYC: https://t.co/HVMzg2u3NG https://t.co/b9LtVQqKI7",
            "tweet": "deluxe reissues of holy diver live &amp; evil or divine:  live in nyc! newly remastered w/ new cover art, 3lp w/ lenticular cover, 2cd, standard 3lp &amp; digitally on feb 12! pre-order:\n\nholy diver live: \nevil or divine: live in nyc:  "
        },
        {
            "date": "2021-02-02 15:16:49+00:00",
            "tweet_raw": "Just 10 more days until these 2 amazing new reissues are available!  Also coming in 180g vinyl format. Each is a triple gatefold w/ 3D lenticular covers &amp; contains 3 LPs! \n\u2022 Evil Or Divine: In New York City\n\u2022 Holy Diver Live\nOrder here https://t.co/3TK9TEf4zs https://t.co/8YBShtnwZ7",
            "tweet": "just 10 more days until these 2 amazing new reissues are available!  also coming in 180g vinyl format. each is a triple gatefold w/ 3d lenticular covers &amp; contains 3 lps! \n\u2022 evil or divine: in new york city\n\u2022 holy diver live\norder here  "
        },
        {
            "date": "2020-08-20 19:30:19+00:00",
            "tweet_raw": "Happy Birthday to @RobertPlant, celebrating his 72nd birthday today. Here\u2019s a great shot of Ronnie with Robert Plant and @EddieTrunk. https://t.co/7nmIjbhxcm",
            "tweet": "happy birthday to , celebrating his 72nd birthday today. here\u2019s a great shot of ronnie with robert plant and . "
        },
        {
            "date": "2021-01-01 23:52:54+00:00",
            "tweet_raw": "Celebrating New Year\u2019s Eve at Ronnie\u2019s bar.  Bjorn Englen, Adam Parsons, Oni Logan and Simon Wright wish all our friends and fans a very Happy New Year! https://t.co/icTnfMrDZe",
            "tweet": "celebrating new year\u2019s eve at ronnie\u2019s bar.  bjorn englen, adam parsons, oni logan and simon wright wish all our friends and fans a very happy new year! "
        },
        {
            "date": "2020-05-13 19:30:18+00:00",
            "tweet_raw": ".@Loudwire lists their top 40 metal albums of 1990.  Great to see \u2018Lock Up The Wolves\u2019 in the list!  \n\nhttps://t.co/kehTCun5Dh",
            "tweet": ". lists their top 40 metal albums of 1990.  great to see \u2018lock up the wolves\u2019 in the list!  \n\n"
        },
        {
            "date": "2020-05-08 18:31:11+00:00",
            "tweet_raw": "Here\u2019s one from the archives. \n\u201cLong Live Rock N Roll\u201d Tour. 1978 https://t.co/SZmjrAHdzk",
            "tweet": "here\u2019s one from the archives. \n\u201clong live rock n roll\u201d tour. 1978 "
        },
        {
            "date": "2021-08-01 16:04:03+00:00",
            "tweet_raw": "Rainbow in the Dark Admirably Chronicles Ronnie James Dio\u2019s Iconic Career: Book Review by  @Consequence\n\nhttps://t.co/C8eiVeWU8C",
            "tweet": "rainbow in the dark admirably chronicles ronnie james dio\u2019s iconic career: book review by  \n\n"
        },
        {
            "date": "2020-12-19 16:19:19+00:00",
            "tweet_raw": "Back in stock!  Black Sabbath Dehumanizer (Deluxe Edition) 180 gram 2-LP Vinyl!   Available here: https://t.co/GaMXrodWIv https://t.co/n5u2V45Uuc",
            "tweet": "back in stock!  black sabbath dehumanizer (deluxe edition) 180 gram 2-lp vinyl!   available here:  "
        },
        {
            "date": "2020-12-05 17:40:24+00:00",
            "tweet_raw": "A classic shot of Ronnie with Rob Halford and Vince Neil. https://t.co/1TPb1dhBZ8",
            "tweet": "a classic shot of ronnie with rob halford and vince neil. "
        },
        {
            "date": "2020-08-25 04:27:39+00:00",
            "tweet_raw": "This little pup was found abandoned together w/ 7 siblings. His name is Dio, he is  a 7 week old Springer/Husky Cross. He is looking for a forever home &amp; for someone to love him. - Wendy Dio\n\nContact @LuckyPawsDR in Regina, Saskatchewan \ud83c\udde8\ud83c\udde6 here: https://t.co/tkB8ppTqoS https://t.co/nzzXeJgq8c",
            "tweet": "this little pup was found abandoned together w/ 7 siblings. his name is dio, he is  a 7 week old springer/husky cross. he is looking for a forever home &amp; for someone to love him. - wendy dio\n\ncontact  in regina, saskatchewan \ud83c\udde8\ud83c\udde6 here:  "
        },
        {
            "date": "2020-08-09 23:43:27+00:00",
            "tweet_raw": "RIP Martin Birch. Legendary producer of countless albums by Black Sabbath, Rainbow, Deep Purple, Whitesnake, Iron Maiden &amp; more.\n\n\"My thoughts &amp; prayers go out to his wife Vera &amp; his daughter Haley. He was a genius producer &amp; a very dear friend of Ronnie\u2019s. May he RIP\"- Wendy Dio https://t.co/9GTqNs36WC",
            "tweet": "rip martin birch. legendary producer of countless albums by black sabbath, rainbow, deep purple, whitesnake, iron maiden &amp; more.\n\n\"my thoughts &amp; prayers go out to his wife vera &amp; his daughter haley. he was a genius producer &amp; a very dear friend of ronnie\u2019s. may he rip\"- wendy dio "
        },
        {
            "date": "2021-02-09 19:09:09+00:00",
            "tweet_raw": "\"Nothing's in the past, it always seems to come again /\nAgain and again...\"\n\nTurn it up loud and listen to \"Neon Knights (Live)\" from the upcoming HEAVEN AND HELL Deluxe Edition on @Spotify again and again: https://t.co/xmXXND43nI",
            "tweet": "\"nothing's in the past, it always seems to come again /\nagain and again...\"\n\nturn it up loud and listen to \"neon knights (live)\" from the upcoming heaven and hell deluxe edition on  again and again: "
        },
        {
            "date": "2020-05-28 20:49:38+00:00",
            "tweet_raw": "Ronnie with Adrian Smith from @IronMaiden.  \n\nPhoto by Brian Rasic https://t.co/tNruZfIbTv",
            "tweet": "ronnie with adrian smith from .  \n\nphoto by brian rasic "
        },
        {
            "date": "2020-12-19 02:41:19+00:00",
            "tweet_raw": "Bah Humbug! \ud83e\udd18\ud83c\udffc https://t.co/7SoWabvsEH",
            "tweet": "bah humbug! \ud83e\udd18\ud83c\udffc "
        },
        {
            "date": "2022-03-21 09:28:22+00:00",
            "tweet_raw": "22 years ago today!\nDIO released the 8th studio album \"Magica\" on this day, March 21, 2000. This concept album featured the return of Craig Goldy on guitar, with Jimmy Bain on bass, and Simon Wright on drums. https://t.co/2il8Q4PdxV",
            "tweet": "22 years ago today!\ndio released the 8th studio album \"magica\" on this day, march 21, 2000. this concept album featured the return of craig goldy on guitar, with jimmy bain on bass, and simon wright on drums. "
        },
        {
            "date": "2020-09-14 18:55:13+00:00",
            "tweet_raw": "Wishing a big Happy Birthday to  @VinnyAppice1!  (Belated, as it was yesterday, but we hope you had a great birthday!) https://t.co/PPYwNfiGx5",
            "tweet": "wishing a big happy birthday to  !  (belated, as it was yesterday, but we hope you had a great birthday!) "
        },
        {
            "date": "2021-01-15 14:01:51+00:00",
            "tweet_raw": "Here is Rainbow In The Dark from the upcoming Holy Diver Live deluxe reissue, is available today on all platforms!  Head over to the Official Dio YouTube channel to watch the full video &amp; subscribe today so you don\u2019t miss what\u2019s coming!\n\nHoly Diver Live: https://t.co/F22yS1GzaW https://t.co/eLblyCj1Vy",
            "tweet": "here is rainbow in the dark from the upcoming holy diver live deluxe reissue, is available today on all platforms!  head over to the official dio youtube channel to watch the full video &amp; subscribe today so you don\u2019t miss what\u2019s coming!\n\nholy diver live:  "
        },
        {
            "date": "2020-11-18 08:35:32+00:00",
            "tweet_raw": "Wishing a very Happy Birthday to @RudySarzo! https://t.co/GBSHBh3aqZ",
            "tweet": "wishing a very happy birthday to ! "
        },
        {
            "date": "2020-09-07 23:18:23+00:00",
            "tweet_raw": "Cheers to a great Labor Day weekend! \n\nhttps://t.co/fvrXZXMlZs",
            "tweet": "cheers to a great labor day weekend! \n\n"
        },
        {
            "date": "2021-01-01 23:52:54+00:00",
            "tweet_raw": "Celebrating New Year\u2019s Eve at Ronnie\u2019s bar.  Bjorn Englen, Adam Parsons, Oni Logan and Simon Wright wish all our friends and fans a very Happy New Year! https://t.co/icTnfMrDZe",
            "tweet": "celebrating new year\u2019s eve at ronnie\u2019s bar.  bjorn englen, adam parsons, oni logan and simon wright wish all our friends and fans a very happy new year! "
        },
        {
            "date": "2020-10-11 08:58:27+00:00",
            "tweet_raw": "More great additions to our \u201cDIO Tattoos\u201d photo album on Facebook.  We love seeing these beautiful tributes to Ronnie. If you have a DIO tattoo of your own, please post in a reply https://t.co/2kEW5IoYP8",
            "tweet": "more great additions to our \u201cdio tattoos\u201d photo album on facebook.  we love seeing these beautiful tributes to ronnie. if you have a dio tattoo of your own, please post in a reply "
        },
        {
            "date": "2021-01-07 05:04:02+00:00",
            "tweet_raw": "Some amazing new paintings. We love seeing these beautiful tributes to Ronnie!  If you've created one of your own, please share it here in a reply https://t.co/tMB4j8srwQ",
            "tweet": "some amazing new paintings. we love seeing these beautiful tributes to ronnie!  if you've created one of your own, please share it here in a reply "
        },
        {
            "date": "2020-11-09 12:15:28+00:00",
            "tweet_raw": "10 years ago today, \u201cDio at Donnington\u201d was released on Nov 9, 2010!  Two discs featuring live performances of both of Dio\u2019s 1983 and 1987 appearances at the Monsters of Rock Festival at Donnington! https://t.co/MUSnSEZtlv",
            "tweet": "10 years ago today, \u201cdio at donnington\u201d was released on nov 9, 2010!  two discs featuring live performances of both of dio\u2019s 1983 and 1987 appearances at the monsters of rock festival at donnington! "
        },
        {
            "date": "2021-05-15 12:54:45+00:00",
            "tweet_raw": "31 years ago today!  \"Lock Up The Wolves\" was released on May 15th, 1990. The fifth studio-album by DIO, which introduced new 18-year-old guitarist, @RowanRobertson. https://t.co/7HK3HTh9iI",
            "tweet": "31 years ago today!  \"lock up the wolves\" was released on may 15th, 1990. the fifth studio-album by dio, which introduced new 18-year-old guitarist, . "
        },
        {
            "date": "2020-03-23 20:16:31+00:00",
            "tweet_raw": "Listen now on @AppleMusic!\nDIO studio albums 1996-2004 remastered and re-released with rare bonus material!  Listen here:  https://t.co/573lDIajfJ",
            "tweet": "listen now on !\ndio studio albums 1996-2004 remastered and re-released with rare bonus material!  listen here:  "
        },
        {
            "date": "2020-03-27 00:19:44+00:00",
            "tweet_raw": "We love this fan art by @Amelia_Sabbath, a talented 17-year-old artist from Russia! https://t.co/dgurCKoyrN",
            "tweet": "we love this fan art by , a talented 17-year-old artist from russia! "
        },
        {
            "date": "2020-11-25 23:43:01+00:00",
            "tweet_raw": "\ud83e\udd18\ud83c\udffc Wishing all of you a very Happy Thanksgiving! \ud83e\udd18\ud83c\udffc https://t.co/H1wKT83wYC",
            "tweet": "\ud83e\udd18\ud83c\udffc wishing all of you a very happy thanksgiving! \ud83e\udd18\ud83c\udffc "
        },
        {
            "date": "2020-08-25 13:06:20+00:00",
            "tweet_raw": "Announcing #HolyDiver: the official graphic novel adaptation of the classic album and the artwork it inspired.\ud83e\udd18\n\u00a0\nGet your copy now from @z2comics at https://t.co/bAI4kVNBdY https://t.co/RMy2dVCMcD",
            "tweet": "announcing : the official graphic novel adaptation of the classic album and the artwork it inspired.\ud83e\udd18\n\u00a0\nget your copy now from  at  "
        },
        {
            "date": "2020-08-29 03:25:45+00:00",
            "tweet_raw": "Celebrate @RecordStoreDay with this DIO picture disc featuring the rare track Annica!\nhttps://t.co/6toGFNXIXT\n\n#RSD2020 #RecordStoreDay https://t.co/2waVkH1E0F",
            "tweet": "celebrate  with this dio picture disc featuring the rare track annica!\n\n\n  "
        },
        {
            "date": "2020-03-27 00:19:44+00:00",
            "tweet_raw": "We love this fan art by @Amelia_Sabbath, a talented 17-year-old artist from Russia! https://t.co/dgurCKoyrN",
            "tweet": "we love this fan art by , a talented 17-year-old artist from russia! "
        },
        {
            "date": "2021-01-03 21:26:02+00:00",
            "tweet_raw": "Here\u2019s another great shot from New Years Eve.  Simon Wright behind Ronnie\u2019s bar!  \ud83e\udd18\ud83c\udffc https://t.co/NlGMcSzRQJ",
            "tweet": "here\u2019s another great shot from new years eve.  simon wright behind ronnie\u2019s bar!  \ud83e\udd18\ud83c\udffc "
        },
        {
            "date": "2020-12-23 17:36:24+00:00",
            "tweet_raw": "Rest In Peace Chris Reynolds.\nChris was a true professional and a caring human being. He worked on some Dio tours. My deepest sympathy goes out to his family.\nRIP\nWendy Dio https://t.co/fRyctUwUAL",
            "tweet": "rest in peace chris reynolds.\nchris was a true professional and a caring human being. he worked on some dio tours. my deepest sympathy goes out to his family.\nrip\nwendy dio "
        },
        {
            "date": "2020-04-13 11:45:40+00:00",
            "tweet_raw": "Thanks to @sabbathfans for sharing these photos of their delivery of the 4 reissued DIO albums.  All 4 remastered &amp; feature previously unreleased live tracks! Available on CD or limited edition vinyl with lentincular covers.  Available here: https://t.co/VGuPQ96Rfc https://t.co/51yl3pQkc0",
            "tweet": "thanks to  for sharing these photos of their delivery of the 4 reissued dio albums.  all 4 remastered &amp; feature previously unreleased live tracks! available on cd or limited edition vinyl with lentincular covers.  available here:  "
        }
    ],
    "len": 100
}