{
    "account": "@officialKeef",
    "type": "Rock",
    "tweets": [
        {
            "date": "2021-08-18 21:05:27+00:00",
            "tweet_raw": "Happy Birthday @SarahDash !\u2026 and Congratulations on your forthcoming induction to the New Jersey Hall of Fame!\nOne love! Photo: 1993 Bob Gruen https://t.co/Qeg84cr0k2",
            "tweet": "happy birthday  !\u2026 and congratulations on your forthcoming induction to the new jersey hall of fame!\none love! photo: 1993 bob gruen "
        },
        {
            "date": "2020-05-17 17:36:16+00:00",
            "tweet_raw": "Watch The @RollingStones Live at The Fonda Theatre 2015 today on @youtube! 8pm BST/ 12pm PT/ 3pm ET https://t.co/CsfJIfyKsH https://t.co/Bkitf7Ml5s",
            "tweet": "watch the  live at the fonda theatre 2015 today on ! 8pm bst/ 12pm pt/ 3pm et  "
        },
        {
            "date": "2020-08-14 18:23:22+00:00",
            "tweet_raw": "#FBF Aug 14, 2019, Seattle, Washington @RollingStones #StonesNoFilter https://t.co/MzSpkvLY1C",
            "tweet": " aug 14, 2019, seattle, washington   "
        },
        {
            "date": "2019-08-05 06:16:38+00:00",
            "tweet_raw": "Satisfaction!!!\nSee you at the next one! https://t.co/gra8bD96TN",
            "tweet": "satisfaction!!!\nsee you at the next one! "
        },
        {
            "date": "2019-03-28 12:58:34+00:00",
            "tweet_raw": "On the eve of the release of the 30th Anniversary Edition of \u2018Talk Is Cheap\u2019, Keith sits down with Jim Kerr for an @iHeartRadio Icons exclusive interview. Listen TONIGHT at 9PM ET/6PM PT on your local iHeart classic rock station or at https://t.co/5HNFBX6LEB\n#iHeartKeithRichards https://t.co/yHiiRboqQz",
            "tweet": "on the eve of the release of the 30th anniversary edition of \u2018talk is cheap\u2019, keith sits down with jim kerr for an  icons exclusive interview. listen tonight at 9pm et/6pm pt on your local iheart classic rock station or at \n "
        },
        {
            "date": "2018-03-17 23:08:37+00:00",
            "tweet_raw": "HAPPY !\nLove Rocks benefit concert! March 15th! Thank you, to everyone supporting such a great organization! Photo by Kevin Mazur https://t.co/J8cZYT1vPC",
            "tweet": "happy !\nlove rocks benefit concert! march 15th! thank you, to everyone supporting such a great organization! photo by kevin mazur "
        },
        {
            "date": "2019-08-05 06:16:38+00:00",
            "tweet_raw": "Satisfaction!!!\nSee you at the next one! https://t.co/gra8bD96TN",
            "tweet": "satisfaction!!!\nsee you at the next one! "
        },
        {
            "date": "2019-12-18 16:34:16+00:00",
            "tweet_raw": "Happy Anniversary, Patti.  Love, Keith \u2665\ufe0f https://t.co/MGAaiTxIeF",
            "tweet": "happy anniversary, patti.  love, keith \u2665\ufe0f "
        },
        {
            "date": "2020-04-07 16:31:57+00:00",
            "tweet_raw": "Tune in on @SIRIUSXM Channel 28! https://t.co/ublgAwGhoO https://t.co/OZ64ehxSaK",
            "tweet": "tune in on  channel 28!  "
        },
        {
            "date": "2018-10-19 16:31:10+00:00",
            "tweet_raw": "The new \"Run Rudolph Run\" limited edition t-shirt is now available to pre-order in Keith's store! The shirt features one of the regional cover art variations that graced the original 45 when it was released in the winter of 1978/79. https://t.co/h33PUYN53n https://t.co/RXDtNTMsqn",
            "tweet": "the new \"run rudolph run\" limited edition t-shirt is now available to pre-order in keith's store! the shirt features one of the regional cover art variations that graced the original 45 when it was released in the winter of 1978/79.  "
        },
        {
            "date": "2018-04-01 16:23:46+00:00",
            "tweet_raw": "Loved playing on the tracks for #ThingsHaveChanged with Steve Jordan producing @bettyelavette. https://t.co/9vXKPQS6Jt https://t.co/L35OdEC6i6",
            "tweet": "loved playing on the tracks for  with steve jordan producing .  "
        },
        {
            "date": "2018-05-26 13:26:57+00:00",
            "tweet_raw": "Thank you, London! A great show and great crowd!  See you again in June!!! #stonesnofilter (Photo: \u00a9 J. Bouquet) https://t.co/gRFwETAb1s",
            "tweet": "thank you, london! a great show and great crowd!  see you again in june!!!  (photo: \u00a9 j. bouquet) "
        },
        {
            "date": "2019-02-15 16:53:25+00:00",
            "tweet_raw": "Listen to #MyBabe now on the Keith Richards Essentials playlist on @AppleMusic! https://t.co/b4OsieNm3g",
            "tweet": "listen to  now on the keith richards essentials playlist on ! "
        },
        {
            "date": "2018-04-07 17:24:09+00:00",
            "tweet_raw": "New #AskKeith coming tomorrow! Subscribe here: https://t.co/XepI9VawQB",
            "tweet": "new  coming tomorrow! subscribe here: "
        },
        {
            "date": "2019-01-24 16:04:54+00:00",
            "tweet_raw": "The super deluxe reissue of Talk is Cheap is in a case hand built and aged by the @Fender Custom Shop using the same wood, plastics and metal as Keith's Micawber Telecaster! Pre-order: https://t.co/0OGagm3TkJ https://t.co/dCXVbRBOVl",
            "tweet": "the super deluxe reissue of talk is cheap is in a case hand built and aged by the  custom shop using the same wood, plastics and metal as keith's micawber telecaster! pre-order:  "
        },
        {
            "date": "2019-06-30 19:37:55+00:00",
            "tweet_raw": "Burl\u2019s Creek!\nGreat night\ud83d\udca5 https://t.co/4zBuS74jEV",
            "tweet": "burl\u2019s creek!\ngreat night\ud83d\udca5 "
        },
        {
            "date": "2018-04-05 15:27:42+00:00",
            "tweet_raw": "#TBT with John McEnroe and @WhoopiGoldberg at #LoveRocksNYC! https://t.co/Lyi5rNjI9v",
            "tweet": " with john mcenroe and  at ! "
        },
        {
            "date": "2020-02-21 21:06:30+00:00",
            "tweet_raw": "Ready to Rock!!\nKeith https://t.co/xIl0PeFcX9",
            "tweet": "ready to rock!!\nkeith "
        },
        {
            "date": "2020-08-07 02:25:34+00:00",
            "tweet_raw": "August 5, 2019 #TBT Metlife Stadium @RollingStones @ronniewood https://t.co/e5wDIqQ1Sj",
            "tweet": "august 5, 2019  metlife stadium   "
        },
        {
            "date": "2018-04-22 17:10:06+00:00",
            "tweet_raw": "Subscribe on @YouTube to see a new #AskKeith video this week: https://t.co/0k2rTZckLG",
            "tweet": "subscribe on  to see a new  video this week: "
        },
        {
            "date": "2020-09-07 19:39:28+00:00",
            "tweet_raw": "Tune in to @BBCRadio2 tomorrow morning 8:30am BST to hear @ZoeTheBall chatting to Keith about Goats Head Soup 2020 and more! (\ud83d\udcf7: Stephanie Pfriender Stylander) \n#therollingstones #goatsheadsoup2020 https://t.co/u2KfD5j5wA",
            "tweet": "tune in to  tomorrow morning 8:30am bst to hear  chatting to keith about goats head soup 2020 and more! (\ud83d\udcf7: stephanie pfriender stylander) \n  "
        },
        {
            "date": "2020-12-04 22:01:32+00:00",
            "tweet_raw": "What a Wino! Keith (2020) https://t.co/cHkiGKnd7Y",
            "tweet": "what a wino! keith (2020) "
        },
        {
            "date": "2018-07-08 14:22:52+00:00",
            "tweet_raw": "Next and last stop on the tour! National Stadium https://t.co/tEg9NnTKCg",
            "tweet": "next and last stop on the tour! national stadium "
        },
        {
            "date": "2018-06-20 18:50:45+00:00",
            "tweet_raw": "Satisfaction guaranteed #StonesNoFilter https://t.co/0yfktmx6Ra",
            "tweet": "satisfaction guaranteed  "
        },
        {
            "date": "2019-01-24 16:04:54+00:00",
            "tweet_raw": "The super deluxe reissue of Talk is Cheap is in a case hand built and aged by the @Fender Custom Shop using the same wood, plastics and metal as Keith's Micawber Telecaster! Pre-order: https://t.co/0OGagm3TkJ https://t.co/dCXVbRBOVl",
            "tweet": "the super deluxe reissue of talk is cheap is in a case hand built and aged by the  custom shop using the same wood, plastics and metal as keith's micawber telecaster! pre-order:  "
        },
        {
            "date": "2021-06-06 18:36:15+00:00",
            "tweet_raw": "On Record Store Day, June 12, a limited edition red vinyl 7\u201d single 'Wicked As It Seems Live' will be released! Includes 2 previously unreleased live tracks from Keith Richards &amp; The X-Pensive Winos, recorded December 1992 on the Main Offender Tour. #recordstoreday #rsddrops https://t.co/gZSPVRrQHS",
            "tweet": "on record store day, june 12, a limited edition red vinyl 7\u201d single 'wicked as it seems live' will be released! includes 2 previously unreleased live tracks from keith richards &amp; the x-pensive winos, recorded december 1992 on the main offender tour.   "
        },
        {
            "date": "2019-07-11 20:04:58+00:00",
            "tweet_raw": "Hurricane: Released in 2005 after # Hurricane Katrina \ud83d\ude4f\ud83d\ude4fwritten by Keith Richards and @MickJagger  Keith on guitar and vocals, @RonnieWood on slide guitar https://t.co/f3cq94ltJz",
            "tweet": "hurricane: released in 2005 after # hurricane katrina \ud83d\ude4f\ud83d\ude4fwritten by keith richards and   keith on guitar and vocals,  on slide guitar "
        },
        {
            "date": "2019-03-23 14:44:50+00:00",
            "tweet_raw": "Me being interviewed by Steve Jordan for his show on Sirius Radio Volume (106) . What a great time. Will air on Tuesday, March 26th at 8:00pm! Thank you all @SIRIUSXM @jayveerecords https://t.co/1lhOjhO0XG",
            "tweet": "me being interviewed by steve jordan for his show on sirius radio volume (106) . what a great time. will air on tuesday, march 26th at 8:00pm! thank you all   "
        },
        {
            "date": "2018-11-08 15:54:29+00:00",
            "tweet_raw": "The 40th Anniversary reissue of \u2018Run Rudolph Run\u2019 will also be made available in selected record stores outside the US from November 23rd. This is a limited release so please check with your local store before visiting. Click here to find stores near you \u2013 https://t.co/0JDUU8PVfr https://t.co/PfrWYE5Ahs",
            "tweet": "the 40th anniversary reissue of \u2018run rudolph run\u2019 will also be made available in selected record stores outside the us from november 23rd. this is a limited release so please check with your local store before visiting. click here to find stores near you \u2013  "
        },
        {
            "date": "2018-04-12 19:50:01+00:00",
            "tweet_raw": "#TBT with Bill Murray at #LoveRocksNYC! https://t.co/31KzdrRZaP",
            "tweet": " with bill murray at ! "
        },
        {
            "date": "2020-10-09 15:06:30+00:00",
            "tweet_raw": "Keith Richards &amp; The X-Pensive Winos \u2013 Live at the Hollywood Palladium out\u00a0November 13! \nThis Deluxe Boxset features a 40 page hardback book, 2LPs, CD, DVD and much more plus 3 previously unreleased live tracks.\nClick here to preorder:\u00a0https://t.co/2ZtxqscfBM https://t.co/se5sUQ3kNF",
            "tweet": "keith richards &amp; the x-pensive winos \u2013 live at the hollywood palladium out\u00a0november 13! \nthis deluxe boxset features a 40 page hardback book, 2lps, cd, dvd and much more plus 3 previously unreleased live tracks.\nclick here to preorder:\u00a0 "
        },
        {
            "date": "2019-04-30 01:13:45+00:00",
            "tweet_raw": "Me and my gals for @WeAreProject0 https://t.co/JqcQt7lyHp",
            "tweet": "me and my gals for  "
        },
        {
            "date": "2022-01-25 13:25:06+00:00",
            "tweet_raw": "The 30th\u00a0Anniversary release of Keith\u2019s 2nd\u00a0solo album MAIN OFFENDER is out March 18 featuring the previously-unreleased Winos Live In London \u201992 concert! Available digitally and on CD, limited-quantity red vinyl, &amp; a super-deluxe 2LP boxset. https://t.co/0sIYP7xcoR https://t.co/oiRoHBWL5A",
            "tweet": "the 30th\u00a0anniversary release of keith\u2019s 2nd\u00a0solo album main offender is out march 18 featuring the previously-unreleased winos live in london \u201992 concert! available digitally and on cd, limited-quantity red vinyl, &amp; a super-deluxe 2lp boxset.  "
        },
        {
            "date": "2021-07-01 16:23:37+00:00",
            "tweet_raw": "In honor of James Cotton\u2019s birthday! Rehearsals for the HUBERT Sumlin Tribute concert 2012 https://t.co/Rf0k87CPjz",
            "tweet": "in honor of james cotton\u2019s birthday! rehearsals for the hubert sumlin tribute concert 2012 "
        },
        {
            "date": "2019-03-23 14:44:50+00:00",
            "tweet_raw": "Me being interviewed by Steve Jordan for his show on Sirius Radio Volume (106) . What a great time. Will air on Tuesday, March 26th at 8:00pm! Thank you all @SIRIUSXM @jayveerecords https://t.co/1lhOjhO0XG",
            "tweet": "me being interviewed by steve jordan for his show on sirius radio volume (106) . what a great time. will air on tuesday, march 26th at 8:00pm! thank you all   "
        },
        {
            "date": "2019-03-29 13:29:19+00:00",
            "tweet_raw": "'Talk Is Cheap' 30th Anniversary Reissue is out TODAY! Click here to shop vinyl, CD, and box sets, or download/stream now! https://t.co/0OGagm3TkJ https://t.co/Y7jZ3RI4Oy",
            "tweet": "'talk is cheap' 30th anniversary reissue is out today! click here to shop vinyl, cd, and box sets, or download/stream now!  "
        },
        {
            "date": "2019-06-22 19:24:15+00:00",
            "tweet_raw": "Great to be back in Chicago! https://t.co/RUJiQq8rL3",
            "tweet": "great to be back in chicago! "
        },
        {
            "date": "2018-10-09 22:09:42+00:00",
            "tweet_raw": "A limited release..on Nov. 23rd!\n@recordstoreday https://t.co/dHF3eMKfQw",
            "tweet": "a limited release..on nov. 23rd!\n "
        },
        {
            "date": "2018-11-16 17:16:56+00:00",
            "tweet_raw": "One week left to enter to win this autographed test pressing of the 'Run Rudolph Run' @recordstoreday reissue! Enter here: https://t.co/kVfkPhSfpy https://t.co/4JnmOjsRjT",
            "tweet": "one week left to enter to win this autographed test pressing of the 'run rudolph run'  reissue! enter here:  "
        },
        {
            "date": "2019-03-26 17:04:49+00:00",
            "tweet_raw": "Steve Jordan interviewed me for his show airing tonight at 8:00pm EST on #SiriusXM Volume - Channel 106! Tune in! Thank you @siriusxm @jayveerecords https://t.co/DXW0R1eLm3",
            "tweet": "steve jordan interviewed me for his show airing tonight at 8:00pm est on  volume - channel 106! tune in! thank you   "
        },
        {
            "date": "2020-11-14 19:58:35+00:00",
            "tweet_raw": "Tune in to today\u2019s Live at the Hollywood Palladium 1988 Event now on @YouTube! https://t.co/DbGHeoUThx",
            "tweet": "tune in to today\u2019s live at the hollywood palladium 1988 event now on ! "
        },
        {
            "date": "2018-06-16 14:02:54+00:00",
            "tweet_raw": "Warming up to Chuck Berry before hitting the stage! https://t.co/mpbJwqcAQ7",
            "tweet": "warming up to chuck berry before hitting the stage! "
        },
        {
            "date": "2018-11-19 20:02:46+00:00",
            "tweet_raw": "It's great to be playing back in America. Feels like we're coming home. https://t.co/t2FnkLmIyb https://t.co/TNuqi3YtYu",
            "tweet": "it's great to be playing back in america. feels like we're coming home.  "
        },
        {
            "date": "2018-12-10 20:06:17+00:00",
            "tweet_raw": "Listen to #RunRudolphRun on @AppleMusic's \"Jingle Bell Rock\" playlist: https://t.co/dNVeOq2CMe",
            "tweet": "listen to  on 's \"jingle bell rock\" playlist: "
        },
        {
            "date": "2019-04-05 19:03:34+00:00",
            "tweet_raw": "The final portion of my conversation at @YouTube with @StevieVanZandt is live now! @youtubemusic https://t.co/dEgLBCQhG8",
            "tweet": "the final portion of my conversation at  with  is live now!  "
        },
        {
            "date": "2020-04-23 22:01:17+00:00",
            "tweet_raw": "\u2018Living In A Ghost Town\u2019 out everywhere now! Visit https://t.co/JEoUgihpKE https://t.co/gmV91pdTcT",
            "tweet": "\u2018living in a ghost town\u2019 out everywhere now! visit  "
        },
        {
            "date": "2019-02-11 22:09:09+00:00",
            "tweet_raw": "Toronto... here we come on June 29th at Burl\u2019s Creek. Looking forward to coming back! https://t.co/JlQOpTskQP",
            "tweet": "toronto... here we come on june 29th at burl\u2019s creek. looking forward to coming back! "
        },
        {
            "date": "2018-10-15 17:15:12+00:00",
            "tweet_raw": "Bid now through October 24th to support The Resiliency Center of Newtown! https://t.co/fyYFo1NBTv",
            "tweet": "bid now through october 24th to support the resiliency center of newtown! "
        },
        {
            "date": "2018-10-15 17:15:12+00:00",
            "tweet_raw": "Bid now through October 24th to support The Resiliency Center of Newtown! https://t.co/fyYFo1NBTv",
            "tweet": "bid now through october 24th to support the resiliency center of newtown! "
        },
        {
            "date": "2018-07-09 19:21:38+00:00",
            "tweet_raw": "Final Set List! #StonesNoFilter https://t.co/NLCYmphBzP",
            "tweet": "final set list!  "
        },
        {
            "date": "2018-07-08 14:22:52+00:00",
            "tweet_raw": "Next and last stop on the tour! National Stadium https://t.co/tEg9NnTKCg",
            "tweet": "next and last stop on the tour! national stadium "
        },
        {
            "date": "2018-05-31 17:29:02+00:00",
            "tweet_raw": "2 brand new X-Pensive Winos shirts now in Keith's official store! https://t.co/SvcZ8N4I5u https://t.co/Xf9oyWeokB",
            "tweet": "2 brand new x-pensive winos shirts now in keith's official store!  "
        },
        {
            "date": "2019-08-29 12:37:43+00:00",
            "tweet_raw": "Goodbye Arizona and on to Miami! https://t.co/OfcrP3Xugl",
            "tweet": "goodbye arizona and on to miami! "
        },
        {
            "date": "2020-11-30 14:02:31+00:00",
            "tweet_raw": "Run Rudolph Run lyric video now on YouTube! \nhttps://t.co/DU5LkGu00A https://t.co/2ZYkmX9WTi",
            "tweet": "run rudolph run lyric video now on youtube! \n "
        },
        {
            "date": "2018-12-19 15:24:26+00:00",
            "tweet_raw": "The @SIRIUSXM #OffTheCuff interview with my daughter Theodora airs again today on Ch. 28 at 12PM ET! Link to listen: https://t.co/m0kigZFXXd https://t.co/bZUJwKp6mn",
            "tweet": "the   interview with my daughter theodora airs again today on ch. 28 at 12pm et! link to listen:  "
        },
        {
            "date": "2018-10-15 19:12:54+00:00",
            "tweet_raw": "Patti has a book coming out tomorrow, October 16th, and it's a beautiful portrait of a beautiful woman and my wife! @PattiHansen https://t.co/MfAdAQhJBP",
            "tweet": "patti has a book coming out tomorrow, october 16th, and it's a beautiful portrait of a beautiful woman and my wife!  "
        },
        {
            "date": "2019-12-18 16:34:16+00:00",
            "tweet_raw": "Happy Anniversary, Patti.  Love, Keith \u2665\ufe0f https://t.co/MGAaiTxIeF",
            "tweet": "happy anniversary, patti.  love, keith \u2665\ufe0f "
        },
        {
            "date": "2018-07-28 18:05:39+00:00",
            "tweet_raw": "Happy Birthday, Alexandra! Love, Dad\u2665\ufe0f https://t.co/rv3yYEJb8a",
            "tweet": "happy birthday, alexandra! love, dad\u2665\ufe0f "
        },
        {
            "date": "2019-06-22 19:24:15+00:00",
            "tweet_raw": "Great to be back in Chicago! https://t.co/RUJiQq8rL3",
            "tweet": "great to be back in chicago! "
        },
        {
            "date": "2018-08-20 17:12:26+00:00",
            "tweet_raw": "New X-Pensive Winos hat now available in Keith's official store: https://t.co/7o62Iyp8wa https://t.co/jbBRAlXiVm",
            "tweet": "new x-pensive winos hat now available in keith's official store:  "
        },
        {
            "date": "2018-06-05 23:23:04+00:00",
            "tweet_raw": "A great Shepard\u2019s Pie! Thank you, Manchester!!! https://t.co/Saizo3PTxr",
            "tweet": "a great shepard\u2019s pie! thank you, manchester!!! "
        },
        {
            "date": "2020-04-07 02:42:50+00:00",
            "tweet_raw": "Today is Merle Haggard\u2019s Birthday! This is from a concert we did at  the Wiltern Theatre in 2004! It was Merle, Willie Nelson and Jerry Lee Lewis! What a night! https://t.co/rSmcQMn2xH",
            "tweet": "today is merle haggard\u2019s birthday! this is from a concert we did at  the wiltern theatre in 2004! it was merle, willie nelson and jerry lee lewis! what a night! "
        },
        {
            "date": "2021-03-12 19:33:20+00:00",
            "tweet_raw": "\u201cHappy\u201d 1971                              \nNellc\u00f4te, France               \nPhoto by (c) Dominique Tarl\u00e9 https://t.co/XWhEYCPysK",
            "tweet": "\u201chappy\u201d 1971                              \nnellc\u00f4te, france               \nphoto by (c) dominique tarl\u00e9 "
        },
        {
            "date": "2018-12-19 15:24:26+00:00",
            "tweet_raw": "The @SIRIUSXM #OffTheCuff interview with my daughter Theodora airs again today on Ch. 28 at 12PM ET! Link to listen: https://t.co/m0kigZFXXd https://t.co/bZUJwKp6mn",
            "tweet": "the   interview with my daughter theodora airs again today on ch. 28 at 12pm et! link to listen:  "
        },
        {
            "date": "2019-09-24 12:26:42+00:00",
            "tweet_raw": "With great respect for a brilliant photographer! RIP, Peter Lindbergh !\n\nKR Photo \u00a9 Peter Lindbergh https://t.co/dBHjCs3nc3",
            "tweet": "with great respect for a brilliant photographer! rip, peter lindbergh !\n\nkr photo \u00a9 peter lindbergh "
        },
        {
            "date": "2020-04-07 02:42:50+00:00",
            "tweet_raw": "Today is Merle Haggard\u2019s Birthday! This is from a concert we did at  the Wiltern Theatre in 2004! It was Merle, Willie Nelson and Jerry Lee Lewis! What a night! https://t.co/rSmcQMn2xH",
            "tweet": "today is merle haggard\u2019s birthday! this is from a concert we did at  the wiltern theatre in 2004! it was merle, willie nelson and jerry lee lewis! what a night! "
        },
        {
            "date": "2018-06-22 18:51:33+00:00",
            "tweet_raw": "Soundcheck! Looking forward to tonight at this incredible stadium! #StonesNoFilter https://t.co/0cQGHb9LnL",
            "tweet": "soundcheck! looking forward to tonight at this incredible stadium!  "
        },
        {
            "date": "2019-05-24 14:49:13+00:00",
            "tweet_raw": "See you soon!!! https://t.co/f4nalyvYei",
            "tweet": "see you soon!!! "
        },
        {
            "date": "2019-04-01 15:57:37+00:00",
            "tweet_raw": "Watch Part 1 of my chat with Steve Van Zandt at the @YouTube space in NYC: https://t.co/kG8dBRaomg @youtubemusic",
            "tweet": "watch part 1 of my chat with steve van zandt at the  space in nyc:  "
        },
        {
            "date": "2019-03-30 21:16:09+00:00",
            "tweet_raw": "A big disappointment for everyone but things need to be taken care of and we will see you soon. Mick, we are always there for you!",
            "tweet": "a big disappointment for everyone but things need to be taken care of and we will see you soon. mick, we are always there for you!"
        },
        {
            "date": "2021-03-17 14:24:58+00:00",
            "tweet_raw": "Happy Birthday, Patricia. I love you,  Keith \u2764\ufe0f https://t.co/tNyxQQQTxz",
            "tweet": "happy birthday, patricia. i love you,  keith \u2764\ufe0f "
        },
        {
            "date": "2018-03-09 00:07:34+00:00",
            "tweet_raw": "Updated #LoveRocksNYC lineup! https://t.co/2kWxbISMhr",
            "tweet": "updated  lineup! "
        },
        {
            "date": "2021-04-08 14:33:56+00:00",
            "tweet_raw": "Wicked As It Seems (Live) LIMITED EDITION 7\u201d Red Vinyl in record stores starting June 12 as part of RSD Drops! Visit https://t.co/EeGf4btDuF for more information. #RSDDrops #RSD21 https://t.co/uVm0TcnBmK",
            "tweet": "wicked as it seems (live) limited edition 7\u201d red vinyl in record stores starting june 12 as part of rsd drops! visit  for more information.   "
        },
        {
            "date": "2022-02-15 15:52:05+00:00",
            "tweet_raw": "I will be joining\u00a0#LoveRocksNYC alongside\u00a0Steve Jordan, Waddy Wachtel and Ivan Neville\u00a0benefitting\u00a0@godslovenyc on 03.10.22 at the\u00a0@BeaconTheatre! Join us to support this beloved and iconic NYC non-profit that nourishes NYers living with severe illness:\u00a0https://t.co/QzOMKyf45w https://t.co/H3dD3JcLLq",
            "tweet": "i will be joining\u00a0 alongside\u00a0steve jordan, waddy wachtel and ivan neville\u00a0benefitting\u00a0 on 03.10.22 at the\u00a0! join us to support this beloved and iconic nyc non-profit that nourishes nyers living with severe illness:\u00a0 "
        },
        {
            "date": "2019-10-18 15:54:15+00:00",
            "tweet_raw": "Happy Birthday, Chuck Berry\n\nA clip from Hail Hail Rock \u2018n\u2019Roll (rehearsals) 1987 with #JohnnyJohnson, #SteveJordan #JoeySpampinato.  #hailhailrocknroll #fbf https://t.co/ahrcjs8LsL",
            "tweet": "happy birthday, chuck berry\n\na clip from hail hail rock \u2018n\u2019roll (rehearsals) 1987 with ,  .    "
        },
        {
            "date": "2020-12-07 22:03:55+00:00",
            "tweet_raw": "Happy Birthday, Tom! One love, Keith\n#tomwaits https://t.co/AH1KWwgORO",
            "tweet": "happy birthday, tom! one love, keith\n "
        },
        {
            "date": "2018-07-08 18:22:54+00:00",
            "tweet_raw": "Off to the last show! https://t.co/LjHxEomGwV",
            "tweet": "off to the last show! "
        },
        {
            "date": "2018-06-13 13:11:29+00:00",
            "tweet_raw": "Anita, you will always be in my heart! https://t.co/pvEa2Em6rL",
            "tweet": "anita, you will always be in my heart! "
        },
        {
            "date": "2018-09-21 21:37:04+00:00",
            "tweet_raw": "Working on some new music... https://t.co/pospq0oHoQ",
            "tweet": "working on some new music... "
        },
        {
            "date": "2020-04-24 14:59:08+00:00",
            "tweet_raw": "Recording \u2018Ghost Town\u2019, in Los Angeles 2019! https://t.co/APQejk1odf",
            "tweet": "recording \u2018ghost town\u2019, in los angeles 2019! "
        },
        {
            "date": "2020-03-18 17:05:52+00:00",
            "tweet_raw": "See you as soon as we can!  Keith https://t.co/D4FXCZl6SU",
            "tweet": "see you as soon as we can!  keith "
        },
        {
            "date": "2018-10-19 21:00:03+00:00",
            "tweet_raw": "Hail, Hail, Rock \u2019n Roll! 32 years ago we celebrated Chuck\u2019s 60th birthday at the @FoxTheatreSTL in St. Louis with Etta James, Eric Clapton, Robert Cray and many others.\nHappy Birthday, Chuck. https://t.co/5xOtJpz9cI",
            "tweet": "hail, hail, rock \u2019n roll! 32 years ago we celebrated chuck\u2019s 60th birthday at the  in st. louis with etta james, eric clapton, robert cray and many others.\nhappy birthday, chuck. "
        },
        {
            "date": "2019-06-30 19:37:55+00:00",
            "tweet_raw": "Burl\u2019s Creek!\nGreat night\ud83d\udca5 https://t.co/4zBuS74jEV",
            "tweet": "burl\u2019s creek!\ngreat night\ud83d\udca5 "
        },
        {
            "date": "2018-10-25 00:54:12+00:00",
            "tweet_raw": "Popped into town to support Donna Karan and her Urban Zen Foundation supporting hospitals and communities. She is an amazing woman! https://t.co/uN89pnmDMN",
            "tweet": "popped into town to support donna karan and her urban zen foundation supporting hospitals and communities. she is an amazing woman! "
        },
        {
            "date": "2019-07-20 23:38:23+00:00",
            "tweet_raw": "Great night in Jacksonville! \ud83d\udcf7J.Bouquet https://t.co/Xk7CrCcnF8",
            "tweet": "great night in jacksonville! \ud83d\udcf7j.bouquet "
        },
        {
            "date": "2022-03-18 14:39:50+00:00",
            "tweet_raw": "Listen to the Keith Richards mode on @pandoramusic Classic Rock! https://t.co/QaedQj0QY8 https://t.co/QcB1A0dgK8",
            "tweet": "listen to the keith richards mode on  classic rock!  "
        },
        {
            "date": "2021-07-15 23:17:39+00:00",
            "tweet_raw": "Have a great weekend! A Bigger Bang Tour on Copacabana Beach! DVD of a concert to remember! https://t.co/ByZSsja3Xn https://t.co/5drjQWeHBz",
            "tweet": "have a great weekend! a bigger bang tour on copacabana beach! dvd of a concert to remember!  "
        },
        {
            "date": "2019-08-08 21:51:30+00:00",
            "tweet_raw": "Thank you NY/NJ!\nNext stop Denver! #StonesNoFilter https://t.co/YLdAO9TkEs",
            "tweet": "thank you ny/nj!\nnext stop denver!  "
        },
        {
            "date": "2018-08-31 14:53:13+00:00",
            "tweet_raw": "\u201cWe\u2019ll come to Detroit but you\u2019ve got to play piano\u201d. RIP, Aretha\nDetroit, July 1986 United Sounds Studio https://t.co/gBZ6BK1SY1",
            "tweet": "\u201cwe\u2019ll come to detroit but you\u2019ve got to play piano\u201d. rip, aretha\ndetroit, july 1986 united sounds studio "
        },
        {
            "date": "2019-12-21 13:25:31+00:00",
            "tweet_raw": "@absoluteradio @RollingStones @thesturge Happy",
            "tweet": "   happy"
        },
        {
            "date": "2019-03-29 13:29:19+00:00",
            "tweet_raw": "'Talk Is Cheap' 30th Anniversary Reissue is out TODAY! Click here to shop vinyl, CD, and box sets, or download/stream now! https://t.co/0OGagm3TkJ https://t.co/Y7jZ3RI4Oy",
            "tweet": "'talk is cheap' 30th anniversary reissue is out today! click here to shop vinyl, cd, and box sets, or download/stream now!  "
        },
        {
            "date": "2019-07-28 14:55:45+00:00",
            "tweet_raw": "Happy Birthday, Alexandra\nLove, Dad\u2665\ufe0f Photo by:Ken Regan/CameraFive https://t.co/0pl8FnNvCz",
            "tweet": "happy birthday, alexandra\nlove, dad\u2665\ufe0f photo by:ken regan/camerafive "
        },
        {
            "date": "2019-04-19 13:06:01+00:00",
            "tweet_raw": "A clip from \u201cHarlem Shuffle\u201d video. Originally from \u201cDirty Work\u201d and included on HONK!, the @RollingStones new \u201cbest of\u201d CD and vinyl. Out today! https://t.co/Z0rCR5RZXj https://t.co/YhA0QoiHwb",
            "tweet": "a clip from \u201charlem shuffle\u201d video. originally from \u201cdirty work\u201d and included on honk!, the  new \u201cbest of\u201d cd and vinyl. out today!  "
        },
        {
            "date": "2018-12-10 20:06:17+00:00",
            "tweet_raw": "Listen to #RunRudolphRun on @AppleMusic's \"Jingle Bell Rock\" playlist: https://t.co/dNVeOq2CMe",
            "tweet": "listen to  on 's \"jingle bell rock\" playlist: "
        },
        {
            "date": "2018-02-25 22:11:41+00:00",
            "tweet_raw": "Theodora Richards with Mick Rock on  @SiriusXM Spectrum (Channel 28) Tonight at 8:00pm ET. https://t.co/zk0IYhT4QH",
            "tweet": "theodora richards with mick rock on   spectrum (channel 28) tonight at 8:00pm et. "
        },
        {
            "date": "2018-10-25 00:54:12+00:00",
            "tweet_raw": "Popped into town to support Donna Karan and her Urban Zen Foundation supporting hospitals and communities. She is an amazing woman! https://t.co/uN89pnmDMN",
            "tweet": "popped into town to support donna karan and her urban zen foundation supporting hospitals and communities. she is an amazing woman! "
        },
        {
            "date": "2019-09-07 16:14:43+00:00",
            "tweet_raw": "Happy Birthday, Sonny Rollins! https://t.co/HvONTgDkkz",
            "tweet": "happy birthday, sonny rollins! "
        },
        {
            "date": "2018-02-25 22:11:41+00:00",
            "tweet_raw": "Theodora Richards with Mick Rock on  @SiriusXM Spectrum (Channel 28) Tonight at 8:00pm ET. https://t.co/zk0IYhT4QH",
            "tweet": "theodora richards with mick rock on   spectrum (channel 28) tonight at 8:00pm et. "
        },
        {
            "date": "2018-10-19 21:00:03+00:00",
            "tweet_raw": "Hail, Hail, Rock \u2019n Roll! 32 years ago we celebrated Chuck\u2019s 60th birthday at the @FoxTheatreSTL in St. Louis with Etta James, Eric Clapton, Robert Cray and many others.\nHappy Birthday, Chuck. https://t.co/5xOtJpz9cI",
            "tweet": "hail, hail, rock \u2019n roll! 32 years ago we celebrated chuck\u2019s 60th birthday at the  in st. louis with etta james, eric clapton, robert cray and many others.\nhappy birthday, chuck. "
        },
        {
            "date": "2019-02-15 16:53:25+00:00",
            "tweet_raw": "Listen to #MyBabe now on the Keith Richards Essentials playlist on @AppleMusic! https://t.co/b4OsieNm3g",
            "tweet": "listen to  now on the keith richards essentials playlist on ! "
        }
    ],
    "len": 100
}