{
    "account": "@OzzyOsbourne",
    "type": "Rock",
    "tweets": [
        {
            "date": "2021-09-22 15:34:13+00:00",
            "tweet_raw": "\ud83d\udc48\ud83c\udffd\ud83d\ude37\n\ud83d\udcf8: @RossHalfin https://t.co/fxo9fF81W5",
            "tweet": "\ud83d\udc48\ud83c\udffd\ud83d\ude37\n\ud83d\udcf8:  "
        },
        {
            "date": "2021-11-27 23:15:07+00:00",
            "tweet_raw": "Happy #Birthday to #MikeBordin #FaithNoMore https://t.co/E5F1HTU38C",
            "tweet": "happy  to   "
        },
        {
            "date": "2021-10-06 14:58:45+00:00",
            "tweet_raw": "with Randy Rhoads https://t.co/aJWEX9JFJQ",
            "tweet": "with randy rhoads "
        },
        {
            "date": "2022-03-09 16:16:43+00:00",
            "tweet_raw": "No More Tears\nhttps://t.co/I0xIQluoh5 https://t.co/lXg4u03HXC",
            "tweet": "no more tears\n "
        },
        {
            "date": "2021-12-20 16:06:04+00:00",
            "tweet_raw": "Getting close now\u2026\nHappy #Holidays https://t.co/a4cHYTKRiv",
            "tweet": "getting close now\u2026\nhappy  "
        },
        {
            "date": "2021-09-10 14:18:36+00:00",
            "tweet_raw": "Just added to @YouTube\nhttps://t.co/jmGZa022XF",
            "tweet": "just added to \n"
        },
        {
            "date": "2021-10-04 15:21:55+00:00",
            "tweet_raw": "Straight to Hell \nhttps://t.co/bI1oqH43Sn",
            "tweet": "straight to hell \n"
        },
        {
            "date": "2021-10-29 18:27:28+00:00",
            "tweet_raw": "Launching at Noon PT!\nhttps://t.co/ArA22PjLOd https://t.co/2rtcstt7Fx",
            "tweet": "launching at noon pt!\n "
        },
        {
            "date": "2022-03-28 17:15:15+00:00",
            "tweet_raw": "Refugees in Ukraine and around the world need our help now. Join us and @GlblCtzn as we #StandUpforUkraine and stand up for those displaced globally \u2013 because everyone deserves safe and humane living conditions: https://t.co/mjyvexWwzr https://t.co/n1Sh0LNUyP",
            "tweet": "refugees in ukraine and around the world need our help now. join us and  as we  and stand up for those displaced globally \u2013 because everyone deserves safe and humane living conditions:  "
        },
        {
            "date": "2021-11-01 15:13:18+00:00",
            "tweet_raw": "\u201cFlying High Again\u201d\nLive Philadelphia 1989 \nhttps://t.co/pL5BD8FtaP",
            "tweet": "\u201cflying high again\u201d\nlive philadelphia 1989 \n"
        },
        {
            "date": "2021-10-29 15:05:42+00:00",
            "tweet_raw": "\u201cHELLRAISER\u201d video is live!\nhttps://t.co/rNCY1eCix8",
            "tweet": "\u201chellraiser\u201d video is live!\n"
        },
        {
            "date": "2021-10-14 14:55:17+00:00",
            "tweet_raw": "#Halloween is Coming! #tbt at #HollywoodHorrorNights 2013 https://t.co/khLYbm9JZn",
            "tweet": " is coming!  at  2013 "
        },
        {
            "date": "2021-12-14 15:45:17+00:00",
            "tweet_raw": "No Rest for the #Holidays\n#ozzy #holiday #holidayseason https://t.co/G98YVEdi3F",
            "tweet": "no rest for the \n   "
        },
        {
            "date": "2021-12-19 16:28:33+00:00",
            "tweet_raw": "All new #OzzySpeaks episode on @OzzysBoneyard Noon ET / 9am PT! @BillyMorrison and I discuss our love/hate relationship with the #holidays, and play #Christmas songs from #RobHalford, @ACDC, @CoreyTaylorRock, #Lemmy and more. https://t.co/qitARQw5qN",
            "tweet": "all new  episode on  noon et / 9am pt!  and i discuss our love/hate relationship with the , and play  songs from , , ,  and more. "
        },
        {
            "date": "2021-12-29 15:45:22+00:00",
            "tweet_raw": "at @TheOzzFest at @TheForum Dec 31, 2018\n\ud83d\udcf8: @RossHalfin https://t.co/YXRAdILSrZ",
            "tweet": "at  at  dec 31, 2018\n\ud83d\udcf8:  "
        },
        {
            "date": "2021-09-28 15:24:35+00:00",
            "tweet_raw": "Released: Sept 28, 1988\nhttps://t.co/q1JiU9wojg",
            "tweet": "released: sept 28, 1988\n"
        },
        {
            "date": "2021-10-13 15:23:31+00:00",
            "tweet_raw": "October 13, 1980\nwith #Budgie in Worcestershire\ud83c\uddec\ud83c\udde7 https://t.co/xjUgqHokoo",
            "tweet": "october 13, 1980\nwith  in worcestershire\ud83c\uddec\ud83c\udde7 "
        },
        {
            "date": "2021-11-04 16:20:39+00:00",
            "tweet_raw": "November 4, 2017\nat @TheOzzFest with @ZakkWyldeBLS https://t.co/JEMjVDJbVm",
            "tweet": "november 4, 2017\nat  with  "
        },
        {
            "date": "2022-05-01 15:26:11+00:00",
            "tweet_raw": "with @ZakkWyldeBLS https://t.co/Aclb5jZ65l",
            "tweet": "with  "
        },
        {
            "date": "2022-02-19 16:16:55+00:00",
            "tweet_raw": "Happy Birthday Tony! https://t.co/0qwCz0Ff9O",
            "tweet": "happy birthday tony! "
        },
        {
            "date": "2021-11-13 15:28:41+00:00",
            "tweet_raw": "\ud83d\udcf8: @MarkWeissguy https://t.co/VpidslVcVw",
            "tweet": "\ud83d\udcf8:  "
        },
        {
            "date": "2021-09-19 15:07:30+00:00",
            "tweet_raw": "30 Years of No More Tears. Listen on @Spotify now! \nhttps://t.co/vZ0ThQuUsC https://t.co/uvQqfuHrJI",
            "tweet": "30 years of no more tears. listen on  now! \n "
        },
        {
            "date": "2021-10-16 16:14:36+00:00",
            "tweet_raw": "Released: October 16, 2001\nhttps://t.co/hSREGh8OFZ",
            "tweet": "released: october 16, 2001\n"
        },
        {
            "date": "2022-02-10 15:54:17+00:00",
            "tweet_raw": "February 10, 1992\nColumbus, Ohio \nwith @Prongmusic https://t.co/d1D3xQ0Jot",
            "tweet": "february 10, 1992\ncolumbus, ohio \nwith  "
        },
        {
            "date": "2022-01-04 16:07:40+00:00",
            "tweet_raw": "January 4, 1982\nSan Diego Sports Arena \n*Eating Before Concert Not Recommended https://t.co/Dv9UjPjwEx",
            "tweet": "january 4, 1982\nsan diego sports arena \n*eating before concert not recommended "
        },
        {
            "date": "2022-02-27 15:47:56+00:00",
            "tweet_raw": "February 27, 1989 at Shinjuku Koseinenkin Hall in Tokyo, Japan on the \u2018No Rest For The Wicked\u2032 album tour https://t.co/uUq9RVZ07n",
            "tweet": "february 27, 1989 at shinjuku koseinenkin hall in tokyo, japan on the \u2018no rest for the wicked\u2032 album tour "
        },
        {
            "date": "2021-10-13 15:23:31+00:00",
            "tweet_raw": "October 13, 1980\nwith #Budgie in Worcestershire\ud83c\uddec\ud83c\udde7 https://t.co/xjUgqHokoo",
            "tweet": "october 13, 1980\nwith  in worcestershire\ud83c\uddec\ud83c\udde7 "
        },
        {
            "date": "2021-12-08 20:39:18+00:00",
            "tweet_raw": "Back in stock at @DogtownSkate https://t.co/gfB1nIDmgj https://t.co/KD9SZOcuBl",
            "tweet": "back in stock at   "
        },
        {
            "date": "2021-09-13 16:48:53+00:00",
            "tweet_raw": "Listen on @Spotify at https://t.co/jenTGGSxC8",
            "tweet": "listen on  at "
        },
        {
            "date": "2021-12-16 16:38:10+00:00",
            "tweet_raw": "December 16, 2017 \nat @TheRoxy in West Hollywood, CA with @BillyMorrison and @RoyalMachines14 \n#tbt #ThrowbackThursday https://t.co/Qos1HX4Mv5",
            "tweet": "december 16, 2017 \nat  in west hollywood, ca with  and  \n  "
        },
        {
            "date": "2022-01-15 16:03:14+00:00",
            "tweet_raw": "January 15, 1982\nClipped from @StarTribune\nMinneapolis, Minnesota https://t.co/RP0x9C3eyD",
            "tweet": "january 15, 1982\nclipped from \nminneapolis, minnesota "
        },
        {
            "date": "2021-10-07 15:19:52+00:00",
            "tweet_raw": "#Halloween is coming #tbt https://t.co/0O09TAsmE1",
            "tweet": " is coming  "
        },
        {
            "date": "2021-09-23 16:35:54+00:00",
            "tweet_raw": ".@RoundhouseLDN 2010 #tbt\n\ud83d\udcf8: @RossHalfin https://t.co/SCkDnOvonj",
            "tweet": ". 2010 \n\ud83d\udcf8:  "
        },
        {
            "date": "2022-03-16 14:55:50+00:00",
            "tweet_raw": "What? https://t.co/sfqesr06Pd",
            "tweet": "what? "
        },
        {
            "date": "2021-09-14 15:36:03+00:00",
            "tweet_raw": "\ud83d\udcf8: @RossHalfin https://t.co/2cHixsaqT4",
            "tweet": "\ud83d\udcf8:  "
        },
        {
            "date": "2021-09-16 15:48:15+00:00",
            "tweet_raw": ". @SiriusXM present the NO MORE TEARS weekend! Hear songs, insight and more from #Ozzy &amp; @ZakkWyldeBLS every hour Fri-Mon. Starts Sep 17, 2021 at 8.00am on @OzzysBoneyard, Ch. 38\nhttps://t.co/w1VT7AoAk3 https://t.co/OGaKwseqyG",
            "tweet": ".  present the no more tears weekend! hear songs, insight and more from  &amp;  every hour fri-mon. starts sep 17, 2021 at 8.00am on , ch. 38\n "
        },
        {
            "date": "2022-02-20 15:25:57+00:00",
            "tweet_raw": "The song \u201cIt\u2019s a Raid\u201d was released 2 years ago today, Feb 20, 2020\nhttps://t.co/vvTYQHiBEc",
            "tweet": "the song \u201cit\u2019s a raid\u201d was released 2 years ago today, feb 20, 2020\n"
        },
        {
            "date": "2021-09-19 15:07:30+00:00",
            "tweet_raw": "30 Years of No More Tears. Listen on @Spotify now! \nhttps://t.co/vZ0ThQuUsC https://t.co/uvQqfuHrJI",
            "tweet": "30 years of no more tears. listen on  now! \n "
        },
        {
            "date": "2021-12-23 16:27:56+00:00",
            "tweet_raw": "December 23, 1992\nCover of RAW Magazine https://t.co/6CFIG1ia4C",
            "tweet": "december 23, 1992\ncover of raw magazine "
        },
        {
            "date": "2021-12-11 16:04:12+00:00",
            "tweet_raw": "Saturday Mode  \n#weekend #nap https://t.co/qsO6764KBf",
            "tweet": "saturday mode  \n  "
        },
        {
            "date": "2021-12-22 15:48:20+00:00",
            "tweet_raw": "December 22, 1999 \nat @NECBirmingham https://t.co/ybL9kJ00ge",
            "tweet": "december 22, 1999 \nat  "
        },
        {
            "date": "2021-10-01 14:22:21+00:00",
            "tweet_raw": ". @dbmagazine Oct 2018 #fbf https://t.co/5K7O222otO",
            "tweet": ".  oct 2018  "
        },
        {
            "date": "2021-10-28 15:13:57+00:00",
            "tweet_raw": "Premiering Tomorrow 8am PT\nhttps://t.co/rNCY1eCix8 https://t.co/62P5TUQyf4",
            "tweet": "premiering tomorrow 8am pt\n "
        },
        {
            "date": "2021-12-02 15:18:00+00:00",
            "tweet_raw": "All new \u2018Ozzy Speaks\u2019 debuts today at 9am PT / Noon ET on @OzzysBoneyard! @BillyMorrison and I discuss my 73rd birthday and play songs from @ZZTop, @Pantera, @JudasPriest, @ZakkWyldeBLS and more. \nReminder: @SiriusXM\u2019s Listen Free Event is on now! https://t.co/OpTMph1Ly1 https://t.co/AR7wj98ioe",
            "tweet": "all new \u2018ozzy speaks\u2019 debuts today at 9am pt / noon et on !  and i discuss my 73rd birthday and play songs from , , ,  and more. \nreminder: \u2019s listen free event is on now!  "
        },
        {
            "date": "2021-10-02 15:33:04+00:00",
            "tweet_raw": "OZZY LIVE E.P.\nReleased: Oct 2, 1980 https://t.co/WrTgx9it74",
            "tweet": "ozzy live e.p.\nreleased: oct 2, 1980 "
        },
        {
            "date": "2021-11-20 15:55:49+00:00",
            "tweet_raw": "Hellraiser 10\u201d LP out Dec 3rd\nhttps://t.co/PdzFUi6vnF https://t.co/OYRsid9kvJ",
            "tweet": "hellraiser 10\u201d lp out dec 3rd\n "
        },
        {
            "date": "2022-04-01 17:57:30+00:00",
            "tweet_raw": "For the 72 Hours Only get up to 60% Off at https://t.co/k7wc7HZeCA https://t.co/3RKvBoIudv",
            "tweet": "for the 72 hours only get up to 60% off at  "
        },
        {
            "date": "2021-11-05 14:01:30+00:00",
            "tweet_raw": "1 HOUR until the all new \u201cFlying High Again\u201d video premieres on @YouTube &amp; @Facebook at the same time\nhttps://t.co/OBAjtJiTgE",
            "tweet": "1 hour until the all new \u201cflying high again\u201d video premieres on  &amp;  at the same time\n"
        },
        {
            "date": "2021-12-19 16:28:33+00:00",
            "tweet_raw": "All new #OzzySpeaks episode on @OzzysBoneyard Noon ET / 9am PT! @BillyMorrison and I discuss our love/hate relationship with the #holidays, and play #Christmas songs from #RobHalford, @ACDC, @CoreyTaylorRock, #Lemmy and more. https://t.co/qitARQw5qN",
            "tweet": "all new  episode on  noon et / 9am pt!  and i discuss our love/hate relationship with the , and play  songs from , , ,  and more. "
        },
        {
            "date": "2021-10-25 15:04:02+00:00",
            "tweet_raw": "#Halloween Week Is Here!\n\ud83d\udcf8: @MarkWeissguy https://t.co/bDkXKmFceY",
            "tweet": " week is here!\n\ud83d\udcf8:  "
        },
        {
            "date": "2021-09-27 15:47:29+00:00",
            "tweet_raw": "\ud83d\udcf8: @RossHalfin https://t.co/T63WwQYT5s",
            "tweet": "\ud83d\udcf8:  "
        },
        {
            "date": "2022-02-12 17:16:41+00:00",
            "tweet_raw": "February 12, 1986\nUltimate Sin Tour https://t.co/AkaYnv4Wqj",
            "tweet": "february 12, 1986\nultimate sin tour "
        },
        {
            "date": "2021-09-20 15:13:59+00:00",
            "tweet_raw": "No More Tears 30th Anniversary Merch!\nhttps://t.co/Oi6zIB7vgS https://t.co/XcjcBxzG9C",
            "tweet": "no more tears 30th anniversary merch!\n "
        },
        {
            "date": "2021-10-27 15:47:19+00:00",
            "tweet_raw": "OZZY X DOGTOWN collaboration features skateboard decks and clothing with art by @SeanCliver on 200 limited-edition custom paint skateboard decks.\nAll items are available this Fri Oct 29 at Noon (PT) https://t.co/jJDdLIpVCW and https://t.co/bWzyvSNWNO https://t.co/nCcR6ROxdb",
            "tweet": "ozzy x dogtown collaboration features skateboard decks and clothing with art by  on 200 limited-edition custom paint skateboard decks.\nall items are available this fri oct 29 at noon (pt)  and  "
        },
        {
            "date": "2021-10-21 15:46:29+00:00",
            "tweet_raw": ". @StateBicycleCo X #Ozzy Drop! https://t.co/L6pjmoDsJU https://t.co/XLmCuAQ08u",
            "tweet": ".  x  drop!  "
        },
        {
            "date": "2021-09-14 23:02:26+00:00",
            "tweet_raw": "Happy Birthday to my grandson Elijah",
            "tweet": "happy birthday to my grandson elijah"
        },
        {
            "date": "2021-10-20 16:48:49+00:00",
            "tweet_raw": "Tomorrow @StateBicycleCo X Ozzy\ud83e\udd87 Halloween 2021 \ud83c\udf83 Collect Drops. #statebicycleco #exploreyourstate #bicycle https://t.co/JqyZhAnx7H",
            "tweet": "tomorrow  x ozzy\ud83e\udd87 halloween 2021 \ud83c\udf83 collect drops.    "
        },
        {
            "date": "2021-11-19 14:52:15+00:00",
            "tweet_raw": ". @TheRealMickRock was a true rock star. Heart breaking we have lost him, but he leaves us his incredible work . God bless you Mick. Rest In Peace\n\ud83d\udcf8: @TheRealMickRock https://t.co/OfCaIhar4h",
            "tweet": ".  was a true rock star. heart breaking we have lost him, but he leaves us his incredible work . god bless you mick. rest in peace\n\ud83d\udcf8:  "
        },
        {
            "date": "2022-04-26 14:41:56+00:00",
            "tweet_raw": "April 26, 1981\nStabler Arena, Bethlehem PA\nwith @myMotorhead https://t.co/rAwwtJ4u4d",
            "tweet": "april 26, 1981\nstabler arena, bethlehem pa\nwith  "
        },
        {
            "date": "2021-09-20 15:26:03+00:00",
            "tweet_raw": "Released in the U.K.:\nSeptember 20, 1980\nhttps://t.co/wfrPc04N1m",
            "tweet": "released in the u.k.:\nseptember 20, 1980\n"
        },
        {
            "date": "2021-10-11 15:17:35+00:00",
            "tweet_raw": "The 9 Lives of #OzzyOsbourne\nhttps://t.co/Cl4gnDVtXA",
            "tweet": "the 9 lives of \n"
        },
        {
            "date": "2021-09-07 15:07:33+00:00",
            "tweet_raw": "\ud83d\udcf8: @RossHalfin https://t.co/VBrIFCmpZX",
            "tweet": "\ud83d\udcf8:  "
        },
        {
            "date": "2021-10-20 16:48:49+00:00",
            "tweet_raw": "Tomorrow @StateBicycleCo X Ozzy\ud83e\udd87 Halloween 2021 \ud83c\udf83 Collect Drops. #statebicycleco #exploreyourstate #bicycle https://t.co/JqyZhAnx7H",
            "tweet": "tomorrow  x ozzy\ud83e\udd87 halloween 2021 \ud83c\udf83 collect drops.    "
        },
        {
            "date": "2021-09-14 23:02:26+00:00",
            "tweet_raw": "Happy Birthday to my grandson Elijah",
            "tweet": "happy birthday to my grandson elijah"
        },
        {
            "date": "2021-12-27 18:09:28+00:00",
            "tweet_raw": "I\u2019m launching a fucking NFT project. 9,666 unique bats designed by yours truly...\u00a0\ngo and follow @CryptoBatzNFT and read all about it below\u00a0\ud83e\udd87\u00a0\nhttps://t.co/kJMAwLQqJE",
            "tweet": "i\u2019m launching a fucking nft project. 9,666 unique bats designed by yours truly...\u00a0\ngo and follow  and read all about it below\u00a0\ud83e\udd87\u00a0\n"
        },
        {
            "date": "2021-12-28 18:14:32+00:00",
            "tweet_raw": "December 28, 1988\nwith @Anthrax at San Diego Sports Arena https://t.co/Xx6DK2Wf6M",
            "tweet": "december 28, 1988\nwith  at san diego sports arena "
        },
        {
            "date": "2021-10-16 16:14:36+00:00",
            "tweet_raw": "Released: October 16, 2001\nhttps://t.co/hSREGh8OFZ",
            "tweet": "released: october 16, 2001\n"
        },
        {
            "date": "2021-11-06 15:15:33+00:00",
            "tweet_raw": "Diary of a Madman 40th Anniversary Digital Expanded Edition available now on your favorite streaming platforms\nhttps://t.co/M367HuR8hD https://t.co/WDeHz9IftF",
            "tweet": "diary of a madman 40th anniversary digital expanded edition available now on your favorite streaming platforms\n "
        },
        {
            "date": "2021-10-23 15:41:27+00:00",
            "tweet_raw": "Released: Oct 23, 1995\nhttps://t.co/y3lDYrzEwx",
            "tweet": "released: oct 23, 1995\n"
        },
        {
            "date": "2021-10-19 15:57:32+00:00",
            "tweet_raw": "October 19, 2011\nSigning for the \u201cTrust Me, I\u2019m Dr. Ozzy\u201d book in Tucson, AZ\nhttps://t.co/lwTFCvzBIl https://t.co/vI5YUsONw4",
            "tweet": "october 19, 2011\nsigning for the \u201ctrust me, i\u2019m dr. ozzy\u201d book in tucson, az\n "
        },
        {
            "date": "2021-10-23 15:41:27+00:00",
            "tweet_raw": "Released: Oct 23, 1995\nhttps://t.co/y3lDYrzEwx",
            "tweet": "released: oct 23, 1995\n"
        },
        {
            "date": "2021-12-04 15:39:26+00:00",
            "tweet_raw": "Who picked up the No More Tears picture disc on @RecordStoreDay/#BlackFriday? You can still grab one from @AmoebaMusic at https://t.co/k4OSOLPsvL https://t.co/XPK4a6FQPj",
            "tweet": "who picked up the no more tears picture disc on /? you can still grab one from  at  "
        },
        {
            "date": "2021-12-21 17:31:07+00:00",
            "tweet_raw": "Released: Dec 21, 1986 \nUltimate Live Ozzy\n#ozzy #vinyl #live https://t.co/kjPzITNvyd",
            "tweet": "released: dec 21, 1986 \nultimate live ozzy\n   "
        },
        {
            "date": "2021-11-12 15:27:28+00:00",
            "tweet_raw": "Exclusive blue swirl DIARY OF A MADMAN vinyl will be available Nov 12 via @Walmart (in the U.S. only) as part of their annual #BlackFriday #Vinyl \n#Diary #Madman #Ozzy #LP https://t.co/wNai6wR7aJ",
            "tweet": "exclusive blue swirl diary of a madman vinyl will be available nov 12 via  (in the u.s. only) as part of their annual   \n    "
        },
        {
            "date": "2021-12-16 16:38:10+00:00",
            "tweet_raw": "December 16, 2017 \nat @TheRoxy in West Hollywood, CA with @BillyMorrison and @RoyalMachines14 \n#tbt #ThrowbackThursday https://t.co/Qos1HX4Mv5",
            "tweet": "december 16, 2017 \nat  in west hollywood, ca with  and  \n  "
        },
        {
            "date": "2021-11-25 16:21:50+00:00",
            "tweet_raw": "November 25, 2013\nTaking a walk around #Norway, passing @NobelPeaceOslo https://t.co/WN8dbJrdOG",
            "tweet": "november 25, 2013\ntaking a walk around , passing  "
        },
        {
            "date": "2021-10-20 16:48:49+00:00",
            "tweet_raw": "Tomorrow @StateBicycleCo X Ozzy\ud83e\udd87 Halloween 2021 \ud83c\udf83 Collect Drops. #statebicycleco #exploreyourstate #bicycle https://t.co/JqyZhAnx7H",
            "tweet": "tomorrow  x ozzy\ud83e\udd87 halloween 2021 \ud83c\udf83 collect drops.    "
        },
        {
            "date": "2021-10-28 14:33:28+00:00",
            "tweet_raw": "\u2018Diary Of A Madman\u2019s\u2019 40th Anniversary Expanded Digital Edition Due Out November 5th! https://t.co/nkQZNuNvca",
            "tweet": "\u2018diary of a madman\u2019s\u2019 40th anniversary expanded digital edition due out november 5th! "
        },
        {
            "date": "2021-11-09 15:30:02+00:00",
            "tweet_raw": "Ozzy worked with @Soundwaves_Art\u00a0to create stunning pieces based on the sound waves of #CrazyTrain\u00a0and #MamaImComingHome. Ozzy signed ten pieces to raise money for @SweetRelief, to help musicians and crew members recovering from the pandemic. https://t.co/grZTU5DMhU https://t.co/wZefsmxGN2",
            "tweet": "ozzy worked with \u00a0to create stunning pieces based on the sound waves of \u00a0and . ozzy signed ten pieces to raise money for , to help musicians and crew members recovering from the pandemic.  "
        },
        {
            "date": "2021-12-30 17:48:04+00:00",
            "tweet_raw": "Happy Birthday Tommy Clufetos https://t.co/J8gdnjZZun",
            "tweet": "happy birthday tommy clufetos "
        },
        {
            "date": "2021-10-29 14:19:46+00:00",
            "tweet_raw": "40 Minutes to Go!\nLive chat happening now \nhttps://t.co/rNCY1eCix8",
            "tweet": "40 minutes to go!\nlive chat happening now \n"
        },
        {
            "date": "2021-11-23 15:48:31+00:00",
            "tweet_raw": "at @TheOzzFest Japan Nov. 2015 with @TMorello &amp; Tommy Clufetos https://t.co/STqfqW1Xaf",
            "tweet": "at  japan nov. 2015 with  &amp; tommy clufetos "
        },
        {
            "date": "2022-01-27 16:07:01+00:00",
            "tweet_raw": "January 27, 1984\nRochester, New York \nBark at the Moon Tour\n#tbt #ThrowbackThursday https://t.co/6Sp5xqq0gH",
            "tweet": "january 27, 1984\nrochester, new york \nbark at the moon tour\n  "
        },
        {
            "date": "2022-03-10 21:31:58+00:00",
            "tweet_raw": "March 10, 2020 the official music video for \u201cOrdinary Man\u201d was released \nhttps://t.co/yjozqNyQqE",
            "tweet": "march 10, 2020 the official music video for \u201cordinary man\u201d was released \n"
        },
        {
            "date": "2021-09-14 15:36:03+00:00",
            "tweet_raw": "\ud83d\udcf8: @RossHalfin https://t.co/2cHixsaqT4",
            "tweet": "\ud83d\udcf8:  "
        },
        {
            "date": "2021-12-16 16:38:10+00:00",
            "tweet_raw": "December 16, 2017 \nat @TheRoxy in West Hollywood, CA with @BillyMorrison and @RoyalMachines14 \n#tbt #ThrowbackThursday https://t.co/Qos1HX4Mv5",
            "tweet": "december 16, 2017 \nat  in west hollywood, ca with  and  \n  "
        },
        {
            "date": "2021-12-12 15:37:46+00:00",
            "tweet_raw": "Blizzard of Ozz Yule Log\n#YuleLog #Yule #Log\nhttps://t.co/ZwGInWfHqk",
            "tweet": "blizzard of ozz yule log\n  \n"
        },
        {
            "date": "2021-11-06 15:15:33+00:00",
            "tweet_raw": "Diary of a Madman 40th Anniversary Digital Expanded Edition available now on your favorite streaming platforms\nhttps://t.co/M367HuR8hD https://t.co/WDeHz9IftF",
            "tweet": "diary of a madman 40th anniversary digital expanded edition available now on your favorite streaming platforms\n "
        },
        {
            "date": "2021-12-24 20:31:40+00:00",
            "tweet_raw": "Only I would make a dentist appointment on Christmas Eve \ud83c\udf85\ud83c\udffc https://t.co/m0JSewEGEo",
            "tweet": "only i would make a dentist appointment on christmas eve \ud83c\udf85\ud83c\udffc "
        },
        {
            "date": "2021-09-20 15:26:03+00:00",
            "tweet_raw": "Released in the U.K.:\nSeptember 20, 1980\nhttps://t.co/wfrPc04N1m",
            "tweet": "released in the u.k.:\nseptember 20, 1980\n"
        },
        {
            "date": "2021-09-12 14:14:16+00:00",
            "tweet_raw": "Tomorrow Hell will be Raised #Ozzy + #Lemmy #Hellraiser https://t.co/Pk2C2tadBo",
            "tweet": "tomorrow hell will be raised  +   "
        },
        {
            "date": "2021-09-14 23:02:26+00:00",
            "tweet_raw": "Happy Birthday to my grandson Elijah",
            "tweet": "happy birthday to my grandson elijah"
        },
        {
            "date": "2021-11-02 15:18:16+00:00",
            "tweet_raw": "\ud83d\udcf8: @MarkWeissguy https://t.co/Tt4CPoHeGu",
            "tweet": "\ud83d\udcf8:  "
        },
        {
            "date": "2021-09-05 01:18:25+00:00",
            "tweet_raw": "So sad to hear of the passing of Dell Furano.  He was a legend in the merchandising business, a great friend. and above all, a true gentleman.  Much love and respect to his wife and family. https://t.co/L95ZArdCi0",
            "tweet": "so sad to hear of the passing of dell furano.  he was a legend in the merchandising business, a great friend. and above all, a true gentleman.  much love and respect to his wife and family. "
        },
        {
            "date": "2021-12-06 18:58:47+00:00",
            "tweet_raw": "Happy Birthday Randy\nYou Are Forever Missed \n\ud83d\udcf8: @RossHalfin https://t.co/MPqjRTq27r",
            "tweet": "happy birthday randy\nyou are forever missed \n\ud83d\udcf8:  "
        },
        {
            "date": "2021-11-09 15:30:02+00:00",
            "tweet_raw": "Ozzy worked with @Soundwaves_Art\u00a0to create stunning pieces based on the sound waves of #CrazyTrain\u00a0and #MamaImComingHome. Ozzy signed ten pieces to raise money for @SweetRelief, to help musicians and crew members recovering from the pandemic. https://t.co/grZTU5DMhU https://t.co/wZefsmxGN2",
            "tweet": "ozzy worked with \u00a0to create stunning pieces based on the sound waves of \u00a0and . ozzy signed ten pieces to raise money for , to help musicians and crew members recovering from the pandemic.  "
        },
        {
            "date": "2021-10-13 15:23:31+00:00",
            "tweet_raw": "October 13, 1980\nwith #Budgie in Worcestershire\ud83c\uddec\ud83c\udde7 https://t.co/xjUgqHokoo",
            "tweet": "october 13, 1980\nwith  in worcestershire\ud83c\uddec\ud83c\udde7 "
        },
        {
            "date": "2022-01-26 16:34:56+00:00",
            "tweet_raw": "January 26, 2010\nBook signing for \"I Am Ozzy\" at Borders Books in New York City https://t.co/NHsDBKg2Rd",
            "tweet": "january 26, 2010\nbook signing for \"i am ozzy\" at borders books in new york city "
        },
        {
            "date": "2021-09-26 16:28:44+00:00",
            "tweet_raw": "\ud83d\udcf8: @RossHalfin https://t.co/d4tf68MBti",
            "tweet": "\ud83d\udcf8:  "
        },
        {
            "date": "2021-11-26 16:07:45+00:00",
            "tweet_raw": "30% Off This Weekend Only at https://t.co/0Vm1Bvk7pF!\n#BlackFriday #Sale #Merch #Ozzy https://t.co/KmDPUGSEhh",
            "tweet": "30% off this weekend only at \n    "
        }
    ],
    "len": 100
}