{
    "account": "@PostMalone",
    "type": "Rap",
    "tweets": [
        {
            "date": "2018-10-31 22:28:47+00:00",
            "tweet_raw": "@mattvillano of course not!!!",
            "tweet": " of course not!!!"
        },
        {
            "date": "2019-08-06 02:01:36+00:00",
            "tweet_raw": "live now:)) https://t.co/Cq1P8kS9n3 @budlight",
            "tweet": "live now:))  "
        },
        {
            "date": "2019-02-26 21:12:07+00:00",
            "tweet_raw": "\ud83d\udc97 @TylaYaweh  https://t.co/8nWVSxpEok https://t.co/Boexf2UxR7",
            "tweet": "\ud83d\udc97    "
        },
        {
            "date": "2018-08-24 22:04:47+00:00",
            "tweet_raw": "\ud83d\udc9b @tylerthecreator https://t.co/bsmZFPVCm3",
            "tweet": "\ud83d\udc9b  "
        },
        {
            "date": "2018-12-11 19:16:55+00:00",
            "tweet_raw": "Crocs are sold out but you can get some Post Malone Jibbitz here :) https://t.co/gVaSiXwOtt Quantities still limited!",
            "tweet": "crocs are sold out but you can get some post malone jibbitz here :)  quantities still limited!"
        },
        {
            "date": "2018-08-13 23:15:45+00:00",
            "tweet_raw": "@ThomSonny then how would i read this tweet",
            "tweet": " then how would i read this tweet"
        },
        {
            "date": "2018-10-17 05:39:34+00:00",
            "tweet_raw": "every single day all the shitty shit that's ever happened to you gets farther away and all the good shit that's gonna happen to you gets closer.",
            "tweet": "every single day all the shitty shit that's ever happened to you gets farther away and all the good shit that's gonna happen to you gets closer."
        },
        {
            "date": "2018-08-12 00:37:59+00:00",
            "tweet_raw": "let's rock https://t.co/ojX6VKIFqz",
            "tweet": "let's rock "
        },
        {
            "date": "2020-02-03 01:50:08+00:00",
            "tweet_raw": "and the winner is:)\n@budlight https://t.co/G9gy2r4aKe",
            "tweet": "and the winner is:)\n "
        },
        {
            "date": "2018-10-06 01:25:34+00:00",
            "tweet_raw": "had 2 big ass dreads. plz don't stop listening to my music https://t.co/Azk9v6puzn",
            "tweet": "had 2 big ass dreads. plz don't stop listening to my music "
        },
        {
            "date": "2018-08-14 20:41:27+00:00",
            "tweet_raw": "@sierra_phelps i didn't even mean to do that\ud83d\ude02",
            "tweet": " i didn't even mean to do that\ud83d\ude02"
        },
        {
            "date": "2018-11-19 18:12:57+00:00",
            "tweet_raw": "\ud83d\udc95\ud83d\udc95\ud83d\udc95 https://t.co/7lLyJPamQF",
            "tweet": "\ud83d\udc95\ud83d\udc95\ud83d\udc95 "
        },
        {
            "date": "2018-08-12 03:04:19+00:00",
            "tweet_raw": "@BRANDONWARDELL donkey: IM SECKSY",
            "tweet": " donkey: im secksy"
        },
        {
            "date": "2018-08-12 00:45:43+00:00",
            "tweet_raw": "@BRANDONWARDELL like 2 party n watch shrek 7?",
            "tweet": " like 2 party n watch shrek 7?"
        },
        {
            "date": "2019-02-28 16:31:56+00:00",
            "tweet_raw": "to my REAL fans I love you to death, to the people trying to dig so fucking hard to try and get me to leave my girl, y\u2019all ain\u2019t real fans and it needs to stop. The past is the past and it has nothing to do with anything.have some respect. who gives a fuck? let us live our lives.",
            "tweet": "to my real fans i love you to death, to the people trying to dig so fucking hard to try and get me to leave my girl, y\u2019all ain\u2019t real fans and it needs to stop. the past is the past and it has nothing to do with anything.have some respect. who gives a fuck? let us live our lives."
        },
        {
            "date": "2019-08-06 01:48:23+00:00",
            "tweet_raw": "About to go live with @budlight playing new music on the #divebartour stage\ud83c\udf7b\ud83c\udfb6 https://t.co/Cq1P8kS9n3",
            "tweet": "about to go live with  playing new music on the  stage\ud83c\udf7b\ud83c\udfb6 "
        },
        {
            "date": "2019-02-28 16:31:56+00:00",
            "tweet_raw": "to my REAL fans I love you to death, to the people trying to dig so fucking hard to try and get me to leave my girl, y\u2019all ain\u2019t real fans and it needs to stop. The past is the past and it has nothing to do with anything.have some respect. who gives a fuck? let us live our lives.",
            "tweet": "to my real fans i love you to death, to the people trying to dig so fucking hard to try and get me to leave my girl, y\u2019all ain\u2019t real fans and it needs to stop. the past is the past and it has nothing to do with anything.have some respect. who gives a fuck? let us live our lives."
        },
        {
            "date": "2021-02-23 01:06:13+00:00",
            "tweet_raw": "This Saturday February 27th at 7pm EST we\u2019ll be celebrating 25 years of @pokemon. See you there https://t.co/JG7X89fFmd #Pokemon25 #Partner https://t.co/QcOyKEAKEw",
            "tweet": "this saturday february 27th at 7pm est we\u2019ll be celebrating 25 years of . see you there    "
        },
        {
            "date": "2019-08-28 14:39:42+00:00",
            "tweet_raw": "\u2665\ufe0f \u2066@RyanTricks\u2069  https://t.co/RrFBqgnmIx",
            "tweet": "\u2665\ufe0f \u2066\u2069  "
        },
        {
            "date": "2018-11-08 06:12:48+00:00",
            "tweet_raw": "@Aaron117_ @RockstarGames can i have a vid tutorial",
            "tweet": "  can i have a vid tutorial"
        },
        {
            "date": "2018-08-12 03:04:19+00:00",
            "tweet_raw": "@BRANDONWARDELL donkey: IM SECKSY",
            "tweet": " donkey: im secksy"
        },
        {
            "date": "2018-08-14 00:16:11+00:00",
            "tweet_raw": "@chadkowal that's dope man thank u so much",
            "tweet": " that's dope man thank u so much"
        },
        {
            "date": "2019-08-14 01:51:25+00:00",
            "tweet_raw": "GOT EEEEEM https://t.co/VJVJUmf8QS",
            "tweet": "got eeeeem "
        },
        {
            "date": "2018-08-21 20:13:24+00:00",
            "tweet_raw": "i landed guys. thank you for your prayers. can't believe how many people wished death on me on this website. fuck you. but not today",
            "tweet": "i landed guys. thank you for your prayers. can't believe how many people wished death on me on this website. fuck you. but not today"
        },
        {
            "date": "2019-12-10 18:06:11+00:00",
            "tweet_raw": "We need a few more signatures!! https://t.co/PqN5GCCP5w",
            "tweet": "we need a few more signatures!! "
        },
        {
            "date": "2018-09-08 02:45:54+00:00",
            "tweet_raw": "https://t.co/HMbeznFJcM shout out to my boy Hernon! Go check him out\ud83d\udc95\ud83d\udc95\ud83d\udc95",
            "tweet": " shout out to my boy hernon! go check him out\ud83d\udc95\ud83d\udc95\ud83d\udc95"
        },
        {
            "date": "2019-08-14 01:51:25+00:00",
            "tweet_raw": "GOT EEEEEM https://t.co/VJVJUmf8QS",
            "tweet": "got eeeeem "
        },
        {
            "date": "2019-05-08 22:07:34+00:00",
            "tweet_raw": "Australia the new crocs drops today on https://t.co/FOQLmAjoTN&amp; at the Culture Kings Sydney location at 10am AEST :) @crocs \ud83d\udc9a",
            "tweet": "australia the new crocs drops today on  at the culture kings sydney location at 10am aest :)  \ud83d\udc9a"
        },
        {
            "date": "2018-12-16 02:52:31+00:00",
            "tweet_raw": "nobody gets this shit",
            "tweet": "nobody gets this shit"
        },
        {
            "date": "2019-01-22 17:33:14+00:00",
            "tweet_raw": "limited merch from the nyc shows is available now on https://t.co/ZIB0naPNqc",
            "tweet": "limited merch from the nyc shows is available now on "
        },
        {
            "date": "2019-02-11 05:48:54+00:00",
            "tweet_raw": "@CrisAlexJimenez @2_Os_yabish @KeepRightX @21savage wore it on stage",
            "tweet": "    wore it on stage"
        },
        {
            "date": "2019-01-10 07:39:09+00:00",
            "tweet_raw": "@YG \ud83d\ude08\ud83d\ude08\ud83d\ude08",
            "tweet": " \ud83d\ude08\ud83d\ude08\ud83d\ude08"
        },
        {
            "date": "2019-07-26 19:39:15+00:00",
            "tweet_raw": "Posty x @Madrinas #coffee4fuel https://t.co/FlZIfXFNUW",
            "tweet": "posty x   "
        },
        {
            "date": "2019-03-26 22:58:06+00:00",
            "tweet_raw": "yup!! https://t.co/LwjzClvA0q",
            "tweet": "yup!! "
        },
        {
            "date": "2020-08-30 22:04:33+00:00",
            "tweet_raw": "that\u2019s how it\u2019s done boys!!!!!!\ud83d\ude08 congrats to the champs!! and here\u2019s to many more to come \ud83d\udc95\ud83d\udc95 @DallasEmpire",
            "tweet": "that\u2019s how it\u2019s done boys!!!!!!\ud83d\ude08 congrats to the champs!! and here\u2019s to many more to come \ud83d\udc95\ud83d\udc95 "
        },
        {
            "date": "2018-10-02 04:39:41+00:00",
            "tweet_raw": "Posty Fest \ud83c\udf7b\ud83c\udf7b https://t.co/CR7lsLI4WY",
            "tweet": "posty fest \ud83c\udf7b\ud83c\udf7b "
        },
        {
            "date": "2018-08-13 17:09:08+00:00",
            "tweet_raw": "who the fuck wrote the batman remix to jingle bells",
            "tweet": "who the fuck wrote the batman remix to jingle bells"
        },
        {
            "date": "2018-11-21 06:06:27+00:00",
            "tweet_raw": "Trying to put out a new body of work before the end of the year but we all know how that goes wish me luck k",
            "tweet": "trying to put out a new body of work before the end of the year but we all know how that goes wish me luck k"
        },
        {
            "date": "2019-01-10 08:02:50+00:00",
            "tweet_raw": "me and @YG got 20k on this Saturday \ud83c\udf7bi love u dad but I'm sorry it ain't gonna work out. bring cash plz \ud83d\udc95",
            "tweet": "me and  got 20k on this saturday \ud83c\udf7bi love u dad but i'm sorry it ain't gonna work out. bring cash plz \ud83d\udc95"
        },
        {
            "date": "2019-08-06 23:52:48+00:00",
            "tweet_raw": "Got eeeem https://t.co/4fcQDZYNeG",
            "tweet": "got eeeem "
        },
        {
            "date": "2018-12-24 05:00:34+00:00",
            "tweet_raw": "Wow. out now https://t.co/bjZLzuD30E",
            "tweet": "wow. out now "
        },
        {
            "date": "2021-07-07 18:07:19+00:00",
            "tweet_raw": "#motleycrew friday:) https://t.co/LgbyP0snwo",
            "tweet": " friday:) "
        },
        {
            "date": "2019-11-07 22:44:52+00:00",
            "tweet_raw": "https://t.co/yyjnU0tqxN :) https://t.co/PQpJUwyWDS",
            "tweet": " :) "
        },
        {
            "date": "2018-11-08 06:12:32+00:00",
            "tweet_raw": "@MissLeitien @RockstarGames there's no unequip option, just normal offhand and upgraded offhand",
            "tweet": "  there's no unequip option, just normal offhand and upgraded offhand"
        },
        {
            "date": "2019-07-01 20:25:40+00:00",
            "tweet_raw": "GOODBYES JULY 5 MIDNIGHT EST https://t.co/BIuEsWzmdp",
            "tweet": "goodbyes july 5 midnight est "
        },
        {
            "date": "2018-08-13 06:21:34+00:00",
            "tweet_raw": "*Snot bubble",
            "tweet": "*snot bubble"
        },
        {
            "date": "2018-10-20 09:30:06+00:00",
            "tweet_raw": "lost lost lost",
            "tweet": "lost lost lost"
        },
        {
            "date": "2018-08-14 18:48:53+00:00",
            "tweet_raw": "@ellefsondavid @NoiseyMusic @Megadeth \ud83c\udfb8\ud83c\udfb8\ud83c\udfb8\ud83c\udfb8\ud83c\udfb8\ud83c\udfb8\ud83c\udfb8\ud83c\udfb8\ud83d\udc95\\m/",
            "tweet": "   \ud83c\udfb8\ud83c\udfb8\ud83c\udfb8\ud83c\udfb8\ud83c\udfb8\ud83c\udfb8\ud83c\udfb8\ud83c\udfb8\ud83d\udc95\\m/"
        },
        {
            "date": "2018-11-10 15:26:53+00:00",
            "tweet_raw": "\ud83d\udc9d\ud83d\udc9d https://t.co/GZ7fyVwN26",
            "tweet": "\ud83d\udc9d\ud83d\udc9d "
        },
        {
            "date": "2019-01-10 07:52:36+00:00",
            "tweet_raw": "i believe in my dallas cowboys \ud83d\udc95\ud83d\udc95\ud83d\udc95let's go baby",
            "tweet": "i believe in my dallas cowboys \ud83d\udc95\ud83d\udc95\ud83d\udc95let's go baby"
        },
        {
            "date": "2018-08-14 21:21:57+00:00",
            "tweet_raw": "@HotNewHipHop @lilpump \ud83d\ude02\ud83d\ude02\ud83d\ude02\ud83d\ude02\ud83d\ude02\ud83d\ude02we dicided to start living a simpler life. gonna miss u all!!!!",
            "tweet": "  \ud83d\ude02\ud83d\ude02\ud83d\ude02\ud83d\ude02\ud83d\ude02\ud83d\ude02we dicided to start living a simpler life. gonna miss u all!!!!"
        },
        {
            "date": "2018-08-16 20:29:41+00:00",
            "tweet_raw": "@BubbaWallace @Drake @PUBG u have good taste in video games my friend. I'm in\ud83c\udfb8\ud83c\udfb8\ud83c\udfb8\ud83d\udc95\ud83d\udc95\ud83c\udf7b\ud83c\udf7b\ud83c\udf77",
            "tweet": "   u have good taste in video games my friend. i'm in\ud83c\udfb8\ud83c\udfb8\ud83c\udfb8\ud83d\udc95\ud83d\udc95\ud83c\udf7b\ud83c\udf7b\ud83c\udf77"
        },
        {
            "date": "2018-12-11 00:15:50+00:00",
            "tweet_raw": "My @Crocs collab drops tomorrow 12.11.18 at 12:00pm MT https://t.co/gVaSiXwOtt https://t.co/kQCAkE70pT",
            "tweet": "my  collab drops tomorrow 12.11.18 at 12:00pm mt  "
        },
        {
            "date": "2018-10-14 22:37:52+00:00",
            "tweet_raw": "@TheNotoriousMMA my dad is a cowboys fan \ud83c\udfb8\ud83c\udfb8\ud83d\udc95\ud83d\udc95\ud83e\udd42\ud83e\udd42\ud83c\udf7b\ud83c\udf7b\ud83c\udf7b",
            "tweet": " my dad is a cowboys fan \ud83c\udfb8\ud83c\udfb8\ud83d\udc95\ud83d\udc95\ud83e\udd42\ud83e\udd42\ud83c\udf7b\ud83c\udf7b\ud83c\udf7b"
        },
        {
            "date": "2019-03-26 22:38:07+00:00",
            "tweet_raw": "\ud83d\ude08\ud83d\ude08\ud83d\ude08 https://t.co/cdsJk076wN",
            "tweet": "\ud83d\ude08\ud83d\ude08\ud83d\ude08 "
        },
        {
            "date": "2018-11-19 18:12:57+00:00",
            "tweet_raw": "\ud83d\udc95\ud83d\udc95\ud83d\udc95 https://t.co/7lLyJPamQF",
            "tweet": "\ud83d\udc95\ud83d\udc95\ud83d\udc95 "
        },
        {
            "date": "2018-08-24 22:04:47+00:00",
            "tweet_raw": "\ud83d\udc9b @tylerthecreator https://t.co/bsmZFPVCm3",
            "tweet": "\ud83d\udc9b  "
        },
        {
            "date": "2018-08-14 19:00:16+00:00",
            "tweet_raw": "@ellefsondavid let's fucking shred my dawg!!!",
            "tweet": " let's fucking shred my dawg!!!"
        },
        {
            "date": "2019-01-12 04:13:48+00:00",
            "tweet_raw": "come on https://t.co/o9k1plqxiu",
            "tweet": "come on "
        },
        {
            "date": "2019-08-04 16:21:27+00:00",
            "tweet_raw": ":) https://t.co/oWszEPEwny",
            "tweet": ":) "
        },
        {
            "date": "2018-10-06 22:01:41+00:00",
            "tweet_raw": "Better now :) https://t.co/RL40qCnMIX",
            "tweet": "better now :) "
        },
        {
            "date": "2019-01-30 17:57:43+00:00",
            "tweet_raw": "performing at @SBMusicFest in atl &amp; you can stream it here at 9:30 pm est on friday",
            "tweet": "performing at  in atl &amp; you can stream it here at 9:30 pm est on friday"
        },
        {
            "date": "2019-01-07 08:25:51+00:00",
            "tweet_raw": "@HeluvaGood hi guys how do I order dip\ud83d\ude29",
            "tweet": " hi guys how do i order dip\ud83d\ude29"
        },
        {
            "date": "2019-03-13 03:47:33+00:00",
            "tweet_raw": "also lmk when your band is done with your dookie and wants to play some actual good music \ud83e\udd1f\ud83c\udffc\ud83e\udd1f\ud83c\udffc\ud83e\udd1f\ud83c\udffc",
            "tweet": "also lmk when your band is done with your dookie and wants to play some actual good music \ud83e\udd1f\ud83c\udffc\ud83e\udd1f\ud83c\udffc\ud83e\udd1f\ud83c\udffc"
        },
        {
            "date": "2019-02-08 23:05:44+00:00",
            "tweet_raw": "@leppert try \u201cFUCK YOU NERD!!!\u201d",
            "tweet": " try \u201cfuck you nerd!!!\u201d"
        },
        {
            "date": "2018-08-13 06:21:34+00:00",
            "tweet_raw": "*Snot bubble",
            "tweet": "*snot bubble"
        },
        {
            "date": "2019-08-06 01:48:23+00:00",
            "tweet_raw": "About to go live with @budlight playing new music on the #divebartour stage\ud83c\udf7b\ud83c\udfb6 https://t.co/Cq1P8kS9n3",
            "tweet": "about to go live with  playing new music on the  stage\ud83c\udf7b\ud83c\udfb6 "
        },
        {
            "date": "2018-10-15 22:22:59+00:00",
            "tweet_raw": "me and @goSwaeLee have a new song on the @SpiderVerse movie called sunflower \ud83c\udf3b coming soon https://t.co/7TtrV8oJT1",
            "tweet": "me and  have a new song on the  movie called sunflower \ud83c\udf3b coming soon "
        },
        {
            "date": "2019-08-16 05:14:24+00:00",
            "tweet_raw": "This is hilarious!!! https://t.co/V92F7xDxFs",
            "tweet": "this is hilarious!!! "
        },
        {
            "date": "2019-08-27 22:08:08+00:00",
            "tweet_raw": "@TESLegends R/P semi aggro lol, working on legend but people kick ass this season",
            "tweet": " r/p semi aggro lol, working on legend but people kick ass this season"
        },
        {
            "date": "2019-08-27 22:08:08+00:00",
            "tweet_raw": "@TESLegends R/P semi aggro lol, working on legend but people kick ass this season",
            "tweet": " r/p semi aggro lol, working on legend but people kick ass this season"
        },
        {
            "date": "2019-07-11 16:22:09+00:00",
            "tweet_raw": "bro day! https://t.co/1ePB6rxy5m",
            "tweet": "bro day! "
        },
        {
            "date": "2018-12-13 20:43:59+00:00",
            "tweet_raw": "@nojoy maybe not good, but the worst? idk\ud83d\ude33",
            "tweet": " maybe not good, but the worst? idk\ud83d\ude33"
        },
        {
            "date": "2019-03-13 01:58:15+00:00",
            "tweet_raw": "this shit also 1/20th a pound",
            "tweet": "this shit also 1/20th a pound"
        },
        {
            "date": "2019-08-04 21:46:32+00:00",
            "tweet_raw": "who\u2019s at the pop up? I\u2019m on the way:)) 89 Crosby nyc https://t.co/l9iKdl8cJu",
            "tweet": "who\u2019s at the pop up? i\u2019m on the way:)) 89 crosby nyc "
        },
        {
            "date": "2019-08-06 23:52:48+00:00",
            "tweet_raw": "Got eeeem https://t.co/4fcQDZYNeG",
            "tweet": "got eeeem "
        },
        {
            "date": "2019-03-13 02:34:58+00:00",
            "tweet_raw": "also Yelawolf is a nerd, and this tweet is the only support I will offer his album :)also @Yelawolf please show me all your chill bill shit please! Last I heard you was talking about how you wanted your shit like mine, I have a couple lenders, don\u2019t worry! hmu dad :)",
            "tweet": "also yelawolf is a nerd, and this tweet is the only support i will offer his album :)also  please show me all your chill bill shit please! last i heard you was talking about how you wanted your shit like mine, i have a couple lenders, don\u2019t worry! hmu dad :)"
        },
        {
            "date": "2018-11-02 22:11:54+00:00",
            "tweet_raw": "@rriproarin ain't this the truth! I'm handsome as hell anyways",
            "tweet": " ain't this the truth! i'm handsome as hell anyways"
        },
        {
            "date": "2018-12-06 17:22:54+00:00",
            "tweet_raw": "ATL I\u2019m playing @BudLight @SBMusicFest with @aerosmith on Friday, February 1st. Tickets on sale now at https://t.co/kGaV9y8z00 \n@sbmusicfest \ud83d\udc99 https://t.co/Qsgpq76D77",
            "tweet": "atl i\u2019m playing   with  on friday, february 1st. tickets on sale now at  \n \ud83d\udc99 "
        },
        {
            "date": "2019-08-04 21:46:32+00:00",
            "tweet_raw": "who\u2019s at the pop up? I\u2019m on the way:)) 89 Crosby nyc https://t.co/l9iKdl8cJu",
            "tweet": "who\u2019s at the pop up? i\u2019m on the way:)) 89 crosby nyc "
        },
        {
            "date": "2020-08-28 19:42:02+00:00",
            "tweet_raw": "Happy to announce i\u2019m now part owner of @DallasEmpire \nLet\u2019s take this throne and win these playoffs:) https://t.co/5Fz282Xeot",
            "tweet": "happy to announce i\u2019m now part owner of  \nlet\u2019s take this throne and win these playoffs:) "
        },
        {
            "date": "2018-08-13 17:11:50+00:00",
            "tweet_raw": "@CouRageJD stop writing bangers!!!!!",
            "tweet": " stop writing bangers!!!!!"
        },
        {
            "date": "2018-11-01 00:50:57+00:00",
            "tweet_raw": "congrats my boii @TylaYaweh \ud83d\udc9d https://t.co/BkD6gb03Jh",
            "tweet": "congrats my boii  \ud83d\udc9d "
        },
        {
            "date": "2019-01-06 15:31:05+00:00",
            "tweet_raw": "If y'all are actually my fans and friends and love me and want me to be mentally stable, can y'all please let me live? I'm trying my best here. That's all I can do.",
            "tweet": "if y'all are actually my fans and friends and love me and want me to be mentally stable, can y'all please let me live? i'm trying my best here. that's all i can do."
        },
        {
            "date": "2018-11-08 06:12:32+00:00",
            "tweet_raw": "@MissLeitien @RockstarGames there's no unequip option, just normal offhand and upgraded offhand",
            "tweet": "  there's no unequip option, just normal offhand and upgraded offhand"
        },
        {
            "date": "2018-12-10 19:07:16+00:00",
            "tweet_raw": "\\m/ https://t.co/FjPWhKT6zW",
            "tweet": "\\m/ "
        },
        {
            "date": "2018-08-12 00:03:39+00:00",
            "tweet_raw": "punk ass https://t.co/RbJy7oKQvO",
            "tweet": "punk ass "
        },
        {
            "date": "2019-07-01 20:24:04+00:00",
            "tweet_raw": "\ud83c\udf7b\ud83c\udf7b\ud83c\udf7b\ud83c\udf7b https://t.co/ZXDrm1ObvQ",
            "tweet": "\ud83c\udf7b\ud83c\udf7b\ud83c\udf7b\ud83c\udf7b "
        },
        {
            "date": "2018-08-12 00:37:59+00:00",
            "tweet_raw": "let's rock https://t.co/ojX6VKIFqz",
            "tweet": "let's rock "
        },
        {
            "date": "2019-01-10 08:02:50+00:00",
            "tweet_raw": "me and @YG got 20k on this Saturday \ud83c\udf7bi love u dad but I'm sorry it ain't gonna work out. bring cash plz \ud83d\udc95",
            "tweet": "me and  got 20k on this saturday \ud83c\udf7bi love u dad but i'm sorry it ain't gonna work out. bring cash plz \ud83d\udc95"
        },
        {
            "date": "2022-04-06 02:39:35+00:00",
            "tweet_raw": "we\u2019re all friends \ud83d\ude24\ud83d\ude24 https://t.co/fkULn5Ljss",
            "tweet": "we\u2019re all friends \ud83d\ude24\ud83d\ude24 "
        },
        {
            "date": "2019-03-13 02:34:58+00:00",
            "tweet_raw": "also Yelawolf is a nerd, and this tweet is the only support I will offer his album :)also @Yelawolf please show me all your chill bill shit please! Last I heard you was talking about how you wanted your shit like mine, I have a couple lenders, don\u2019t worry! hmu dad :)",
            "tweet": "also yelawolf is a nerd, and this tweet is the only support i will offer his album :)also  please show me all your chill bill shit please! last i heard you was talking about how you wanted your shit like mine, i have a couple lenders, don\u2019t worry! hmu dad :)"
        },
        {
            "date": "2018-08-13 21:02:04+00:00",
            "tweet_raw": "@HWCassie @AdamDeGross87 WOW.",
            "tweet": "  wow."
        },
        {
            "date": "2019-08-02 21:38:30+00:00",
            "tweet_raw": "playing with @Sublimewithrome at this years @budlight dive bar tour! see you there:))",
            "tweet": "playing with  at this years  dive bar tour! see you there:))"
        },
        {
            "date": "2018-08-14 20:41:27+00:00",
            "tweet_raw": "@sierra_phelps i didn't even mean to do that\ud83d\ude02",
            "tweet": " i didn't even mean to do that\ud83d\ude02"
        },
        {
            "date": "2018-11-29 04:54:43+00:00",
            "tweet_raw": "@Mike_Stud ya neva know steve",
            "tweet": " ya neva know steve"
        },
        {
            "date": "2018-11-30 00:54:09+00:00",
            "tweet_raw": "@codyko I've never seen this anime",
            "tweet": " i've never seen this anime"
        },
        {
            "date": "2018-10-14 22:37:52+00:00",
            "tweet_raw": "@TheNotoriousMMA my dad is a cowboys fan \ud83c\udfb8\ud83c\udfb8\ud83d\udc95\ud83d\udc95\ud83e\udd42\ud83e\udd42\ud83c\udf7b\ud83c\udf7b\ud83c\udf7b",
            "tweet": " my dad is a cowboys fan \ud83c\udfb8\ud83c\udfb8\ud83d\udc95\ud83d\udc95\ud83e\udd42\ud83e\udd42\ud83c\udf7b\ud83c\udf7b\ud83c\udf7b"
        },
        {
            "date": "2020-12-08 21:22:09+00:00",
            "tweet_raw": "only a few left @Crocs https://t.co/wpuPsEZGTT https://t.co/jn8fOpZBK1",
            "tweet": "only a few left   "
        },
        {
            "date": "2018-08-12 15:33:54+00:00",
            "tweet_raw": "@kenbone18 ken, together we would crush it!!!!! There's nothing we couldn't do",
            "tweet": " ken, together we would crush it!!!!! there's nothing we couldn't do"
        }
    ],
    "len": 100
}