{
    "account": "@rihanna",
    "type": "Pop",
    "tweets": [
        {
            "date": "2020-12-09 02:02:52+00:00",
            "tweet_raw": "Just me pullin up to Sephora to make sure @fentyskin is loaded! Straight like dat, we in stores from December 26th!! Available at @Sephora, @HarveyNichols, and @BootsUK !! Til then, see you at https://t.co/p7bMMwDkgv \ud83e\uddd6\ud83c\udfff\u200d\u2640\ufe0f https://t.co/7hzTcH3MrL",
            "tweet": "just me pullin up to sephora to make sure  is loaded! straight like dat, we in stores from december 26th!! available at , , and  !! til then, see you at  \ud83e\uddd6\ud83c\udfff\u200d\u2640\ufe0f "
        },
        {
            "date": "2020-07-27 23:44:49+00:00",
            "tweet_raw": "my skincare journey has been quite complex...some parts of my face are oily, some are dry, fatigue from travel, plus I have super sensitive skin, and chile now being in my 30s?!!",
            "tweet": "my skincare journey has been quite complex...some parts of my face are oily, some are dry, fatigue from travel, plus i have super sensitive skin, and chile now being in my 30s?!!"
        },
        {
            "date": "2020-05-07 22:55:20+00:00",
            "tweet_raw": "the office.... for the record these are the #OffRecord @FentyOfficial glasses hittin May 13th https://t.co/iKJlR5yZNc",
            "tweet": "the office.... for the record these are the   glasses hittin may 13th "
        },
        {
            "date": "2019-10-24 01:07:04+00:00",
            "tweet_raw": "I\u2019m incredibly proud of everyone who\u2019s been a part of the team and development of this brand! It\u2019s been 5 months since we launched @FentyOfficial, and we\u2019re nominated for the Urban Luxe category of the 2019 #BritishFashionAwards... https://t.co/StpJEW3pfV",
            "tweet": "i\u2019m incredibly proud of everyone who\u2019s been a part of the team and development of this brand! it\u2019s been 5 months since we launched , and we\u2019re nominated for the urban luxe category of the 2019 ... "
        },
        {
            "date": "2019-12-04 21:32:49+00:00",
            "tweet_raw": "so honored and proud to be the recipient of a British Fashion Award in the category of Urban Luxe! shout out to my incredible @FentyOfficial team and my @LVMH partners! It\u2019s been less than 7 months and we did it! \ud83d\udcaa\ud83c\udfff gang gang! @BFC thank you, I\u2019ll never forget this moment! https://t.co/7kaysbKWNt",
            "tweet": "so honored and proud to be the recipient of a british fashion award in the category of urban luxe! shout out to my incredible  team and my  partners! it\u2019s been less than 7 months and we did it! \ud83d\udcaa\ud83c\udfff gang gang!  thank you, i\u2019ll never forget this moment! "
        },
        {
            "date": "2020-07-14 21:00:52+00:00",
            "tweet_raw": "Ima try my best to be humble about this but, @fentyskin is coming July 31st exclusively at https://t.co/f8LNnr3cE8!! Y\u2019all ain\u2019t hear it from me \ud83e\udd2b but you can shop it early if ya drop me your email: https://t.co/YaT6BFSJec https://t.co/NLUknNxwfd",
            "tweet": "ima try my best to be humble about this but,  is coming july 31st exclusively at  y\u2019all ain\u2019t hear it from me \ud83e\udd2b but you can shop it early if ya drop me your email:  "
        },
        {
            "date": "2019-09-16 21:48:04+00:00",
            "tweet_raw": "y\u2019all sick of me... @FentyOfficial \n#corsetboot #favoriteFentypants #grey https://t.co/Wyxc6iMDBP",
            "tweet": "y\u2019all sick of me...  \n   "
        },
        {
            "date": "2019-09-23 02:27:58+00:00",
            "tweet_raw": "Forgot how much I loved this song Fab! Thank you man #SavageXFentySHOW",
            "tweet": "forgot how much i loved this song fab! thank you man "
        },
        {
            "date": "2020-03-27 04:20:48+00:00",
            "tweet_raw": "Believe it!! @partynextdoor album live!!! https://t.co/gelGmmEZFy https://t.co/eNeI6PluOZ",
            "tweet": "believe it!!  album live!!!  "
        },
        {
            "date": "2019-11-28 02:20:29+00:00",
            "tweet_raw": "fun times in @FentyOfficial with a Fenty by my side https://t.co/Lfz3hwLHXX",
            "tweet": "fun times in  with a fenty by my side "
        },
        {
            "date": "2019-10-04 16:21:51+00:00",
            "tweet_raw": "Meet my lil #GLOSSYPOSSE !!! 5 mini #GLOSSBOMBS \nincluding the best-selling #FUSSY, and 4 brand new shades: \u201cConfetti,\u201d \u201cPretty Please,\u201d Hot Chocolit,\u201d and \u201cCheeky.\u201d Available October 11th! @fentybeauty https://t.co/J4F3IL5bE9",
            "tweet": "meet my lil  !!! 5 mini  \nincluding the best-selling , and 4 brand new shades: \u201cconfetti,\u201d \u201cpretty please,\u201d hot chocolit,\u201d and \u201ccheeky.\u201d available october 11th!  "
        },
        {
            "date": "2019-11-28 03:44:10+00:00",
            "tweet_raw": "new @FentyOfficial drip #PUFFERBOOT https://t.co/GSpWS6tXxE @Selfridges https://t.co/ON4XCILdMK",
            "tweet": "new  drip    "
        },
        {
            "date": "2019-09-20 03:58:43+00:00",
            "tweet_raw": "y\u2019all are literally bout to witness why this woman right here is my spirit animal! God gifted genius!! \ud83d\ude3d\ud83d\udcaa\ud83c\udfff love you @parrisgoebel \n#SAVAGEXFENTYSHOW @savagexfenty @PrimeVideo https://t.co/lUykiOeGrV",
            "tweet": "y\u2019all are literally bout to witness why this woman right here is my spirit animal! god gifted genius!! \ud83d\ude3d\ud83d\udcaa\ud83c\udfff love you  \n   "
        },
        {
            "date": "2019-08-09 21:51:12+00:00",
            "tweet_raw": "\ud83c\udde7\ud83c\udde7 https://t.co/A7MGDspXrL",
            "tweet": "\ud83c\udde7\ud83c\udde7 "
        },
        {
            "date": "2021-01-14 20:10:33+00:00",
            "tweet_raw": "Lorna Simpson\nOf Earth &amp; Sky, 2020\nPhotographic collage\nDimensions variable\n\u00a9 Lorna Simpson\nCourtesy of the artist and Hauser &amp; Wirth \n\n@Essence https://t.co/sME3r6Njzd",
            "tweet": "lorna simpson\nof earth &amp; sky, 2020\nphotographic collage\ndimensions variable\n\u00a9 lorna simpson\ncourtesy of the artist and hauser &amp; wirth \n\n "
        },
        {
            "date": "2019-09-23 02:02:37+00:00",
            "tweet_raw": "ALSO.... @BigSean one of the most underrated performers of our time man!! He\u2019s a PRO #SavageXFentySHOW",
            "tweet": "also....  one of the most underrated performers of our time man!! he\u2019s a pro "
        },
        {
            "date": "2019-06-30 16:04:52+00:00",
            "tweet_raw": "With more protests planned for today, June 30, I send my \u2764\ufe0f and I pray for the safety of the Sudanese people. They have a right to speak out and demand peace, justice and a transition to civilian rule. Over 100 were killed &amp; hundreds more were wounded during the June 3rd protests https://t.co/2T8YudGxIx",
            "tweet": "with more protests planned for today, june 30, i send my \u2764\ufe0f and i pray for the safety of the sudanese people. they have a right to speak out and demand peace, justice and a transition to civilian rule. over 100 were killed &amp; hundreds more were wounded during the june 3rd protests "
        },
        {
            "date": "2019-09-16 22:01:52+00:00",
            "tweet_raw": "also... @FentyOfficial https://t.co/ps9UdHDXBt",
            "tweet": "also...  "
        },
        {
            "date": "2020-03-27 23:34:39+00:00",
            "tweet_raw": "\ud83d\ude4f\ud83c\udfff @ClaraLionelFdn https://t.co/qqKeWeScFj",
            "tweet": "\ud83d\ude4f\ud83c\udfff  "
        },
        {
            "date": "2019-09-10 14:45:02+00:00",
            "tweet_raw": "and special appearances by @Caradelevingne @GiGiHadid @bellahadid @Normani @joansmalls @Lavernecox and SO many more! Strap in and shop the @savagexfenty collection now at @amazonfashion and https://t.co/cRui945Um2 \ud83d\ude1d",
            "tweet": "and special appearances by       and so many more! strap in and shop the  collection now at  and  \ud83d\ude1d"
        },
        {
            "date": "2020-07-17 23:05:04+00:00",
            "tweet_raw": "just stopping by to let y\u2019all know these sold out. thank you @FentyOfficial gang! https://t.co/Avkl4hhXqA",
            "tweet": "just stopping by to let y\u2019all know these sold out. thank you  gang! "
        },
        {
            "date": "2019-09-23 01:38:00+00:00",
            "tweet_raw": "5,4,3,2...",
            "tweet": "5,4,3,2..."
        },
        {
            "date": "2019-07-11 18:29:06+00:00",
            "tweet_raw": "Nobody:\nMe: Album coming in 2019\nNavy in July: https://t.co/jXqC6uy1YP",
            "tweet": "nobody:\nme: album coming in 2019\nnavy in july: "
        },
        {
            "date": "2019-07-31 15:07:03+00:00",
            "tweet_raw": "New August @savagexfenty drops MIDNIGHT TONIGHT only at https://t.co/cRui93Ojuu !! https://t.co/qh4lICJQXW",
            "tweet": "new august  drops midnight tonight only at  !! "
        },
        {
            "date": "2019-09-23 01:56:37+00:00",
            "tweet_raw": "STIIILLLL https://t.co/BAU9MpTZFe",
            "tweet": "stiiillll "
        },
        {
            "date": "2019-11-28 02:20:29+00:00",
            "tweet_raw": "fun times in @FentyOfficial with a Fenty by my side https://t.co/Lfz3hwLHXX",
            "tweet": "fun times in  with a fenty by my side "
        },
        {
            "date": "2022-01-18 01:36:46+00:00",
            "tweet_raw": "write me a love letter baby #XXSAVAGEX https://t.co/k9MQJp9hxw",
            "tweet": "write me a love letter baby  "
        },
        {
            "date": "2020-06-26 23:22:16+00:00",
            "tweet_raw": "yerrrrr @djaycameron , where we at with this my brother?! https://t.co/P70vdJCkyf",
            "tweet": "yerrrrr  , where we at with this my brother?! "
        },
        {
            "date": "2021-02-13 17:18:14+00:00",
            "tweet_raw": "Ummm.... @SRat246  I need this playlist. You shutting down Slam FM rn!",
            "tweet": "ummm....   i need this playlist. you shutting down slam fm rn!"
        },
        {
            "date": "2019-09-23 02:27:58+00:00",
            "tweet_raw": "Forgot how much I loved this song Fab! Thank you man #SavageXFentySHOW",
            "tweet": "forgot how much i loved this song fab! thank you man "
        },
        {
            "date": "2019-05-27 20:43:53+00:00",
            "tweet_raw": ".@FentyOfficial https://t.co/gIHGzZftes",
            "tweet": ". "
        },
        {
            "date": "2019-12-04 23:03:17+00:00",
            "tweet_raw": "Big ups to my gusband Jahleel. Thank you for being a true rider! Look at us bro!!! And thank you @asvpxrocky for representing us on the carpet and always being so supportive of @FentyOfficial !! And to the epic duo that presented, thank you! @tylerthecreator and @janetjackson ! https://t.co/QljxwbGxR4",
            "tweet": "big ups to my gusband jahleel. thank you for being a true rider! look at us bro!!! and thank you  for representing us on the carpet and always being so supportive of  !! and to the epic duo that presented, thank you!  and  ! "
        },
        {
            "date": "2021-02-13 17:13:20+00:00",
            "tweet_raw": "I\u2019m just here to brag about the best eye cream on the block! I\u2019m always tired, y\u2019all would never know. Lol! Get into this @fentyskin #FLASHNAP Instant Revival Eye Gel-Cream \ud83d\udc40\ud83e\uddd6\ud83c\udfff\u200d\u2640\ufe0f available now on https://t.co/yH0c5ksLob &amp; @Sephora @HarveyNichols @BootsUK https://t.co/B8y4c5jHlZ",
            "tweet": "i\u2019m just here to brag about the best eye cream on the block! i\u2019m always tired, y\u2019all would never know. lol! get into this   instant revival eye gel-cream \ud83d\udc40\ud83e\uddd6\ud83c\udfff\u200d\u2640\ufe0f available now on  &amp;    "
        },
        {
            "date": "2019-09-23 01:16:19+00:00",
            "tweet_raw": "When you overseas and don\u2019t know the time difference!! \ud83e\udd74\ud83e\udd74\ud83e\udd74",
            "tweet": "when you overseas and don\u2019t know the time difference!! \ud83e\udd74\ud83e\udd74\ud83e\udd74"
        },
        {
            "date": "2019-09-23 02:10:03+00:00",
            "tweet_raw": "I \u2764\ufe0f the Migos!! Like my whole ghetto life was made right here bruh \ud83e\udd7a #SavageXFentySHOW",
            "tweet": "i \u2764\ufe0f the migos!! like my whole ghetto life was made right here bruh \ud83e\udd7a "
        },
        {
            "date": "2020-04-09 23:49:35+00:00",
            "tweet_raw": "Pull up to the @FentyOfficial IG live party tomorrow in celebration of our latest #fauxleather capsule! Hit the link for ya invitation! #FENTYsocialclub  https://t.co/neGiaTRphH https://t.co/nLTJKBYm74",
            "tweet": "pull up to the  ig live party tomorrow in celebration of our latest  capsule! hit the link for ya invitation!    "
        },
        {
            "date": "2019-09-23 01:43:26+00:00",
            "tweet_raw": "I\u2019m so happy you guys got a glimpse into the design process and the BTD of the making of the show #SAVAGEXFentyShow",
            "tweet": "i\u2019m so happy you guys got a glimpse into the design process and the btd of the making of the show "
        },
        {
            "date": "2019-10-17 08:07:26+00:00",
            "tweet_raw": "Happy to announce that my book will be OUT 5 days early exclusively at @HarveyNichols. pick up your copy in store this Sat Oct 19th (signed copies for the 1st in line!) or pre-order on https://t.co/5rWPjo9fbI by Sat to get it before the Oct 24th global release! #theRIHANNAbook https://t.co/qhIdzBVznA",
            "tweet": "happy to announce that my book will be out 5 days early exclusively at . pick up your copy in store this sat oct 19th (signed copies for the 1st in line!) or pre-order on  by sat to get it before the oct 24th global release!  "
        },
        {
            "date": "2020-04-30 21:34:14+00:00",
            "tweet_raw": "Da girls like it Savage! So I had to bring #AdamSelman back for another collab! \ud83d\udda4 Available May 1st only on https://t.co/GIq2RIHi0R #UXTRA https://t.co/TGqDmLztsL",
            "tweet": "da girls like it savage! so i had to bring  back for another collab! \ud83d\udda4 available may 1st only on   "
        },
        {
            "date": "2020-05-12 20:45:53+00:00",
            "tweet_raw": "I mean...sheesh!!! #OffRecord @FentyOfficial https://t.co/3ETWhh4gOP",
            "tweet": "i mean...sheesh!!!   "
        },
        {
            "date": "2021-02-01 16:08:23+00:00",
            "tweet_raw": "Sup nigga? #JusticeforBreonnaTaylor https://t.co/tkk3hXf9L2",
            "tweet": "sup nigga?  "
        },
        {
            "date": "2019-06-30 16:04:54+00:00",
            "tweet_raw": "Military rulers need to be held accountable. Praying for no more killings or abuse today.\n\nFight for human rights in #Africa and stand with protesters in #Sudan. \n#BlueforSudan #IAmSudaneseRevolution #Watch_Sudan_on_June30th \ud83d\udc99\ud83c\uddf8\ud83c\udde9\ud83d\udc99\ud83c\uddf8\ud83c\udde9\ud83d\udc99\n\ud83d\ude4f\ud83c\udfff\ud83d\udcaa\ud83c\udfff\ud83d\ude4f\ud83c\udfff\ud83d\udcaa\ud83c\udfff\ud83d\ude4f\ud83c\udfff https://t.co/L6VM5AZfne",
            "tweet": "military rulers need to be held accountable. praying for no more killings or abuse today.\n\nfight for human rights in  and stand with protesters in . \n   \ud83d\udc99\ud83c\uddf8\ud83c\udde9\ud83d\udc99\ud83c\uddf8\ud83c\udde9\ud83d\udc99\n\ud83d\ude4f\ud83c\udfff\ud83d\udcaa\ud83c\udfff\ud83d\ude4f\ud83c\udfff\ud83d\udcaa\ud83c\udfff\ud83d\ude4f\ud83c\udfff "
        },
        {
            "date": "2019-09-23 01:41:08+00:00",
            "tweet_raw": "\u201cWhen you keep yourself up at night trying to figure out how to make history, you not gonna make it\u201d \n#SavageXFentyShow",
            "tweet": "\u201cwhen you keep yourself up at night trying to figure out how to make history, you not gonna make it\u201d \n"
        },
        {
            "date": "2019-09-17 03:56:20+00:00",
            "tweet_raw": "NYC \n@FentyOfficial #corsetboot in white rubber-leather fusion https://t.co/dLHN3ksKbP",
            "tweet": "nyc \n  in white rubber-leather fusion "
        },
        {
            "date": "2019-09-23 01:16:19+00:00",
            "tweet_raw": "When you overseas and don\u2019t know the time difference!! \ud83e\udd74\ud83e\udd74\ud83e\udd74",
            "tweet": "when you overseas and don\u2019t know the time difference!! \ud83e\udd74\ud83e\udd74\ud83e\udd74"
        },
        {
            "date": "2019-09-23 01:17:15+00:00",
            "tweet_raw": "First up, let\u2019s make some popcorn \n\n#SAVAGEXFENTYSHOW",
            "tweet": "first up, let\u2019s make some popcorn \n\n"
        },
        {
            "date": "2019-07-19 14:41:16+00:00",
            "tweet_raw": "Our 5th Annual #DIAMONDBALL is just 2 months away!!! I\u2019m so excited to announce our host @sethmeyers ... and for the main event, the one and only @pharrell is performing!!! To support the  #ClaraLionelFoundation and learn more, follow @claralionelfdn! #CLF https://t.co/Bvkbnv7QWD",
            "tweet": "our 5th annual  is just 2 months away!!! i\u2019m so excited to announce our host  ... and for the main event, the one and only  is performing!!! to support the   and learn more, follow !  "
        },
        {
            "date": "2019-07-31 15:08:21+00:00",
            "tweet_raw": "Lavender leopard lace. \nGET \ud83d\udc4f INTO \ud83d\udc4f IT. All new @savagexfenty hits https://t.co/cRui93Ojuu at Midnight EST 8/1 tonight! \nShot by #dennisleupold https://t.co/hGjJFVwjsZ",
            "tweet": "lavender leopard lace. \nget \ud83d\udc4f into \ud83d\udc4f it. all new  hits  at midnight est 8/1 tonight! \nshot by  "
        },
        {
            "date": "2019-06-25 17:18:07+00:00",
            "tweet_raw": "who are you wearing Ri?\nMe: me\n\n@FentyOfficial https://t.co/MRAhR85qZf",
            "tweet": "who are you wearing ri?\nme: me\n\n "
        },
        {
            "date": "2019-10-07 14:59:37+00:00",
            "tweet_raw": "Over 5 years in the making... happy to finally share this collection of incredible memories. Thanks to all of the photographers &amp; artists that contributed &amp; to @phaidon for working with me to publish my first piece of art in a new industry! pre-order on https://t.co/XIX4c7zPdI \ud83d\udcda https://t.co/9aXtjzFDIJ",
            "tweet": "over 5 years in the making... happy to finally share this collection of incredible memories. thanks to all of the photographers &amp; artists that contributed &amp; to  for working with me to publish my first piece of art in a new industry! pre-order on  \ud83d\udcda "
        },
        {
            "date": "2020-10-02 00:18:22+00:00",
            "tweet_raw": "#SAVAGENOTSORRY bih! \ud83e\udd37\ud83c\udfff\u200d\u2640\ufe0f \n\nVOL. 2 of the @SavageXFenty show TOMORROW on @PrimeVideo https://t.co/meO8xeRrec",
            "tweet": " bih! \ud83e\udd37\ud83c\udfff\u200d\u2640\ufe0f \n\nvol. 2 of the  show tomorrow on  "
        },
        {
            "date": "2019-06-20 23:03:24+00:00",
            "tweet_raw": "not funny @sethmeyers \ud83d\ude48\nmake sure you do not miss this episode TONIGHT starring 2 complete disasters....on @latenightseth 12:35/11:35c https://t.co/S655hezW3E",
            "tweet": "not funny  \ud83d\ude48\nmake sure you do not miss this episode tonight starring 2 complete disasters....on  12:35/11:35c "
        },
        {
            "date": "2019-07-19 02:45:41+00:00",
            "tweet_raw": ".@FentyBeauty is coming to Hong Kong, Macau, Seoul and Jeju in September! \ud83d\udc84\ud83d\udc8b https://t.co/hYW4T6p4Ej",
            "tweet": ". is coming to hong kong, macau, seoul and jeju in september! \ud83d\udc84\ud83d\udc8b "
        },
        {
            "date": "2019-09-23 01:58:14+00:00",
            "tweet_raw": "Ahhhhh thank youuuu!!! Miss the stage https://t.co/DfqnnMbLfS",
            "tweet": "ahhhhh thank youuuu!!! miss the stage "
        },
        {
            "date": "2019-09-23 02:01:35+00:00",
            "tweet_raw": "Fat, but make it fashion... #popcornupdate #SavageXFentySHOW https://t.co/gKwwObycdE",
            "tweet": "fat, but make it fashion...   "
        },
        {
            "date": "2021-06-02 17:15:18+00:00",
            "tweet_raw": "the do it yourself issue \ud83d\ude4c\ud83c\udfff @vogue_italia https://t.co/pEu3ciFHQJ",
            "tweet": "the do it yourself issue \ud83d\ude4c\ud83c\udfff  "
        },
        {
            "date": "2019-10-17 08:07:26+00:00",
            "tweet_raw": "Happy to announce that my book will be OUT 5 days early exclusively at @HarveyNichols. pick up your copy in store this Sat Oct 19th (signed copies for the 1st in line!) or pre-order on https://t.co/5rWPjo9fbI by Sat to get it before the Oct 24th global release! #theRIHANNAbook https://t.co/qhIdzBVznA",
            "tweet": "happy to announce that my book will be out 5 days early exclusively at . pick up your copy in store this sat oct 19th (signed copies for the 1st in line!) or pre-order on  by sat to get it before the oct 24th global release!  "
        },
        {
            "date": "2019-09-08 03:37:03+00:00",
            "tweet_raw": "Limited Edition #SavageXCLF styles are out now at https://t.co/OwYolNKFWR .... I started @claralionelfdn because I believe in people having a chance at a better life through health, education and proactive measures to emergency response. https://t.co/5Enrtu7DaA",
            "tweet": "limited edition  styles are out now at  .... i started  because i believe in people having a chance at a better life through health, education and proactive measures to emergency response. "
        },
        {
            "date": "2020-06-02 21:50:13+00:00",
            "tweet_raw": "VOTE. Ya ain\u2019t got shit else to do man! Get yo ass off the couch and go vote!!! I don\u2019t wanna hear another excuse!! Stop believing that your vote and voice don\u2019t matter! This the illest way to protest...vote for the change you want!!! https://t.co/aqSq1D6r87",
            "tweet": "vote. ya ain\u2019t got shit else to do man! get yo ass off the couch and go vote!!! i don\u2019t wanna hear another excuse!! stop believing that your vote and voice don\u2019t matter! this the illest way to protest...vote for the change you want!!! "
        },
        {
            "date": "2021-09-12 21:53:24+00:00",
            "tweet_raw": "who\u2019s that peeking in my window\u2026..POW! \n\n#SAVAGEXFENTYSHOW Vol. 3 \ud83d\udc40 Sept. 24 @PrimeVideo https://t.co/vroU6XfuNd",
            "tweet": "who\u2019s that peeking in my window\u2026..pow! \n\n vol. 3 \ud83d\udc40 sept. 24  "
        },
        {
            "date": "2020-05-08 22:46:53+00:00",
            "tweet_raw": "This #SHOTSANDSWATCHES game is no joke \ud83d\ude2b\ud83d\ude02 y\u2019all just have to watch and see. We are showing you all 10 @fentybeauty sheer &amp; buildable Cheeks Out Cream Blush shades!! Full video up on https://t.co/sid1oil7DN https://t.co/AlP6CgX9fF",
            "tweet": "this  game is no joke \ud83d\ude2b\ud83d\ude02 y\u2019all just have to watch and see. we are showing you all 10  sheer &amp; buildable cheeks out cream blush shades!! full video up on  "
        },
        {
            "date": "2019-09-23 02:10:03+00:00",
            "tweet_raw": "I \u2764\ufe0f the Migos!! Like my whole ghetto life was made right here bruh \ud83e\udd7a #SavageXFentySHOW",
            "tweet": "i \u2764\ufe0f the migos!! like my whole ghetto life was made right here bruh \ud83e\udd7a "
        },
        {
            "date": "2019-08-30 02:36:48+00:00",
            "tweet_raw": "Vogue Hong Kong https://t.co/SEQqfKsWCj",
            "tweet": "vogue hong kong "
        },
        {
            "date": "2019-09-23 05:04:28+00:00",
            "tweet_raw": "be first to get some of these pieces from our #savageXFentyshow at https://t.co/GIq2RIHi0R exclusively on preorder @savagexfenty https://t.co/wT12ZsZlbf",
            "tweet": "be first to get some of these pieces from our  at  exclusively on preorder  "
        },
        {
            "date": "2019-06-22 19:51:35+00:00",
            "tweet_raw": "hey \ud83d\udc4b\ud83c\udfff @realDonaldTrump https://t.co/kRjCsnRILn",
            "tweet": "hey \ud83d\udc4b\ud83c\udfff  "
        },
        {
            "date": "2019-09-23 02:04:11+00:00",
            "tweet_raw": "Iss me sis \ud83d\ude29\ud83e\udd37\ud83c\udfff\u200d\u2640\ufe0f https://t.co/YpPfreyluG",
            "tweet": "iss me sis \ud83d\ude29\ud83e\udd37\ud83c\udfff\u200d\u2640\ufe0f "
        },
        {
            "date": "2019-09-10 14:45:00+00:00",
            "tweet_raw": "#SAVAGEXFENTYSHOW.\u00a0SEPT 20TH. You have no idea how crazy of a show is coming to @primevideo !! Performances by @djkhaled @halsey\u00a0@bigsean @Migos @fatjoe @asapferg @myfabolouslife &amp; @TierraWhack... https://t.co/bE63HWMe4n",
            "tweet": ".\u00a0sept 20th. you have no idea how crazy of a show is coming to  !! performances by  \u00a0     &amp; ... "
        },
        {
            "date": "2019-09-23 01:41:08+00:00",
            "tweet_raw": "\u201cWhen you keep yourself up at night trying to figure out how to make history, you not gonna make it\u201d \n#SavageXFentyShow",
            "tweet": "\u201cwhen you keep yourself up at night trying to figure out how to make history, you not gonna make it\u201d \n"
        },
        {
            "date": "2020-01-06 21:59:50+00:00",
            "tweet_raw": "first selfie of the year doe. #2020 https://t.co/TJxarwWeXI",
            "tweet": "first selfie of the year doe.  "
        },
        {
            "date": "2019-09-23 02:06:56+00:00",
            "tweet_raw": "Fun fact: 21 Savage had chicken wings just before this walk!!! My type of Savage tbh #SavageXFentySHOW",
            "tweet": "fun fact: 21 savage had chicken wings just before this walk!!! my type of savage tbh "
        },
        {
            "date": "2021-10-17 20:54:11+00:00",
            "tweet_raw": "if you woke up late\u2026this for you https://t.co/XMx8qeCBkQ",
            "tweet": "if you woke up late\u2026this for you "
        },
        {
            "date": "2019-12-07 05:10:57+00:00",
            "tweet_raw": "fairy bomb shimmer powder. #TROPHYWIFE out now on https://t.co/Gr3OPNUbFC @fentybeauty https://t.co/z7zpLAFIOl",
            "tweet": "fairy bomb shimmer powder.  out now on   "
        },
        {
            "date": "2019-09-23 01:58:14+00:00",
            "tweet_raw": "Ahhhhh thank youuuu!!! Miss the stage https://t.co/DfqnnMbLfS",
            "tweet": "ahhhhh thank youuuu!!! miss the stage "
        },
        {
            "date": "2019-09-23 02:21:26+00:00",
            "tweet_raw": "I\u2019m bout to block Bella \ud83e\udd37\ud83c\udfff\u200d\u2640\ufe0f\n#SavageXFentySHOW",
            "tweet": "i\u2019m bout to block bella \ud83e\udd37\ud83c\udfff\u200d\u2640\ufe0f\n"
        },
        {
            "date": "2019-09-22 18:43:37+00:00",
            "tweet_raw": "Thank you boo! https://t.co/UIMepRK8BO",
            "tweet": "thank you boo! "
        },
        {
            "date": "2019-07-10 23:40:01+00:00",
            "tweet_raw": "when u ran outta towels https://t.co/LLZZsxq4ek",
            "tweet": "when u ran outta towels "
        },
        {
            "date": "2021-02-07 23:11:58+00:00",
            "tweet_raw": "\ud83e\uddd6\ud83c\udfff\u200d\u2640\ufe0f\ud83d\udc41 back with another baddie for your skincare collection - @fentyskin #FLASHNAP Instant Revival Eye Gel-Cream, the only way to get that well-rested look, and y\u2019all already know I NEVER sleep!!! https://t.co/1HD7sLlO3p",
            "tweet": "\ud83e\uddd6\ud83c\udfff\u200d\u2640\ufe0f\ud83d\udc41 back with another baddie for your skincare collection -   instant revival eye gel-cream, the only way to get that well-rested look, and y\u2019all already know i never sleep!!! "
        },
        {
            "date": "2019-08-30 02:36:00+00:00",
            "tweet_raw": "#VogueHongKong. On stands SEPT 1st !! Photography: #hannamoon https://t.co/N7V59BxIHY",
            "tweet": ". on stands sept 1st !! photography:  "
        },
        {
            "date": "2020-07-14 06:24:56+00:00",
            "tweet_raw": "Eiffel Tower who?! \nNext @FentyOfficial release is all about... SHOES ! Designed with @AminaMuaddi \ud83d\udc60\ud83e\udd70 Y\u2019all ready? Dropping July 15th on https://t.co/GSpWS6tXxE https://t.co/VmjpzNUCZv",
            "tweet": "eiffel tower who?! \nnext  release is all about... shoes ! designed with  \ud83d\udc60\ud83e\udd70 y\u2019all ready? dropping july 15th on  "
        },
        {
            "date": "2019-11-20 23:28:26+00:00",
            "tweet_raw": "#trouble on https://t.co/GSpWS6tXxE https://t.co/AvptZnPl6p",
            "tweet": " on  "
        },
        {
            "date": "2019-09-20 15:12:31+00:00",
            "tweet_raw": "me after @savagexfenty show... watch now on @PrimeVideo https://t.co/R02C55DeDG https://t.co/h6x8tqvqwX",
            "tweet": "me after  show... watch now on   "
        },
        {
            "date": "2020-02-23 20:29:52+00:00",
            "tweet_raw": "Lol \ud83d\ude02 @SonitaAlex https://t.co/SHpensXSXi",
            "tweet": "lol \ud83d\ude02  "
        },
        {
            "date": "2020-07-12 00:59:39+00:00",
            "tweet_raw": "This @fentybeauty  #SlipShineLipstickChallenge is a kiiiiii!!! Ugh! By the 3rd time, it turns into all kinds of Ship Slime-Shit Shine madness! How many times y\u2019all could say #SlipShineLipstick in a row? Cause me and Jenn clearly suck!!! https://t.co/tMi4epqpxl",
            "tweet": "this    is a kiiiiii!!! ugh! by the 3rd time, it turns into all kinds of ship slime-shit shine madness! how many times y\u2019all could say  in a row? cause me and jenn clearly suck!!! "
        },
        {
            "date": "2019-10-31 16:00:00+00:00",
            "tweet_raw": "This holiday season, ya girl is comin\u2019 all the way through! I\u2019m sharing my very own stylist with you so you BETTER. GET. READY. I brought on Jahleel to create THREE @savagexfenty Xtra VIP Boxes \ud83e\udd73\ud83d\ude0f\ud83e\udd70 They drop 11/1 at MIDNIGHT EST only on https://t.co/LuZbqlpUVN. #UXTRA https://t.co/jXERpooFe1",
            "tweet": "this holiday season, ya girl is comin\u2019 all the way through! i\u2019m sharing my very own stylist with you so you better. get. ready. i brought on jahleel to create three  xtra vip boxes \ud83e\udd73\ud83d\ude0f\ud83e\udd70 they drop 11/1 at midnight est only on   "
        },
        {
            "date": "2019-09-26 14:07:54+00:00",
            "tweet_raw": "Look of the week! \nPARIS!! Got a new @FentyOfficial pop up at @Galeries_Laf Champs-Elys\u00e9es open now thru Oct 12th! Shop the latest 9-19 drop before it\u2019s available online at https://t.co/NXpjzyYZ2T on Sept. 26th! https://t.co/1M9fte10FI",
            "tweet": "look of the week! \nparis!! got a new  pop up at  champs-elys\u00e9es open now thru oct 12th! shop the latest 9-19 drop before it\u2019s available online at  on sept. 26th! "
        },
        {
            "date": "2020-03-27 04:20:48+00:00",
            "tweet_raw": "Believe it!! @partynextdoor album live!!! https://t.co/gelGmmEZFy https://t.co/eNeI6PluOZ",
            "tweet": "believe it!!  album live!!!  "
        },
        {
            "date": "2020-07-09 18:51:14+00:00",
            "tweet_raw": "I don\u2019t usually do this, but I\u2019m such a fan of my Prime Minister @miaamormottley ! What an honor to be an ambassador of my country through your leadership! Thank you for taking the time to say these kind words!",
            "tweet": "i don\u2019t usually do this, but i\u2019m such a fan of my prime minister  ! what an honor to be an ambassador of my country through your leadership! thank you for taking the time to say these kind words!"
        },
        {
            "date": "2019-08-30 02:29:33+00:00",
            "tweet_raw": "Cover of @VogueMagazine Hong Kong. On stands SEPT 1st !! \n\nPhotography: #HannaMoon\nFashion Director: @anyaziourova\nHair: @yusefhairnyc\u00a0\nMakeup: #KanakoTakase \nNails: #MariaSalandra\nProducer: Alexis Piqueras \nSet Designer: Gerard Santos https://t.co/GeoEUnC8jG",
            "tweet": "cover of  hong kong. on stands sept 1st !! \n\nphotography: \nfashion director: \nhair: \u00a0\nmakeup:  \nnails: \nproducer: alexis piqueras \nset designer: gerard santos "
        },
        {
            "date": "2020-07-14 06:24:56+00:00",
            "tweet_raw": "Eiffel Tower who?! \nNext @FentyOfficial release is all about... SHOES ! Designed with @AminaMuaddi \ud83d\udc60\ud83e\udd70 Y\u2019all ready? Dropping July 15th on https://t.co/GSpWS6tXxE https://t.co/VmjpzNUCZv",
            "tweet": "eiffel tower who?! \nnext  release is all about... shoes ! designed with  \ud83d\udc60\ud83e\udd70 y\u2019all ready? dropping july 15th on  "
        },
        {
            "date": "2020-05-08 23:11:31+00:00",
            "tweet_raw": "#SHOTSANDSWATCHES @fentybeauty Cheeks Out. Cream Blush. 10 shades. Full video on https://t.co/sid1oil7DN https://t.co/odvYRC9S24",
            "tweet": "  cheeks out. cream blush. 10 shades. full video on  "
        },
        {
            "date": "2019-09-23 02:05:30+00:00",
            "tweet_raw": "These chicks is baaaaaaaddddd!!! I wanted to do this all green section too \ud83d\ude29\n#SavageXFentySHOW",
            "tweet": "these chicks is baaaaaaaddddd!!! i wanted to do this all green section too \ud83d\ude29\n"
        },
        {
            "date": "2019-09-23 02:01:35+00:00",
            "tweet_raw": "Fat, but make it fashion... #popcornupdate #SavageXFentySHOW https://t.co/gKwwObycdE",
            "tweet": "fat, but make it fashion...   "
        },
        {
            "date": "2019-09-23 01:38:00+00:00",
            "tweet_raw": "5,4,3,2...",
            "tweet": "5,4,3,2..."
        },
        {
            "date": "2019-09-05 14:59:54+00:00",
            "tweet_raw": "\ud83d\udc4f\ud83c\udfffstrapless \ud83d\udc4f\ud83c\udfffbra\ud83d\udc4f\ud83c\udfff by \ud83d\udc4f\ud83c\udfff @savagexfenty \ud83d\udc4f\ud83c\udfff Big up my girl @lizzo and @ELLEmagazine for the feature! Literally just saw this in the middle of prep for our show (September 20th on @PrimeVideo \ud83d\udd0c) made my day already! https://t.co/kxaVw1vWaE",
            "tweet": "\ud83d\udc4f\ud83c\udfffstrapless \ud83d\udc4f\ud83c\udfffbra\ud83d\udc4f\ud83c\udfff by \ud83d\udc4f\ud83c\udfff  \ud83d\udc4f\ud83c\udfff big up my girl  and  for the feature! literally just saw this in the middle of prep for our show (september 20th on  \ud83d\udd0c) made my day already! "
        },
        {
            "date": "2019-09-23 02:27:58+00:00",
            "tweet_raw": "Forgot how much I loved this song Fab! Thank you man #SavageXFentySHOW",
            "tweet": "forgot how much i loved this song fab! thank you man "
        },
        {
            "date": "2019-09-03 00:50:48+00:00",
            "tweet_raw": "In Seoul, you can find us in Duty Free locations at @lottedfs_global, @shinsegaedf, and in Jeju at The Shilla DF !! Can\u2019t wait to see your beautiful faces on Sept 17th at the beauty and artistry talk with #fentybeauty Global Makeup Artists @PriscillaOno and Hector Espinal!",
            "tweet": "in seoul, you can find us in duty free locations at , , and in jeju at the shilla df !! can\u2019t wait to see your beautiful faces on sept 17th at the beauty and artistry talk with  global makeup artists  and hector espinal!"
        },
        {
            "date": "2019-09-23 01:56:37+00:00",
            "tweet_raw": "STIIILLLL https://t.co/BAU9MpTZFe",
            "tweet": "stiiillll "
        },
        {
            "date": "2019-09-23 02:23:29+00:00",
            "tweet_raw": "Also my fav music and choreography!! Them chicks look like the lil villains from Mario and Luigi that you gotta jump on before they get you",
            "tweet": "also my fav music and choreography!! them chicks look like the lil villains from mario and luigi that you gotta jump on before they get you"
        },
        {
            "date": "2020-07-18 17:10:37+00:00",
            "tweet_raw": "Thank you my brother. Thank you! \ud83d\ude4f\ud83c\udfff Rest easy John Lewis. https://t.co/B6CQCOQbwT",
            "tweet": "thank you my brother. thank you! \ud83d\ude4f\ud83c\udfff rest easy john lewis. "
        },
        {
            "date": "2020-07-19 21:25:18+00:00",
            "tweet_raw": "that\u2019s right baby...@fentyskin is for my fellas too! No matter who you are, you deserve to have great skin! \ud83d\udc4c\ud83c\udfff More product details soon come  \ud83d\udc49\ud83c\udfff Hit the link to sign up for early access to shop! https://t.co/YaT6BFSJec https://t.co/vHT7jsRWVp",
            "tweet": "that\u2019s right baby... is for my fellas too! no matter who you are, you deserve to have great skin! \ud83d\udc4c\ud83c\udfff more product details soon come  \ud83d\udc49\ud83c\udfff hit the link to sign up for early access to shop!  "
        }
    ],
    "len": 100
}