{
    "account": "@SnoopDogg",
    "type": "Rap",
    "tweets": [
        {
            "date": "2022-03-04 06:50:09+00:00",
            "tweet_raw": "We did that. Thank you @worldofwomennft \ud83d\udd25\ud83d\udc4a\ud83c\udfff\ud83d\udcab got mine\n\nhttps://t.co/4No77DV0db https://t.co/RLreVVqvv3",
            "tweet": "we did that. thank you  \ud83d\udd25\ud83d\udc4a\ud83c\udfff\ud83d\udcab got mine\n\n "
        },
        {
            "date": "2022-03-01 07:04:33+00:00",
            "tweet_raw": "I got bored. \n\nhttps://t.co/shenkUAmMI",
            "tweet": "i got bored. \n\n"
        },
        {
            "date": "2022-02-27 01:15:42+00:00",
            "tweet_raw": "Snoop Doggy Doggies! Tha squad is 7k deep. There's alotta dogg in this fight.  \ud83e\udd16\ud83e\udd16\ud83d\ude80\ud83d\ude80\ud83d\udc36\ud83d\udc15\ud83e\uddae\ud83d\udc15\u200d\ud83e\uddba\ud83d\udc29https://t.co/5bqVD3YrxD",
            "tweet": "snoop doggy doggies! tha squad is 7k deep. there's alotta dogg in this fight.  \ud83e\udd16\ud83e\udd16\ud83d\ude80\ud83d\ude80\ud83d\udc36\ud83d\udc15\ud83e\uddae\ud83d\udc15\u200d\ud83e\uddba\ud83d\udc29"
        },
        {
            "date": "2022-03-03 11:04:23+00:00",
            "tweet_raw": "Fo\u20199CixTray. That\u2019s his mufaccin name. @InvsbleFriends Got mine \ud83d\udd25\ud83d\udd25\ud83d\udd25\ud83d\udc4a\ud83c\udfff aye @C_Broadus21 u next Loc \ud83d\ude4f\ud83c\udfff\n\nhttps://t.co/Le4F6PQoSb https://t.co/kJBxLL3hiI",
            "tweet": "fo\u20199cixtray. that\u2019s his mufaccin name.  got mine \ud83d\udd25\ud83d\udd25\ud83d\udd25\ud83d\udc4a\ud83c\udfff aye  u next loc \ud83d\ude4f\ud83c\udfff\n\n "
        },
        {
            "date": "2022-03-04 22:05:54+00:00",
            "tweet_raw": "Twitter spaces @ 4:20pm bring something 2 smoke on \u2728\ud83d\udc4a\ud83c\udffe\ud83d\udcab",
            "tweet": "twitter spaces @ 4:20pm bring something 2 smoke on \u2728\ud83d\udc4a\ud83c\udffe\ud83d\udcab"
        },
        {
            "date": "2022-03-11 04:47:09+00:00",
            "tweet_raw": "2mrw u get 2 put your Doggies 2 work. You may even earn a little something in return. https://t.co/8xHQ2Wl4G8",
            "tweet": "2mrw u get 2 put your doggies 2 work. you may even earn a little something in return. "
        },
        {
            "date": "2022-03-04 05:02:37+00:00",
            "tweet_raw": "I\u2019m all ears \ud83e\udde0\ud83c\udf2a https://t.co/FYPn3Hisbt",
            "tweet": "i\u2019m all ears \ud83e\udde0\ud83c\udf2a "
        },
        {
            "date": "2022-03-08 01:19:01+00:00",
            "tweet_raw": "New drop for the ladies up now @opensea @worldofwomennft  @MalayaTinaB \ud83d\udc4a\ud83c\udffe\ud83d\udd25\ud83c\udfa4\ud83c\udfa4\ud83d\udc4f\ud83c\udfff\ud83c\udf39 https://t.co/TsxyBXXzLT",
            "tweet": "new drop for the ladies up now     \ud83d\udc4a\ud83c\udffe\ud83d\udd25\ud83c\udfa4\ud83c\udfa4\ud83d\udc4f\ud83c\udfff\ud83c\udf39 "
        },
        {
            "date": "2022-05-13 16:22:23+00:00",
            "tweet_raw": "Everyone gets a blue checkmark. Even tha bots with 10 letters in their name that hit you in DMs n just say \u201cHello\u201d.  Nah fuck those bots.",
            "tweet": "everyone gets a blue checkmark. even tha bots with 10 letters in their name that hit you in dms n just say \u201chello\u201d.  nah fuck those bots."
        },
        {
            "date": "2022-03-05 05:38:23+00:00",
            "tweet_raw": "D. P. G. C.      Death row NFT in 20 min\ud83d\udd25\ud83d\udd25\ud83d\udd25\ud83d\udcf1\ud83d\udcf1\ud83d\udc4f\ud83c\udfff\ud83d\udc4a\ud83c\udffe\ud83d\udd25\ud83c\udfa4\ud83d\udd08\ud83c\udf2a\u26fd\ufe0f\u26fd\ufe0f\u26fd\ufe0f https://t.co/U97xDYItQX",
            "tweet": "d. p. g. c.      death row nft in 20 min\ud83d\udd25\ud83d\udd25\ud83d\udd25\ud83d\udcf1\ud83d\udcf1\ud83d\udc4f\ud83c\udfff\ud83d\udc4a\ud83c\udffe\ud83d\udd25\ud83c\udfa4\ud83d\udd08\ud83c\udf2a\u26fd\ufe0f\u26fd\ufe0f\u26fd\ufe0f "
        },
        {
            "date": "2022-03-01 04:23:19+00:00",
            "tweet_raw": "@greg16676935420 @sartoshi_nft not badd but need more gregg.",
            "tweet": "  not badd but need more gregg."
        },
        {
            "date": "2022-03-06 12:32:10+00:00",
            "tweet_raw": "24 hours to get snoop unreleased heat on @opensea  death row mixtape vol 1 up now \ud83d\udc4a\ud83c\udffe\ud83d\udd25\ud83d\udd25\ud83d\udcf1\ud83d\udcf1\ud83d\udc4f\ud83c\udfff\ud83d\udc4f\ud83c\udfff\ud83c\udfa4\ud83c\udfa4 https://t.co/ZAnWaSpX7U",
            "tweet": "24 hours to get snoop unreleased heat on   death row mixtape vol 1 up now \ud83d\udc4a\ud83c\udffe\ud83d\udd25\ud83d\udd25\ud83d\udcf1\ud83d\udcf1\ud83d\udc4f\ud83c\udfff\ud83d\udc4f\ud83c\udfff\ud83c\udfa4\ud83c\udfa4 "
        },
        {
            "date": "2022-02-23 22:35:39+00:00",
            "tweet_raw": "Sold out real quick!!!! Big Thank U. Me n my visible friends. @TheSnoopAvatars \ud83d\udc99\ud83d\udc4a\ud83c\udfff\ud83d\udc4a\ud83c\udfff\ud83c\udfaf\ud83d\udcab\ud83d\udcab \ud83d\udd25only place 2 get em now \u2b07\ufe0f\n\nhttps://t.co/5bqVD3GQG5",
            "tweet": "sold out real quick!!!! big thank u. me n my visible friends.  \ud83d\udc99\ud83d\udc4a\ud83c\udfff\ud83d\udc4a\ud83c\udfff\ud83c\udfaf\ud83d\udcab\ud83d\udcab \ud83d\udd25only place 2 get em now \u2b07\ufe0f\n\n"
        },
        {
            "date": "2022-03-03 06:58:51+00:00",
            "tweet_raw": "King Doodle drops a single on @deathrowmusic . \ud83d\udd25 @doodles @E40 \n\nhttps://t.co/LCSzxcy49v",
            "tweet": "king doodle drops a single on  . \ud83d\udd25   \n\n"
        },
        {
            "date": "2022-02-27 16:28:13+00:00",
            "tweet_raw": "Gm!",
            "tweet": "gm!"
        },
        {
            "date": "2022-03-01 23:55:13+00:00",
            "tweet_raw": "I started out breaking records now I\u2019m BREAKING records.",
            "tweet": "i started out breaking records now i\u2019m breaking records."
        },
        {
            "date": "2022-03-03 17:04:39+00:00",
            "tweet_raw": "Tha @OrangeCometNFT Is a project that is doin it different. They usin @TheWalkingDeadAMC\u00a0show n made it their own \ud83d\udcab\ud83d\udd25 \n\nhttps://t.co/Rgxjb6ykjQ https://t.co/ShE7yQ7c2z",
            "tweet": "tha  is a project that is doin it different. they usin \u00a0show n made it their own \ud83d\udcab\ud83d\udd25 \n\n "
        },
        {
            "date": "2022-03-09 02:51:55+00:00",
            "tweet_raw": "My wife @BossLadyETH is on Twitter. \ud83d\udd25\ud83d\udc4a\ud83c\udfff\ud83d\udc99\ud83d\udc99 give her a follow for me #InternationalWomensDay https://t.co/uo8A3a4rE1",
            "tweet": "my wife  is on twitter. \ud83d\udd25\ud83d\udc4a\ud83c\udfff\ud83d\udc99\ud83d\udc99 give her a follow for me  "
        },
        {
            "date": "2022-03-04 05:23:52+00:00",
            "tweet_raw": "Speak for yourself \ud83d\ude80",
            "tweet": "speak for yourself \ud83d\ude80"
        },
        {
            "date": "2022-02-24 12:29:06+00:00",
            "tweet_raw": "Rewind Rise n Shine",
            "tweet": "rewind rise n shine"
        },
        {
            "date": "2022-02-26 16:21:43+00:00",
            "tweet_raw": "\ud83d\udc40 https://t.co/Va7vP03zyy",
            "tweet": "\ud83d\udc40 "
        },
        {
            "date": "2022-03-01 22:19:44+00:00",
            "tweet_raw": "#1 Trending. @opensea @deathrowmusic \ud83c\udfb6 \ud83c\udfa4 \n\nhttps://t.co/shenkUAmMI https://t.co/P35bCNVnj4",
            "tweet": " trending.   \ud83c\udfb6 \ud83c\udfa4 \n\n "
        },
        {
            "date": "2022-02-14 18:11:58+00:00",
            "tweet_raw": "GRAND OPENING TODAY\n11a - 3p\n905 S Prairie Ave\nInglewood, CA  90301\nUnited States https://t.co/7AKTQHzSuA",
            "tweet": "grand opening today\n11a - 3p\n905 s prairie ave\ninglewood, ca  90301\nunited states "
        },
        {
            "date": "2022-03-05 14:39:19+00:00",
            "tweet_raw": "Wake up and workout \ud83c\udfcb\ufe0f\u200d\u2640\ufe0f. NFT.  Available now Deathrow NFT\ud83d\udd25\ud83d\udc4f\ud83c\udfff https://t.co/U8xX5ttfY4",
            "tweet": "wake up and workout \ud83c\udfcb\ufe0f\u200d\u2640\ufe0f. nft.  available now deathrow nft\ud83d\udd25\ud83d\udc4f\ud83c\udfff "
        },
        {
            "date": "2022-03-04 04:44:37+00:00",
            "tweet_raw": "Rollin down the street smokin\u2019 indooo",
            "tweet": "rollin down the street smokin\u2019 indooo"
        },
        {
            "date": "2022-02-27 16:28:13+00:00",
            "tweet_raw": "Gm!",
            "tweet": "gm!"
        },
        {
            "date": "2022-03-09 23:24:00+00:00",
            "tweet_raw": "Snoop VIP Experience Packages\n\ud83d\udd25 ON SALE NOW! \ud83d\udd25 \n\nhttps://t.co/MiygpuyIyI \n\nVIP ACCESS X MEET &amp; GREETS X SWAG BAGS https://t.co/2N68vw713o",
            "tweet": "snoop vip experience packages\n\ud83d\udd25 on sale now! \ud83d\udd25 \n\n \n\nvip access x meet &amp; greets x swag bags "
        },
        {
            "date": "2022-02-19 16:03:32+00:00",
            "tweet_raw": "Whitelist 2/2/22. Public sale 2/23/22. LFG! @TheSnoopAvatars https://t.co/aDOoD1g400",
            "tweet": "whitelist 2/2/22. public sale 2/23/22. lfg!  "
        },
        {
            "date": "2022-03-05 00:22:23+00:00",
            "tweet_raw": "Snoop dogg and. @Timbaland  n\u00e9w music up now \ud83d\udcf1\ud83d\udd25\ud83d\udc4a\ud83c\udffe\ud83d\udc4f\ud83c\udfff\ud83d\udca8\ud83c\udfa4\ud83c\udfa4 https://t.co/FmLgzKfhfE",
            "tweet": "snoop dogg and.   n\u00e9w music up now \ud83d\udcf1\ud83d\udd25\ud83d\udc4a\ud83c\udffe\ud83d\udc4f\ud83c\udfff\ud83d\udca8\ud83c\udfa4\ud83c\udfa4 "
        },
        {
            "date": "2022-03-05 14:37:06+00:00",
            "tweet_raw": "Kings of The West https://t.co/J8PvycSqfT",
            "tweet": "kings of the west "
        },
        {
            "date": "2022-02-21 17:23:39+00:00",
            "tweet_raw": "Suited n booted \ud83d\udd25\ud83c\udfaf\ud83c\udfaf @gucci https://t.co/TIzKsrTf7e",
            "tweet": "suited n booted \ud83d\udd25\ud83c\udfaf\ud83c\udfaf  "
        },
        {
            "date": "2022-02-26 16:21:43+00:00",
            "tweet_raw": "\ud83d\udc40 https://t.co/Va7vP03zyy",
            "tweet": "\ud83d\udc40 "
        },
        {
            "date": "2022-03-03 06:55:02+00:00",
            "tweet_raw": "Sorry y\u2019all I got high \ud83d\udca8\ud83d\udc4a\ud83c\udffe",
            "tweet": "sorry y\u2019all i got high \ud83d\udca8\ud83d\udc4a\ud83c\udffe"
        },
        {
            "date": "2022-03-01 04:46:52+00:00",
            "tweet_raw": "@greg16676935420 @sartoshi_nft Ok now. Mint that shit playa! Donate it to charity. We can probably take a whole town from nuthin to sumthing. \ud83d\ude80\ud83d\ude80\ud83d\ude80\ud83d\ude80\ud83d\ude80",
            "tweet": "  ok now. mint that shit playa! donate it to charity. we can probably take a whole town from nuthin to sumthing. \ud83d\ude80\ud83d\ude80\ud83d\ude80\ud83d\ude80\ud83d\ude80"
        },
        {
            "date": "2022-03-01 01:48:40+00:00",
            "tweet_raw": "After serious contemplation we will be adding a KEVIN to tha DOGGIES. Designs coming. @TheSnoopAvatars",
            "tweet": "after serious contemplation we will be adding a kevin to tha doggies. designs coming. "
        },
        {
            "date": "2022-02-22 22:14:07+00:00",
            "tweet_raw": "We live bacc at ya \ud83d\udc4a\ud83c\udfff\ud83d\udc4a\ud83c\udfff if you on the WL.. get yours now \ud83d\ude4f\ud83c\udfff \ud83d\udc99 \ud83d\udcaa\ud83c\udfff\ud83d\udcab\ud83d\udcab @TheSnoopAvatars \n\nhttps://t.co/DZvSV55pgM",
            "tweet": "we live bacc at ya \ud83d\udc4a\ud83c\udfff\ud83d\udc4a\ud83c\udfff if you on the wl.. get yours now \ud83d\ude4f\ud83c\udfff \ud83d\udc99 \ud83d\udcaa\ud83c\udfff\ud83d\udcab\ud83d\udcab  \n\n"
        },
        {
            "date": "2022-03-06 12:42:54+00:00",
            "tweet_raw": "I\u2019m bored \ud83d\ude11",
            "tweet": "i\u2019m bored \ud83d\ude11"
        },
        {
            "date": "2022-03-02 07:08:10+00:00",
            "tweet_raw": "We encourage this behavior @deathrowmusic . He remix my song he bought the rights to and put it on a @TheSnoopAvatars \ud83d\udc4a\ud83c\udfff\ud83d\udc4a\ud83c\udfff\ud83d\udc4a\ud83c\udfff\ud83d\udc4a\ud83c\udfff\ud83d\udd25\ud83d\udd25\ud83d\udd25 https://t.co/jq2sdynIBe",
            "tweet": "we encourage this behavior  . he remix my song he bought the rights to and put it on a  \ud83d\udc4a\ud83c\udfff\ud83d\udc4a\ud83c\udfff\ud83d\udc4a\ud83c\udfff\ud83d\udc4a\ud83c\udfff\ud83d\udd25\ud83d\udd25\ud83d\udd25 "
        },
        {
            "date": "2022-02-17 16:02:19+00:00",
            "tweet_raw": "I wanna change the game and reinvent the system. STASH BOXES  live 4 a limited time. #deathrowrecords #BODR #NFTs https://t.co/cgUSGn77xI",
            "tweet": "i wanna change the game and reinvent the system. stash boxes  live 4 a limited time.    "
        },
        {
            "date": "2022-03-05 00:08:34+00:00",
            "tweet_raw": "Real spill \ud83d\udc4a\ud83c\udffe\ud83d\udd25\ud83c\udfa4 https://t.co/FtfAviXLSj",
            "tweet": "real spill \ud83d\udc4a\ud83c\udffe\ud83d\udd25\ud83c\udfa4 "
        },
        {
            "date": "2022-02-24 04:17:03+00:00",
            "tweet_raw": "A special #bodr dj snoopadelic mixx https://t.co/31PBIX5It9",
            "tweet": "a special  dj snoopadelic mixx "
        },
        {
            "date": "2022-03-08 03:51:41+00:00",
            "tweet_raw": "We officially signed two CloneX  @RTFKTstudios @Zaptio to @deathrowmusic \ud83d\udd25\ud83d\udd25\ud83d\udd25 some surprises comin real soon \ud83d\udc40 \ud83c\udfb5 \ud83c\udfa4 https://t.co/xMkNTVUKsS",
            "tweet": "we officially signed two clonex    to  \ud83d\udd25\ud83d\udd25\ud83d\udd25 some surprises comin real soon \ud83d\udc40 \ud83c\udfb5 \ud83c\udfa4 "
        },
        {
            "date": "2022-03-07 00:02:06+00:00",
            "tweet_raw": "Menthal Health  @deathrowmusic \ud83d\udc4f\ud83c\udfff\ud83d\udc4a\ud83c\udffe\ud83d\ude4f\ud83c\udffe. Meditation \ud83e\uddd8\u200d\u2642\ufe0f comin up in next hour \ud83d\udd25\ud83d\ude4f\ud83c\udffe\ud83d\udc4f\ud83c\udfff https://t.co/MYU0VAVa9P",
            "tweet": "menthal health   \ud83d\udc4f\ud83c\udfff\ud83d\udc4a\ud83c\udffe\ud83d\ude4f\ud83c\udffe. meditation \ud83e\uddd8\u200d\u2642\ufe0f comin up in next hour \ud83d\udd25\ud83d\ude4f\ud83c\udffe\ud83d\udc4f\ud83c\udfff "
        },
        {
            "date": "2022-02-22 13:44:33+00:00",
            "tweet_raw": "Grateful for my ppl. Yall showin so much love to @TheSnoopAvatars . I\u2019m excited for today. These bout 2 go quick \ud83d\ude4f\ud83c\udfff\ud83d\ude4f\ud83c\udfff\ud83d\udcaa\ud83c\udfff  \n\nhttps://t.co/DZvSV55pgM",
            "tweet": "grateful for my ppl. yall showin so much love to  . i\u2019m excited for today. these bout 2 go quick \ud83d\ude4f\ud83c\udfff\ud83d\ude4f\ud83c\udfff\ud83d\udcaa\ud83c\udfff  \n\n"
        },
        {
            "date": "2022-03-04 04:44:37+00:00",
            "tweet_raw": "Rollin down the street smokin\u2019 indooo",
            "tweet": "rollin down the street smokin\u2019 indooo"
        },
        {
            "date": "2022-03-03 11:04:23+00:00",
            "tweet_raw": "Fo\u20199CixTray. That\u2019s his mufaccin name. @InvsbleFriends Got mine \ud83d\udd25\ud83d\udd25\ud83d\udd25\ud83d\udc4a\ud83c\udfff aye @C_Broadus21 u next Loc \ud83d\ude4f\ud83c\udfff\n\nhttps://t.co/Le4F6PQoSb https://t.co/kJBxLL3hiI",
            "tweet": "fo\u20199cixtray. that\u2019s his mufaccin name.  got mine \ud83d\udd25\ud83d\udd25\ud83d\udd25\ud83d\udc4a\ud83c\udfff aye  u next loc \ud83d\ude4f\ud83c\udfff\n\n "
        },
        {
            "date": "2022-03-08 04:21:34+00:00",
            "tweet_raw": "Oh yea. CloneX theme song on @deathrowmusic . Get yours now \ud83d\udd25\ud83d\udd25\ud83d\udc4a\ud83c\udfff\ud83c\udfb5\ud83c\udfb5 \n\nhttps://t.co/I05SmA1m88",
            "tweet": "oh yea. clonex theme song on  . get yours now \ud83d\udd25\ud83d\udd25\ud83d\udc4a\ud83c\udfff\ud83c\udfb5\ud83c\udfb5 \n\n"
        },
        {
            "date": "2022-03-01 22:19:44+00:00",
            "tweet_raw": "#1 Trending. @opensea @deathrowmusic \ud83c\udfb6 \ud83c\udfa4 \n\nhttps://t.co/shenkUAmMI https://t.co/P35bCNVnj4",
            "tweet": " trending.   \ud83c\udfb6 \ud83c\udfa4 \n\n "
        },
        {
            "date": "2022-04-04 17:29:20+00:00",
            "tweet_raw": "To make it ez 4 yall we made a Mixtape page to drop news and ask ya questions. Some contests comin real soon. Follow \u27a1\ufe0f @deathrowmixtape \ud83d\udd25\ud83d\udcbc\ud83d\ude4f\ud83d\udd25\ud83d\udd25\ud83d\udd25\n\nhttps://t.co/WWt95zYO2W https://t.co/dpPS79YU7o",
            "tweet": "to make it ez 4 yall we made a mixtape page to drop news and ask ya questions. some contests comin real soon. follow \u27a1\ufe0f  \ud83d\udd25\ud83d\udcbc\ud83d\ude4f\ud83d\udd25\ud83d\udd25\ud83d\udd25\n\n "
        },
        {
            "date": "2022-02-21 22:38:23+00:00",
            "tweet_raw": "\ud83d\udc40\u20261/1 https://t.co/qivaFUiDDE",
            "tweet": "\ud83d\udc40\u20261/1 "
        },
        {
            "date": "2022-03-08 04:21:34+00:00",
            "tweet_raw": "Oh yea. CloneX theme song on @deathrowmusic . Get yours now \ud83d\udd25\ud83d\udd25\ud83d\udc4a\ud83c\udfff\ud83c\udfb5\ud83c\udfb5 \n\nhttps://t.co/I05SmA1m88",
            "tweet": "oh yea. clonex theme song on  . get yours now \ud83d\udd25\ud83d\udd25\ud83d\udc4a\ud83c\udfff\ud83c\udfb5\ud83c\udfb5 \n\n"
        },
        {
            "date": "2022-03-02 05:19:37+00:00",
            "tweet_raw": "Instrumental. Take it n make it yours. You buy it, you own it. Power 2 tha people. https://t.co/NDwQj44Dm7",
            "tweet": "instrumental. take it n make it yours. you buy it, you own it. power 2 tha people. "
        },
        {
            "date": "2022-02-16 00:42:18+00:00",
            "tweet_raw": "See yall at VeeCon. \ud83d\udc4a\ud83c\udfff\ud83d\udc4a\ud83c\udfff N.F.T. never 4get 2 pass it \ud83d\udcaa\ud83c\udfff\ud83d\udcc8\ud83c\udfa4\ud83e\udd23\ud83d\udd25\ud83d\udd25\n\nhttps://t.co/w8g4GAPTNp\n@veefriends @veeconference #SeeyouatVeeCon https://t.co/nSESFIxNsV",
            "tweet": "see yall at veecon. \ud83d\udc4a\ud83c\udfff\ud83d\udc4a\ud83c\udfff n.f.t. never 4get 2 pass it \ud83d\udcaa\ud83c\udfff\ud83d\udcc8\ud83c\udfa4\ud83e\udd23\ud83d\udd25\ud83d\udd25\n\n\n   "
        },
        {
            "date": "2022-03-02 05:28:17+00:00",
            "tweet_raw": "Different rules now. Out w tha old in w tha new.  \ud83d\udcab\ud83e\udd37\ud83c\udffe\ud83e\udd37\ud83c\udffe",
            "tweet": "different rules now. out w tha old in w tha new.  \ud83d\udcab\ud83e\udd37\ud83c\udffe\ud83e\udd37\ud83c\udffe"
        },
        {
            "date": "2022-03-31 20:42:34+00:00",
            "tweet_raw": "We up now @opensea https://t.co/H1nT6trLMk",
            "tweet": "we up now  "
        },
        {
            "date": "2022-02-14 02:02:09+00:00",
            "tweet_raw": "!!! @kellyclarkson and I are hosting the brand new show #AmericanSongContest on @nbc. Watch March 21 \ud83d\udd25\ud83d\udd25\ud83d\udd25\ud83d\udc4a\ud83c\udfff\ud83d\udc4a\ud83c\udfff\ud83d\udc4a\ud83c\udfff\ud83c\udfa4\ud83c\udfa4 https://t.co/fXlKZrvkiR",
            "tweet": "!!!  and i are hosting the brand new show  on . watch march 21 \ud83d\udd25\ud83d\udd25\ud83d\udd25\ud83d\udc4a\ud83c\udfff\ud83d\udc4a\ud83c\udfff\ud83d\udc4a\ud83c\udfff\ud83c\udfa4\ud83c\udfa4 "
        },
        {
            "date": "2022-02-19 04:57:05+00:00",
            "tweet_raw": "Stay ready so u never have to get ready. https://t.co/r18RAUNc8z",
            "tweet": "stay ready so u never have to get ready. "
        },
        {
            "date": "2022-03-01 01:48:40+00:00",
            "tweet_raw": "After serious contemplation we will be adding a KEVIN to tha DOGGIES. Designs coming. @TheSnoopAvatars",
            "tweet": "after serious contemplation we will be adding a kevin to tha doggies. designs coming. "
        },
        {
            "date": "2022-03-20 05:28:48+00:00",
            "tweet_raw": "@richerd Pleasure is all mine",
            "tweet": " pleasure is all mine"
        },
        {
            "date": "2022-02-22 13:58:46+00:00",
            "tweet_raw": "2 make sure u get whitelist access. today \n\nhttps://t.co/ckEOApHVTy",
            "tweet": "2 make sure u get whitelist access. today \n\n"
        },
        {
            "date": "2022-02-24 12:29:06+00:00",
            "tweet_raw": "Rewind Rise n Shine",
            "tweet": "rewind rise n shine"
        },
        {
            "date": "2022-03-05 05:38:23+00:00",
            "tweet_raw": "D. P. G. C.      Death row NFT in 20 min\ud83d\udd25\ud83d\udd25\ud83d\udd25\ud83d\udcf1\ud83d\udcf1\ud83d\udc4f\ud83c\udfff\ud83d\udc4a\ud83c\udffe\ud83d\udd25\ud83c\udfa4\ud83d\udd08\ud83c\udf2a\u26fd\ufe0f\u26fd\ufe0f\u26fd\ufe0f https://t.co/U97xDYItQX",
            "tweet": "d. p. g. c.      death row nft in 20 min\ud83d\udd25\ud83d\udd25\ud83d\udd25\ud83d\udcf1\ud83d\udcf1\ud83d\udc4f\ud83c\udfff\ud83d\udc4a\ud83c\udffe\ud83d\udd25\ud83c\udfa4\ud83d\udd08\ud83c\udf2a\u26fd\ufe0f\u26fd\ufe0f\u26fd\ufe0f "
        },
        {
            "date": "2022-03-28 23:56:46+00:00",
            "tweet_raw": "East Coast.. we Live in 5!! @nbc #AmericanSongContest \ud83c\udfa4\ud83c\udfa4\ud83d\udd25\ud83c\udfa5",
            "tweet": "east coast.. we live in 5!!   \ud83c\udfa4\ud83c\udfa4\ud83d\udd25\ud83c\udfa5"
        },
        {
            "date": "2022-03-01 07:09:55+00:00",
            "tweet_raw": "You buy it. You own the rights to it all. Buy the Snoop Dogg beat? Make your own track. \ud83d\udc4a\ud83c\udfff\ud83d\udc4a\ud83c\udfff\ud83d\udcab\ud83d\udd25\ud83d\udd25\ud83d\udd25",
            "tweet": "you buy it. you own the rights to it all. buy the snoop dogg beat? make your own track. \ud83d\udc4a\ud83c\udfff\ud83d\udc4a\ud83c\udfff\ud83d\udcab\ud83d\udd25\ud83d\udd25\ud83d\udd25"
        },
        {
            "date": "2022-03-04 05:23:52+00:00",
            "tweet_raw": "Speak for yourself \ud83d\ude80",
            "tweet": "speak for yourself \ud83d\ude80"
        },
        {
            "date": "2022-03-05 05:49:21+00:00",
            "tweet_raw": "@GoGalaMusic Exclusive. Tupac. Snoop unreleased. Song in the box \ud83d\udce6  \ud83e\udd2b u better hurry the box is full of treats \ud83d\udd08\ud83c\udfa4\ud83d\udcf1\u26fd\ufe0f\ud83c\udf2a\ud83c\udf2a",
            "tweet": " exclusive. tupac. snoop unreleased. song in the box \ud83d\udce6  \ud83e\udd2b u better hurry the box is full of treats \ud83d\udd08\ud83c\udfa4\ud83d\udcf1\u26fd\ufe0f\ud83c\udf2a\ud83c\udf2a"
        },
        {
            "date": "2022-03-04 04:40:54+00:00",
            "tweet_raw": "Pass the blunt \ud83d\udc4a\ud83c\udffe\ud83d\udd25\ud83d\udca8\ud83c\udfa4 @DippiesNFT https://t.co/NkdBsMOwEh",
            "tweet": "pass the blunt \ud83d\udc4a\ud83c\udffe\ud83d\udd25\ud83d\udca8\ud83c\udfa4  "
        },
        {
            "date": "2022-02-15 23:13:49+00:00",
            "tweet_raw": "@RuncieDan Boss moves",
            "tweet": " boss moves"
        },
        {
            "date": "2022-03-06 18:05:38+00:00",
            "tweet_raw": "\ud83d\ude80\ud83d\ude80\ud83d\udd25\ud83d\udd25 He got tha bag. Bout to make that sand. https://t.co/5qpmldcpTH",
            "tweet": "\ud83d\ude80\ud83d\ude80\ud83d\udd25\ud83d\udd25 he got tha bag. bout to make that sand. "
        },
        {
            "date": "2022-02-21 01:08:27+00:00",
            "tweet_raw": "Just scored this 1 of 1 Walker Access Pass NFT from @orangecometnft, they blessed me with the SD0420 version too \ud83d\ude4f  check it now at https://t.co/rkIZ4XEEtr https://t.co/u8zu64MJ1d",
            "tweet": "just scored this 1 of 1 walker access pass nft from , they blessed me with the sd0420 version too \ud83d\ude4f  check it now at  "
        },
        {
            "date": "2022-02-28 10:32:00+00:00",
            "tweet_raw": "Black love come to. @fanbaseapp  to get exclusive music content and videos from snoop dogg and. Death row \ud83d\udd25\ud83d\udc4a\ud83c\udffe\ud83c\udfa4\ud83c\udfa4\ud83c\udfa4\ud83d\udcf1\ud83d\udcf1\ud83d\udd0c https://t.co/fvVvArln4A",
            "tweet": "black love come to.   to get exclusive music content and videos from snoop dogg and. death row \ud83d\udd25\ud83d\udc4a\ud83c\udffe\ud83c\udfa4\ud83c\udfa4\ud83c\udfa4\ud83d\udcf1\ud83d\udcf1\ud83d\udd0c "
        },
        {
            "date": "2022-02-22 22:14:07+00:00",
            "tweet_raw": "We live bacc at ya \ud83d\udc4a\ud83c\udfff\ud83d\udc4a\ud83c\udfff if you on the WL.. get yours now \ud83d\ude4f\ud83c\udfff \ud83d\udc99 \ud83d\udcaa\ud83c\udfff\ud83d\udcab\ud83d\udcab @TheSnoopAvatars \n\nhttps://t.co/DZvSV55pgM",
            "tweet": "we live bacc at ya \ud83d\udc4a\ud83c\udfff\ud83d\udc4a\ud83c\udfff if you on the wl.. get yours now \ud83d\ude4f\ud83c\udfff \ud83d\udc99 \ud83d\udcaa\ud83c\udfff\ud83d\udcab\ud83d\udcab  \n\n"
        },
        {
            "date": "2022-03-04 06:54:52+00:00",
            "tweet_raw": "\ud83d\udc99 https://t.co/KP8Iap2vLM",
            "tweet": "\ud83d\udc99 "
        },
        {
            "date": "2022-03-11 04:47:09+00:00",
            "tweet_raw": "2mrw u get 2 put your Doggies 2 work. You may even earn a little something in return. https://t.co/8xHQ2Wl4G8",
            "tweet": "2mrw u get 2 put your doggies 2 work. you may even earn a little something in return. "
        },
        {
            "date": "2022-03-06 16:23:14+00:00",
            "tweet_raw": "If u know u know.",
            "tweet": "if u know u know."
        },
        {
            "date": "2022-02-19 04:57:05+00:00",
            "tweet_raw": "Stay ready so u never have to get ready. https://t.co/r18RAUNc8z",
            "tweet": "stay ready so u never have to get ready. "
        },
        {
            "date": "2022-03-08 08:14:23+00:00",
            "tweet_raw": "Get it now @opensea @deathrowmusic   N. F. T. https://t.co/zXRfhVKERg",
            "tweet": "get it now     n. f. t. "
        },
        {
            "date": "2022-03-06 16:15:11+00:00",
            "tweet_raw": "Grab 1 now before the price goes up. https://t.co/5bqVD3YrxD",
            "tweet": "grab 1 now before the price goes up. "
        },
        {
            "date": "2022-02-16 22:06:03+00:00",
            "tweet_raw": "If you won the early access pass the you are already on the whitelist.  https://t.co/ckEOApZwL6",
            "tweet": "if you won the early access pass the you are already on the whitelist.  "
        },
        {
            "date": "2022-02-18 21:06:50+00:00",
            "tweet_raw": "BODR \ud83c\udfa5 OUT NOW\n\nhttps://t.co/sSWa79jF80",
            "tweet": "bodr \ud83c\udfa5 out now\n\n"
        },
        {
            "date": "2022-03-04 07:00:43+00:00",
            "tweet_raw": "Death row.  N. F. T. \ud83d\udd25\ud83d\udc4f\ud83c\udfff https://t.co/rFDpoitrdd",
            "tweet": "death row.  n. f. t. \ud83d\udd25\ud83d\udc4f\ud83c\udfff "
        },
        {
            "date": "2022-03-03 07:01:39+00:00",
            "tweet_raw": "Song is Live !!! @doodles \n\nhttps://t.co/LCSzxcy49v",
            "tweet": "song is live !!!  \n\n"
        },
        {
            "date": "2022-03-01 04:46:52+00:00",
            "tweet_raw": "@greg16676935420 @sartoshi_nft Ok now. Mint that shit playa! Donate it to charity. We can probably take a whole town from nuthin to sumthing. \ud83d\ude80\ud83d\ude80\ud83d\ude80\ud83d\ude80\ud83d\ude80",
            "tweet": "  ok now. mint that shit playa! donate it to charity. we can probably take a whole town from nuthin to sumthing. \ud83d\ude80\ud83d\ude80\ud83d\ude80\ud83d\ude80\ud83d\ude80"
        },
        {
            "date": "2022-03-01 07:04:33+00:00",
            "tweet_raw": "I got bored. \n\nhttps://t.co/shenkUAmMI",
            "tweet": "i got bored. \n\n"
        },
        {
            "date": "2022-03-03 07:11:39+00:00",
            "tweet_raw": "The name SupCuh. Theme song 4 tha @RealSupDucks . First ever song by a SupDuck. Buy it, own it. \ud83e\udd86 \ud83d\udc4a\ud83c\udffe \ud83c\udfa4 \n\n https://t.co/KsIZE1g0hH",
            "tweet": "the name supcuh. theme song 4 tha  . first ever song by a supduck. buy it, own it. \ud83e\udd86 \ud83d\udc4a\ud83c\udffe \ud83c\udfa4 \n\n "
        },
        {
            "date": "2022-03-02 05:28:17+00:00",
            "tweet_raw": "Different rules now. Out w tha old in w tha new.  \ud83d\udcab\ud83e\udd37\ud83c\udffe\ud83e\udd37\ud83c\udffe",
            "tweet": "different rules now. out w tha old in w tha new.  \ud83d\udcab\ud83e\udd37\ud83c\udffe\ud83e\udd37\ud83c\udffe"
        },
        {
            "date": "2022-03-04 05:02:37+00:00",
            "tweet_raw": "I\u2019m all ears \ud83e\udde0\ud83c\udf2a https://t.co/FYPn3Hisbt",
            "tweet": "i\u2019m all ears \ud83e\udde0\ud83c\udf2a "
        },
        {
            "date": "2022-03-03 11:23:50+00:00",
            "tweet_raw": "Half Steppin. @InvsbleFriends theme music. @wizkhalifa @DonCannon \n\nhttps://t.co/2ZzJ82F58K",
            "tweet": "half steppin.  theme music.   \n\n"
        },
        {
            "date": "2022-02-26 16:21:43+00:00",
            "tweet_raw": "\ud83d\udc40 https://t.co/Va7vP03zyy",
            "tweet": "\ud83d\udc40 "
        },
        {
            "date": "2022-03-04 06:50:09+00:00",
            "tweet_raw": "We did that. Thank you @worldofwomennft \ud83d\udd25\ud83d\udc4a\ud83c\udfff\ud83d\udcab got mine\n\nhttps://t.co/4No77DV0db https://t.co/RLreVVqvv3",
            "tweet": "we did that. thank you  \ud83d\udd25\ud83d\udc4a\ud83c\udfff\ud83d\udcab got mine\n\n "
        },
        {
            "date": "2022-03-06 12:32:10+00:00",
            "tweet_raw": "24 hours to get snoop unreleased heat on @opensea  death row mixtape vol 1 up now \ud83d\udc4a\ud83c\udffe\ud83d\udd25\ud83d\udd25\ud83d\udcf1\ud83d\udcf1\ud83d\udc4f\ud83c\udfff\ud83d\udc4f\ud83c\udfff\ud83c\udfa4\ud83c\udfa4 https://t.co/ZAnWaSpX7U",
            "tweet": "24 hours to get snoop unreleased heat on   death row mixtape vol 1 up now \ud83d\udc4a\ud83c\udffe\ud83d\udd25\ud83d\udd25\ud83d\udcf1\ud83d\udcf1\ud83d\udc4f\ud83c\udfff\ud83d\udc4f\ud83c\udfff\ud83c\udfa4\ud83c\udfa4 "
        },
        {
            "date": "2022-02-18 20:47:26+00:00",
            "tweet_raw": "Happy. Dre Day!  @drdre https://t.co/y4KzW0YolM",
            "tweet": "happy. dre day!   "
        },
        {
            "date": "2022-03-01 04:12:49+00:00",
            "tweet_raw": "Lemme know if you got any questions for Martha?",
            "tweet": "lemme know if you got any questions for martha?"
        },
        {
            "date": "2022-03-06 12:32:10+00:00",
            "tweet_raw": "24 hours to get snoop unreleased heat on @opensea  death row mixtape vol 1 up now \ud83d\udc4a\ud83c\udffe\ud83d\udd25\ud83d\udd25\ud83d\udcf1\ud83d\udcf1\ud83d\udc4f\ud83c\udfff\ud83d\udc4f\ud83c\udfff\ud83c\udfa4\ud83c\udfa4 https://t.co/ZAnWaSpX7U",
            "tweet": "24 hours to get snoop unreleased heat on   death row mixtape vol 1 up now \ud83d\udc4a\ud83c\udffe\ud83d\udd25\ud83d\udd25\ud83d\udcf1\ud83d\udcf1\ud83d\udc4f\ud83c\udfff\ud83d\udc4f\ud83c\udfff\ud83c\udfa4\ud83c\udfa4 "
        },
        {
            "date": "2022-03-07 01:27:33+00:00",
            "tweet_raw": "Mental Health @deathrowmusic . First of many meditation sessions with Snoop. Listen below \u2b07\ufe0f  \ud83d\ude4f\ud83c\udffe \n\nhttps://t.co/PLOFXfCEX9 https://t.co/Xi4xIZ31fY",
            "tweet": "mental health  . first of many meditation sessions with snoop. listen below \u2b07\ufe0f  \ud83d\ude4f\ud83c\udffe \n\n "
        },
        {
            "date": "2022-03-04 15:20:23+00:00",
            "tweet_raw": "https://t.co/FNnPZVtmE3 SNOOP DOGG VIP EXPERIENCE https://t.co/Xsdmo8KuQK",
            "tweet": " snoop dogg vip experience "
        },
        {
            "date": "2022-03-08 08:14:23+00:00",
            "tweet_raw": "Get it now @opensea @deathrowmusic   N. F. T. https://t.co/zXRfhVKERg",
            "tweet": "get it now     n. f. t. "
        },
        {
            "date": "2022-03-06 22:26:43+00:00",
            "tweet_raw": "Death row.  NFT dropping new heat by the minute @THEOFFICIALRAGE  first  drop up now @opensea https://t.co/WuJSliOBkT",
            "tweet": "death row.  nft dropping new heat by the minute   first  drop up now  "
        },
        {
            "date": "2022-03-01 01:48:40+00:00",
            "tweet_raw": "After serious contemplation we will be adding a KEVIN to tha DOGGIES. Designs coming. @TheSnoopAvatars",
            "tweet": "after serious contemplation we will be adding a kevin to tha doggies. designs coming. "
        },
        {
            "date": "2022-03-07 15:11:02+00:00",
            "tweet_raw": "Morning meditation  @deathrowmusic   NFT get it now \ud83e\uddd8\u200d\u2642\ufe0f\ud83d\ude4f\ud83c\udffe https://t.co/b4dpA1KDVs",
            "tweet": "morning meditation     nft get it now \ud83e\uddd8\u200d\u2642\ufe0f\ud83d\ude4f\ud83c\udffe "
        }
    ],
    "len": 100
}