{
    "account": "@trvisXX",
    "type": "Rap",
    "tweets": [
        {
            "date": "2020-10-01 21:43:40+00:00",
            "tweet_raw": "200 hour freestyle go crazyyy \nhttps://t.co/bZIsow5VVz https://t.co/gnLZ6oK9hT",
            "tweet": "200 hour freestyle go crazyyy \n "
        },
        {
            "date": "2018-11-29 14:35:35+00:00",
            "tweet_raw": "MSG MADNESS  https://t.co/3M1vZ293Fd",
            "tweet": "msg madness  "
        },
        {
            "date": "2020-04-14 06:38:37+00:00",
            "tweet_raw": "Mental note",
            "tweet": "mental note"
        },
        {
            "date": "2020-01-02 23:29:32+00:00",
            "tweet_raw": "Hot wheels ? https://t.co/HyjEsuw5u1",
            "tweet": "hot wheels ? "
        },
        {
            "date": "2018-11-23 23:52:31+00:00",
            "tweet_raw": "Man so glad I got to hear from  grandmothers these  past couple days.  True prayer warriors",
            "tweet": "man so glad i got to hear from  grandmothers these  past couple days.  true prayer warriors"
        },
        {
            "date": "2020-03-25 18:35:49+00:00",
            "tweet_raw": "\ud83d\udd25\ud83d\udd25\ud83d\udd25\ud83d\udd25\ud83d\udd25\ud83d\udd25\ud83d\udd25\ud83d\udd25\ud83d\udd25\ud83d\udd25\ud83d\udd25\ud83d\udd25\ud83d\udd25\ud83d\udd25\ud83d\udd25\ud83d\udd25\ud83d\udd25\ud83d\udd25\ud83d\udd25\ud83d\udd25\ud83d\udd25\ud83d\udd25\ud83d\udd25\ud83d\udd25\ud83d\udd25\ud83d\udd25\ud83d\udd25\ud83d\udd25\ud83d\udd25\ud83d\udd25\ud83d\udd25\ud83d\udd25\ud83d\udd25\ud83d\udd25\ud83d\udd25\ud83d\udd25",
            "tweet": "\ud83d\udd25\ud83d\udd25\ud83d\udd25\ud83d\udd25\ud83d\udd25\ud83d\udd25\ud83d\udd25\ud83d\udd25\ud83d\udd25\ud83d\udd25\ud83d\udd25\ud83d\udd25\ud83d\udd25\ud83d\udd25\ud83d\udd25\ud83d\udd25\ud83d\udd25\ud83d\udd25\ud83d\udd25\ud83d\udd25\ud83d\udd25\ud83d\udd25\ud83d\udd25\ud83d\udd25\ud83d\udd25\ud83d\udd25\ud83d\udd25\ud83d\udd25\ud83d\udd25\ud83d\udd25\ud83d\udd25\ud83d\udd25\ud83d\udd25\ud83d\udd25\ud83d\udd25\ud83d\udd25"
        },
        {
            "date": "2019-06-25 11:46:58+00:00",
            "tweet_raw": "PARIS PULL UP ON ME https://t.co/Q2qlAPWUvM",
            "tweet": "paris pull up on me "
        },
        {
            "date": "2019-12-03 18:17:43+00:00",
            "tweet_raw": "Stick to your own script tear out the unnecessary pages. Rewrite that shit if need for the best possible ways.",
            "tweet": "stick to your own script tear out the unnecessary pages. rewrite that shit if need for the best possible ways."
        },
        {
            "date": "2019-07-27 17:02:27+00:00",
            "tweet_raw": "VEGAS TONIGHT \ud83e\udd2e\ud83e\udd2e\ud83e\udd2e https://t.co/rzXYr0CalQ",
            "tweet": "vegas tonight \ud83e\udd2e\ud83e\udd2e\ud83e\udd2e "
        },
        {
            "date": "2020-10-27 05:08:36+00:00",
            "tweet_raw": "\u270c\ud83c\udffe \u270c\ud83c\udffe\ud83d\udd96\ud83c\udffe\ud83e\uddbe",
            "tweet": "\u270c\ud83c\udffe \u270c\ud83c\udffe\ud83d\udd96\ud83c\udffe\ud83e\uddbe"
        },
        {
            "date": "2020-09-25 20:19:41+00:00",
            "tweet_raw": "SHOUT OUT TO EVERY DJ AND PD AROUND THE WORLD. U NOT FORGOTTEN AND CANT WAIT TILL WE CAN GET BACK TO HEAR YALL MIXES",
            "tweet": "shout out to every dj and pd around the world. u not forgotten and cant wait till we can get back to hear yall mixes"
        },
        {
            "date": "2020-04-24 02:55:21+00:00",
            "tweet_raw": "CACTUS JACK x FORTNITE COLLECTION.  LIVE IN YOUR WORLD, RAGE IN OURS https://t.co/AJ4e7OI3tq https://t.co/cx90wiHUqQ",
            "tweet": "cactus jack x fortnite collection.  live in your world, rage in ours  "
        },
        {
            "date": "2018-11-28 02:53:04+00:00",
            "tweet_raw": "SICKO REMIXXX  \ud83e\udd2e\ud83d\udd25\ud83d\udca1https://t.co/OienOQgTic https://t.co/Jn9gDurunA",
            "tweet": "sicko remixxx  \ud83e\udd2e\ud83d\udd25\ud83d\udca1 "
        },
        {
            "date": "2020-04-02 17:15:15+00:00",
            "tweet_raw": "WES ANDERSON WHEREVER U ARE \nTHANK U FOR EVERYTHING",
            "tweet": "wes anderson wherever u are \nthank u for everything"
        },
        {
            "date": "2020-04-12 01:01:57+00:00",
            "tweet_raw": "What two emojis u used the most. ?",
            "tweet": "what two emojis u used the most. ?"
        },
        {
            "date": "2019-09-05 02:58:29+00:00",
            "tweet_raw": "HAPPY ANNIVERSARY TO RODEO. ONE OF MY FAVORITES. MAN GET WILD  TO IT. OR NOT. LOVE U https://t.co/prKfIAI580",
            "tweet": "happy anniversary to rodeo. one of my favorites. man get wild  to it. or not. love u "
        },
        {
            "date": "2018-12-06 18:56:00+00:00",
            "tweet_raw": "Thank God for the day",
            "tweet": "thank god for the day"
        },
        {
            "date": "2019-07-19 16:59:28+00:00",
            "tweet_raw": "MAYDAY \ud83d\udea8\ud83d\udea8\ud83d\udea8 GANG SHIT \ud83c\udf35\ud83c\udf35\ud83c\udf35 https://t.co/iCuv7hPrVG https://t.co/Zut2mFHbmQ",
            "tweet": "mayday \ud83d\udea8\ud83d\udea8\ud83d\udea8 gang shit \ud83c\udf35\ud83c\udf35\ud83c\udf35  "
        },
        {
            "date": "2020-08-22 00:10:56+00:00",
            "tweet_raw": "Feel like when I use to  make music out of moms crib",
            "tweet": "feel like when i use to  make music out of moms crib"
        },
        {
            "date": "2019-12-28 02:05:54+00:00",
            "tweet_raw": "DUDE WHERES THE CAR ?? CALL DAVID NOW https://t.co/mGvYab3NIZ https://t.co/569KwageBb",
            "tweet": "dude wheres the car ?? call david now  "
        },
        {
            "date": "2019-02-07 16:31:01+00:00",
            "tweet_raw": "ASTROWORLD FOR DSM LA  https://t.co/5O3grdBzdq https://t.co/GMPBIReov8",
            "tweet": "astroworld for dsm la   "
        },
        {
            "date": "2018-11-30 20:07:57+00:00",
            "tweet_raw": "YOSEMITE  BY TRAVIS AND NABIL https://t.co/MS4RbCvtAQ",
            "tweet": "yosemite  by travis and nabil "
        },
        {
            "date": "2019-08-27 01:26:32+00:00",
            "tweet_raw": "FAN PREMIERES ALL OVER THE USA TOMORROW !! REAL RAGERS SEE IT FIRST https://t.co/dLktTic1lS https://t.co/9KwRhm3XmV",
            "tweet": "fan premieres all over the usa tomorrow !! real ragers see it first  "
        },
        {
            "date": "2021-05-11 21:00:01+00:00",
            "tweet_raw": "Got u kiddd https://t.co/ITtviMR3b3",
            "tweet": "got u kiddd "
        },
        {
            "date": "2019-12-03 18:16:27+00:00",
            "tweet_raw": "Make sure the ones closets to you actually 4 you and vice versa.",
            "tweet": "make sure the ones closets to you actually 4 you and vice versa."
        },
        {
            "date": "2019-12-03 18:15:48+00:00",
            "tweet_raw": "Never let fear obstruct your vision",
            "tweet": "never let fear obstruct your vision"
        },
        {
            "date": "2019-12-03 21:11:10+00:00",
            "tweet_raw": "Disney + naw y\u2019all didn\u2019t have to go so hard!! \ud83e\udd2fbruh.",
            "tweet": "disney + naw y\u2019all didn\u2019t have to go so hard!! \ud83e\udd2fbruh."
        },
        {
            "date": "2020-04-12 01:01:57+00:00",
            "tweet_raw": "What two emojis u used the most. ?",
            "tweet": "what two emojis u used the most. ?"
        },
        {
            "date": "2018-11-28 05:08:00+00:00",
            "tweet_raw": "MSG WOW WOW WOW WTF !!!!",
            "tweet": "msg wow wow wow wtf !!!!"
        },
        {
            "date": "2018-11-29 14:35:35+00:00",
            "tweet_raw": "MSG MADNESS  https://t.co/3M1vZ293Fd",
            "tweet": "msg madness  "
        },
        {
            "date": "2018-12-20 18:04:32+00:00",
            "tweet_raw": "LEG 2 ON SALE EVERYWHERE !! https://t.co/MweOeYJZaR",
            "tweet": "leg 2 on sale everywhere !! "
        },
        {
            "date": "2021-04-30 18:08:32+00:00",
            "tweet_raw": "NOVEMBER COME WON\u2019T YOU POP OUT AT THE FEST !!! THIRD ANNUAL. BIRTHDAY FLAMEEEEEE AHHHHHHHH ON SALE WEDS 5/5 10AM CT https://t.co/7iBfHx8cBy https://t.co/Aoo6PwMuL6",
            "tweet": "november come won\u2019t you pop out at the fest !!! third annual. birthday flameeeeee ahhhhhhhh on sale weds 5/5 10am ct  "
        },
        {
            "date": "2020-03-25 18:35:49+00:00",
            "tweet_raw": "\ud83d\udd25\ud83d\udd25\ud83d\udd25\ud83d\udd25\ud83d\udd25\ud83d\udd25\ud83d\udd25\ud83d\udd25\ud83d\udd25\ud83d\udd25\ud83d\udd25\ud83d\udd25\ud83d\udd25\ud83d\udd25\ud83d\udd25\ud83d\udd25\ud83d\udd25\ud83d\udd25\ud83d\udd25\ud83d\udd25\ud83d\udd25\ud83d\udd25\ud83d\udd25\ud83d\udd25\ud83d\udd25\ud83d\udd25\ud83d\udd25\ud83d\udd25\ud83d\udd25\ud83d\udd25\ud83d\udd25\ud83d\udd25\ud83d\udd25\ud83d\udd25\ud83d\udd25\ud83d\udd25",
            "tweet": "\ud83d\udd25\ud83d\udd25\ud83d\udd25\ud83d\udd25\ud83d\udd25\ud83d\udd25\ud83d\udd25\ud83d\udd25\ud83d\udd25\ud83d\udd25\ud83d\udd25\ud83d\udd25\ud83d\udd25\ud83d\udd25\ud83d\udd25\ud83d\udd25\ud83d\udd25\ud83d\udd25\ud83d\udd25\ud83d\udd25\ud83d\udd25\ud83d\udd25\ud83d\udd25\ud83d\udd25\ud83d\udd25\ud83d\udd25\ud83d\udd25\ud83d\udd25\ud83d\udd25\ud83d\udd25\ud83d\udd25\ud83d\udd25\ud83d\udd25\ud83d\udd25\ud83d\udd25\ud83d\udd25"
        },
        {
            "date": "2019-10-10 03:12:23+00:00",
            "tweet_raw": "SIGHTINGS https://t.co/UTBiALMHqZ https://t.co/nhHfhPAbNI",
            "tweet": "sightings  "
        },
        {
            "date": "2020-12-17 16:37:46+00:00",
            "tweet_raw": "NOT NO ICE T https://t.co/kLFgVyS309",
            "tweet": "not no ice t "
        },
        {
            "date": "2019-10-05 01:08:19+00:00",
            "tweet_raw": "NEVER LANDING https://t.co/TR4XQ6yvmo https://t.co/iKqCSgcIBX",
            "tweet": "never landing  "
        },
        {
            "date": "2021-04-30 20:22:45+00:00",
            "tweet_raw": "Fuck I love bdays. Fuck fuck fuck",
            "tweet": "fuck i love bdays. fuck fuck fuck"
        },
        {
            "date": "2020-03-12 21:53:51+00:00",
            "tweet_raw": "Can\u2019t wait for new music. Tonight let\u2019s goooooooo !!!",
            "tweet": "can\u2019t wait for new music. tonight let\u2019s goooooooo !!!"
        },
        {
            "date": "2019-12-03 21:20:40+00:00",
            "tweet_raw": "Wait need a new movie to watch what y\u2019all got ????",
            "tweet": "wait need a new movie to watch what y\u2019all got ????"
        },
        {
            "date": "2018-11-27 15:35:26+00:00",
            "tweet_raw": "Nyc I jump out of bed this morning so ready for the garden.",
            "tweet": "nyc i jump out of bed this morning so ready for the garden."
        },
        {
            "date": "2018-12-03 18:12:12+00:00",
            "tweet_raw": "NAW LAFLAME FANS. YALLLL ARE AMAZING AND AND ULTRA. ITS NOTHING I LOVE MORE THAN U GUYS. THANK U SO MUCHHHHHHHHHH FOR UR SUPPORT. IM NOTHING WITHOUT YOU !!!",
            "tweet": "naw laflame fans. yallll are amazing and and ultra. its nothing i love more than u guys. thank u so muchhhhhhhhhh for ur support. im nothing without you !!!"
        },
        {
            "date": "2019-10-10 18:34:08+00:00",
            "tweet_raw": "HIGHEST !! JORDAN AND THE JACK BOYS ! STRAIGHT CASH HOMIE ! 6S TONIGHT ?? https://t.co/AJ4e7OI3tq https://t.co/5kxrHB4WOD",
            "tweet": "highest !! jordan and the jack boys ! straight cash homie ! 6s tonight ??  "
        },
        {
            "date": "2020-02-10 05:56:01+00:00",
            "tweet_raw": "BONG JOON HO \ud83d\ude4c\ud83c\udffe\ud83d\ude4c\ud83c\udffe",
            "tweet": "bong joon ho \ud83d\ude4c\ud83c\udffe\ud83d\ude4c\ud83c\udffe"
        },
        {
            "date": "2018-11-25 20:38:38+00:00",
            "tweet_raw": "Pittsburgh ur up !!!!",
            "tweet": "pittsburgh ur up !!!!"
        },
        {
            "date": "2019-12-03 23:13:14+00:00",
            "tweet_raw": "CACTUS JACK COURT COMING SOON !!\nFROM ME AND @NIKE FOR THE KIDS AND\nTHE CITY !!! ALL FOR HOUSTON #ALLFOR1 https://t.co/1PA7HhgFZ5",
            "tweet": "cactus jack court coming soon !!\nfrom me and  for the kids and\nthe city !!! all for houston  "
        },
        {
            "date": "2018-12-17 21:50:52+00:00",
            "tweet_raw": "@sandraamv11 FLAME ALWAYS DELIVER  FOR THE KIDS https://t.co/wMUouOSDoO",
            "tweet": " flame always deliver  for the kids "
        },
        {
            "date": "2019-08-28 06:47:58+00:00",
            "tweet_raw": "Have u ever wish the night could go just go little longer",
            "tweet": "have u ever wish the night could go just go little longer"
        },
        {
            "date": "2019-04-06 23:36:46+00:00",
            "tweet_raw": "NO CAP https://t.co/52a5p5S9ha https://t.co/lxZrr6GfUP",
            "tweet": "no cap  "
        },
        {
            "date": "2020-09-24 19:21:45+00:00",
            "tweet_raw": "I broke my phone this morning cause im turnt mothafuckkkkkaaaaa",
            "tweet": "i broke my phone this morning cause im turnt mothafuckkkkkaaaaa"
        },
        {
            "date": "2019-04-30 23:54:11+00:00",
            "tweet_raw": "BDAY VIBE JACK 1s FOR THE GANG  https://t.co/Im1Ns0WzcY https://t.co/1YDbbLu50A",
            "tweet": "bday vibe jack 1s for the gang   "
        },
        {
            "date": "2019-08-28 04:51:50+00:00",
            "tweet_raw": "It\u2019s 9:51 and I\u2019m turnt.",
            "tweet": "it\u2019s 9:51 and i\u2019m turnt."
        },
        {
            "date": "2020-01-03 02:31:33+00:00",
            "tweet_raw": "WE\u2019RE EVERYWHERE https://t.co/433YZlU4cD",
            "tweet": "we\u2019re everywhere "
        },
        {
            "date": "2019-02-25 19:44:25+00:00",
            "tweet_raw": "READY FOR THE EAST COAST ASTRO \u2604\ufe0f\u2604\ufe0f\u2604\ufe0f",
            "tweet": "ready for the east coast astro \u2604\ufe0f\u2604\ufe0f\u2604\ufe0f"
        },
        {
            "date": "2019-11-16 05:14:29+00:00",
            "tweet_raw": "I NEED 2 PURR https://t.co/skVBoq0Fck https://t.co/31pSxNeiHr",
            "tweet": "i need 2 purr  "
        },
        {
            "date": "2019-10-04 04:39:25+00:00",
            "tweet_raw": "HIGHEST !! NOW PLAYING EVERYWHERE ON EARTH https://t.co/clVSlisHEl https://t.co/7FBiFqNIPt",
            "tweet": "highest !! now playing everywhere on earth  "
        },
        {
            "date": "2020-04-17 20:15:46+00:00",
            "tweet_raw": "Mannnn binge watching The Last dance. Bruhhhh idk what I just watch!!! Crazyyy  \nWhy do feel  like every marvel character in one.",
            "tweet": "mannnn binge watching the last dance. bruhhhh idk what i just watch!!! crazyyy  \nwhy do feel  like every marvel character in one."
        },
        {
            "date": "2019-08-03 19:51:29+00:00",
            "tweet_raw": "HAPPY ASTROWORLD ANNIVERSARY WOW ITS BEEN A YEAR LONG RIDE ALREADY. LOVE EVERY ONE OF YALL. PLAYING THIS ALL DAY TODAY FUCKKK !! https://t.co/fjibWlyDF4 https://t.co/zAh4IFHqFB",
            "tweet": "happy astroworld anniversary wow its been a year long ride already. love every one of yall. playing this all day today fuckkk !!  "
        },
        {
            "date": "2019-07-12 13:36:08+00:00",
            "tweet_raw": "ANTISOCIAL  ED AND TRAV !! https://t.co/PGpkmnBO8f",
            "tweet": "antisocial  ed and trav !! "
        },
        {
            "date": "2019-11-29 05:14:18+00:00",
            "tweet_raw": "Happy thanksgiving to ever last one of u. Thanks for keeping the rage alive . Stay blessed love y\u2019all",
            "tweet": "happy thanksgiving to ever last one of u. thanks for keeping the rage alive . stay blessed love y\u2019all"
        },
        {
            "date": "2019-09-24 16:45:57+00:00",
            "tweet_raw": "So happy to be apart of this. \nThis movie is fucking awesome can\u2019t wait. https://t.co/IJHhwk2M95",
            "tweet": "so happy to be apart of this. \nthis movie is fucking awesome can\u2019t wait. "
        },
        {
            "date": "2020-01-03 00:11:13+00:00",
            "tweet_raw": "CACTUS JACK FOR HOT WHEELS. FORGIATO. JBL. RIOT SHIELD !! FOR A COUPLE HOURS DONT SLEEP https://t.co/AJ4e7OI3tq https://t.co/vD5jPwryGa",
            "tweet": "cactus jack for hot wheels. forgiato. jbl. riot shield !! for a couple hours dont sleep  "
        },
        {
            "date": "2019-12-03 23:08:18+00:00",
            "tweet_raw": "thank u for being a real one  @pinoysapatos !!! #AllFor1\u201d https://t.co/qkqq06jVWK",
            "tweet": "thank u for being a real one   !!! \u201d "
        },
        {
            "date": "2019-12-27 05:09:53+00:00",
            "tweet_raw": "JACKBOYS GETTING STARTED AHHHHHHHHHHHHHHHHH\nhttps://t.co/Cys8krgIKu",
            "tweet": "jackboys getting started ahhhhhhhhhhhhhhhhh\n"
        },
        {
            "date": "2020-09-24 19:29:15+00:00",
            "tweet_raw": "I DIRECTED THIS FILM FOR THIS SAGA OF UTOPIA MY GUY CHRIS NOLAN LETS US ROCK IN ALL THE IMAXES WORLD WIDE. GO WATCH THE IMAX EXPERIENCE TONIGHT  https://t.co/dEdmwRhTAJ https://t.co/WfBCJ3WPpL",
            "tweet": "i directed this film for this saga of utopia my guy chris nolan lets us rock in all the imaxes world wide. go watch the imax experience tonight   "
        },
        {
            "date": "2019-01-01 16:22:20+00:00",
            "tweet_raw": "HAPPY NEW YEAR EVERYONE KEEP GOD FIRST AND STICK TO THE PLAN !!",
            "tweet": "happy new year everyone keep god first and stick to the plan !!"
        },
        {
            "date": "2019-09-27 17:08:23+00:00",
            "tweet_raw": "ASTROWORLD FESTIVAL THE SEQUEL ON SALE NOW https://t.co/N7vSUjLXjn https://t.co/l47oG3mPd0",
            "tweet": "astroworld festival the sequel on sale now  "
        },
        {
            "date": "2018-11-29 22:13:14+00:00",
            "tweet_raw": "RIDE OF OUR LIVES \ud83c\udfa2\u26c8 https://t.co/AErYhmb6vo",
            "tweet": "ride of our lives \ud83c\udfa2\u26c8 "
        },
        {
            "date": "2019-04-06 23:36:46+00:00",
            "tweet_raw": "NO CAP https://t.co/52a5p5S9ha https://t.co/lxZrr6GfUP",
            "tweet": "no cap  "
        },
        {
            "date": "2019-12-03 00:46:18+00:00",
            "tweet_raw": "who drew the first santa clause ??",
            "tweet": "who drew the first santa clause ??"
        },
        {
            "date": "2020-10-07 23:35:01+00:00",
            "tweet_raw": "My mom always wanted me to go here.!!!! So I got u bro !!! Just lock in and come out of there ready to change the world. https://t.co/VwWwr0SswO",
            "tweet": "my mom always wanted me to go here.!!!! so i got u bro !!! just lock in and come out of there ready to change the world. "
        },
        {
            "date": "2019-06-10 09:22:35+00:00",
            "tweet_raw": "ACROSS THE POND !! THE O2 ON SALE FRIDAY https://t.co/Blr9haJaUN https://t.co/arefasfE1O",
            "tweet": "across the pond !! the o2 on sale friday  "
        },
        {
            "date": "2020-10-27 05:06:01+00:00",
            "tweet_raw": "In need of a thrilll .?????",
            "tweet": "in need of a thrilll .?????"
        },
        {
            "date": "2021-03-19 02:25:03+00:00",
            "tweet_raw": "Make sure u give her the biggest hug https://t.co/9Gq60lPurY",
            "tweet": "make sure u give her the biggest hug "
        },
        {
            "date": "2020-04-03 06:22:51+00:00",
            "tweet_raw": ":{} https://t.co/v8zCfxsBYj",
            "tweet": ":{} "
        },
        {
            "date": "2020-08-22 04:31:40+00:00",
            "tweet_raw": "\ud83c\udfa5\ud83c\udfa5\nhttps://t.co/kzRMVX8QzX",
            "tweet": "\ud83c\udfa5\ud83c\udfa5\n"
        },
        {
            "date": "2018-12-01 19:45:40+00:00",
            "tweet_raw": "Somewhere in brown.",
            "tweet": "somewhere in brown."
        },
        {
            "date": "2018-12-03 18:54:12+00:00",
            "tweet_raw": "U know it blood gang shit. https://t.co/W1lN6X3KFL",
            "tweet": "u know it blood gang shit. "
        },
        {
            "date": "2019-05-23 22:49:48+00:00",
            "tweet_raw": "SLATTTT \ud83d\udc0d\ud83c\udf35\ud83d\udd77 https://t.co/6h2EJzdsB3",
            "tweet": "slatttt \ud83d\udc0d\ud83c\udf35\ud83d\udd77 "
        },
        {
            "date": "2020-03-27 23:01:02+00:00",
            "tweet_raw": "TURKS\n\nhttps://t.co/1LixPCsvCv https://t.co/E8aXb7WpF1",
            "tweet": "turks\n\n "
        },
        {
            "date": "2021-07-28 20:30:08+00:00",
            "tweet_raw": "Hmmmmm.....",
            "tweet": "hmmmmm....."
        },
        {
            "date": "2019-02-25 19:42:53+00:00",
            "tweet_raw": "New Set Out Now \n\ud83d\udd25\ud83d\udd25\ud83d\udd25\ud83d\udd25\ud83d\udd25 https://t.co/uvMFu6N6g0",
            "tweet": "new set out now \n\ud83d\udd25\ud83d\udd25\ud83d\udd25\ud83d\udd25\ud83d\udd25 "
        },
        {
            "date": "2020-03-21 00:32:15+00:00",
            "tweet_raw": "Out west west https://t.co/8ZTS26HGXR https://t.co/d8WsPFSvCG",
            "tweet": "out west west  "
        },
        {
            "date": "2019-10-04 05:01:48+00:00",
            "tweet_raw": "DONT SLEEP ALL WEEK https://t.co/OienOPZhTC",
            "tweet": "dont sleep all week "
        },
        {
            "date": "2018-12-15 01:41:34+00:00",
            "tweet_raw": "Mudboy out in la tonight",
            "tweet": "mudboy out in la tonight"
        },
        {
            "date": "2019-01-18 00:20:56+00:00",
            "tweet_raw": "NEW @jamesblake TONIGHT !! MILE HIGH \u2708\ufe0f\ud83e\udd76\u2708\ufe0f https://t.co/0mnOPWnZSW",
            "tweet": "new  tonight !! mile high \u2708\ufe0f\ud83e\udd76\u2708\ufe0f "
        },
        {
            "date": "2020-04-12 15:43:36+00:00",
            "tweet_raw": "Happy Easter Gang",
            "tweet": "happy easter gang"
        },
        {
            "date": "2021-06-04 17:42:35+00:00",
            "tweet_raw": "Im hungry as fuck",
            "tweet": "im hungry as fuck"
        },
        {
            "date": "2020-09-24 19:21:27+00:00",
            "tweet_raw": "9pm west coast time have them speakkkkkeeerrssss readyyyyy \nFranchissssseeee!!!!",
            "tweet": "9pm west coast time have them speakkkkkeeerrssss readyyyyy \nfranchissssseeee!!!!"
        },
        {
            "date": "2019-04-06 23:36:46+00:00",
            "tweet_raw": "NO CAP https://t.co/52a5p5S9ha https://t.co/lxZrr6GfUP",
            "tweet": "no cap  "
        },
        {
            "date": "2021-03-20 19:58:58+00:00",
            "tweet_raw": "Y\u2019all pull up on the OG https://t.co/ItlmVciPCf",
            "tweet": "y\u2019all pull up on the og "
        },
        {
            "date": "2019-12-03 21:11:10+00:00",
            "tweet_raw": "Disney + naw y\u2019all didn\u2019t have to go so hard!! \ud83e\udd2fbruh.",
            "tweet": "disney + naw y\u2019all didn\u2019t have to go so hard!! \ud83e\udd2fbruh."
        },
        {
            "date": "2019-11-16 05:14:29+00:00",
            "tweet_raw": "I NEED 2 PURR https://t.co/skVBoq0Fck https://t.co/31pSxNeiHr",
            "tweet": "i need 2 purr  "
        },
        {
            "date": "2019-12-03 18:15:48+00:00",
            "tweet_raw": "Never let fear obstruct your vision",
            "tweet": "never let fear obstruct your vision"
        },
        {
            "date": "2018-12-03 18:56:03+00:00",
            "tweet_raw": "@ArianaGrande that vid is amazing",
            "tweet": " that vid is amazing"
        },
        {
            "date": "2018-11-29 23:14:52+00:00",
            "tweet_raw": "SICKO PACK !! READYMADE X CACTUS JACK COLLAB !!  BARF BAGS  ... VERY LIMITED \ud83e\udd2e\ud83e\udd2e\ud83e\udd2ehttps://t.co/AJ4e7OqsBS https://t.co/P7XeyLYDcR",
            "tweet": "sicko pack !! readymade x cactus jack collab !!  barf bags  ... very limited \ud83e\udd2e\ud83e\udd2e\ud83e\udd2e "
        },
        {
            "date": "2020-04-17 21:09:21+00:00",
            "tweet_raw": "Locked in mentality wins championships.",
            "tweet": "locked in mentality wins championships."
        },
        {
            "date": "2018-12-03 17:52:24+00:00",
            "tweet_raw": "Im applying to Harvard \n In a couple days. And I really  am excited.  !",
            "tweet": "im applying to harvard \n in a couple days. and i really  am excited.  !"
        },
        {
            "date": "2018-12-01 23:26:08+00:00",
            "tweet_raw": "Loyalty hard to come by hold on to it tight.",
            "tweet": "loyalty hard to come by hold on to it tight."
        },
        {
            "date": "2019-01-18 00:20:56+00:00",
            "tweet_raw": "NEW @jamesblake TONIGHT !! MILE HIGH \u2708\ufe0f\ud83e\udd76\u2708\ufe0f https://t.co/0mnOPWnZSW",
            "tweet": "new  tonight !! mile high \u2708\ufe0f\ud83e\udd76\u2708\ufe0f "
        },
        {
            "date": "2018-11-29 00:38:42+00:00",
            "tweet_raw": "@Skrillex U SNAPPED \ud83e\udd2f\ud83e\udd2f\ud83e\udd2fhttps://t.co/vUaegbNX1c",
            "tweet": " u snapped \ud83e\udd2f\ud83e\udd2f\ud83e\udd2f"
        }
    ],
    "len": 100
}